module	type	key	value	encodedValue	source	line
com.xiaoji.egggame.app.resources	string	app_pc_engine_bundled_plugin_toast_installed	内置插件覆盖安装: 插件安装完成	5YaF572u5o+S5Lu26KaG55uW5a6J6KOFOiDmj5Lku7blronoo4XlrozmiJA=	com.xiaoji.egggame.app.resources/values-zh-rCN/strings.commonMain.cvr	2
com.xiaoji.egggame.app.resources	string	app_pc_engine_bundled_plugin_toast_synced	内置插件覆盖安装: 内置 assets 插件已同步	5YaF572u5o+S5Lu26KaG55uW5a6J6KOFOiDlhoXnva4gYXNzZXRzIOaPkuS7tuW3suWQjOatpQ==	com.xiaoji.egggame.app.resources/values-zh-rCN/strings.commonMain.cvr	3
com.xiaoji.egggame.app.resources	string	app_pc_engine_plugin_progress_message	正在下载安装必要组件 %1$d/%2$d	5q2j5Zyo5LiL6L295a6J6KOF5b+F6KaB57uE5Lu2ICUxJGQvJTIkZA==	com.xiaoji.egggame.app.resources/values-zh-rCN/strings.commonMain.cvr	4
com.xiaoji.egggame.cardsystem	string	card_system_cloud_team_create_room	创建房间	5Yib5bu65oi/6Ze0	com.xiaoji.egggame.cardsystem/values-zh-rCN/strings.commonMain.cvr	2
com.xiaoji.egggame.cardsystem	string	card_system_cloud_team_quick_join	快速加入	5b+r6YCf5Yqg5YWl	com.xiaoji.egggame.cardsystem/values-zh-rCN/strings.commonMain.cvr	3
com.xiaoji.egggame.cardsystem	string	card_system_home_all_games	全部游戏	5YWo6YOo5ri45oiP	com.xiaoji.egggame.cardsystem/values-zh-rCN/strings.commonMain.cvr	4
com.xiaoji.egggame.cardsystem	string	card_system_home_down	下载	5LiL6L29	com.xiaoji.egggame.cardsystem/values-zh-rCN/strings.commonMain.cvr	5
com.xiaoji.egggame.cardsystem	string	card_system_home_instant_play	秒玩	56eS546p	com.xiaoji.egggame.cardsystem/values-zh-rCN/strings.commonMain.cvr	6
com.xiaoji.egggame.cardsystem	string	card_system_home_leaderboard_type_instant	秒玩榜	56eS546p5qac	com.xiaoji.egggame.cardsystem/values-zh-rCN/strings.commonMain.cvr	7
com.xiaoji.egggame.cardsystem	string	card_system_home_leaderboard_type_soaring	飙升榜	6aOZ5Y2H5qac	com.xiaoji.egggame.cardsystem/values-zh-rCN/strings.commonMain.cvr	8
com.xiaoji.egggame.cardsystem	string	card_system_home_more	更多	5pu05aSa	com.xiaoji.egggame.cardsystem/values-zh-rCN/strings.commonMain.cvr	9
com.xiaoji.egggame.cardsystem	string	card_system_home_play	启动	5ZCv5Yqo	com.xiaoji.egggame.cardsystem/values-zh-rCN/strings.commonMain.cvr	10
com.xiaoji.egggame.cardsystem	string	card_system_home_score	评分	6K+E5YiG	com.xiaoji.egggame.cardsystem/values-zh-rCN/strings.commonMain.cvr	11
com.xiaoji.egggame.cardsystem	string	card_system_leaderboard_type_hot	热门榜	54Ot6Zeo5qac	com.xiaoji.egggame.cardsystem/values-zh-rCN/strings.commonMain.cvr	12
com.xiaoji.egggame.cardsystem	string	card_system_news_time_days_ago	%1$d天前	JTEkZOWkqeWJjQ==	com.xiaoji.egggame.cardsystem/values-zh-rCN/strings.commonMain.cvr	13
com.xiaoji.egggame.cardsystem	string	card_system_news_time_hours_ago	%1$d小时前	JTEkZOWwj+aXtuWJjQ==	com.xiaoji.egggame.cardsystem/values-zh-rCN/strings.commonMain.cvr	14
com.xiaoji.egggame.cardsystem	string	card_system_news_time_just_now	刚刚	5Yia5Yia	com.xiaoji.egggame.cardsystem/values-zh-rCN/strings.commonMain.cvr	15
com.xiaoji.egggame.cardsystem	string	card_system_news_time_minutes_ago	%1$d分钟前	JTEkZOWIhumSn+WJjQ==	com.xiaoji.egggame.cardsystem/values-zh-rCN/strings.commonMain.cvr	16
com.xiaoji.egggame.cardsystem	string	card_system_price_free	免费	5YWN6LS5	com.xiaoji.egggame.cardsystem/values-zh-rCN/strings.commonMain.cvr	17
com.xiaoji.egggame.cardsystem	string	card_system_price_historical_low	史低	5Y+y5L2O	com.xiaoji.egggame.cardsystem/values-zh-rCN/strings.commonMain.cvr	18
com.xiaoji.egggame.cardsystem	string	card_system_price_launch	首发	6aaW5Y+R	com.xiaoji.egggame.cardsystem/values-zh-rCN/strings.commonMain.cvr	19
com.xiaoji.egggame.cardsystem	string	card_system_price_special_offer	特惠	54m55oOg	com.xiaoji.egggame.cardsystem/values-zh-rCN/strings.commonMain.cvr	20
com.xiaoji.egggame.cardsystem	string	card_system_team_lobby_create_room	创建房间	5Yib5bu65oi/6Ze0	com.xiaoji.egggame.cardsystem/values-zh-rCN/strings.commonMain.cvr	21
com.xiaoji.egggame.cardsystem	string	card_system_team_lobby_enter	进入	6L+b5YWl	com.xiaoji.egggame.cardsystem/values-zh-rCN/strings.commonMain.cvr	22
com.xiaoji.egggame.cardsystem	string	card_system_team_lobby_join	加入	5Yqg5YWl	com.xiaoji.egggame.cardsystem/values-zh-rCN/strings.commonMain.cvr	23
com.xiaoji.egggame.cardsystem	string	card_system_team_lobby_owner_me	%1$s（我）	JTEkc++8iOaIke+8iQ==	com.xiaoji.egggame.cardsystem/values-zh-rCN/strings.commonMain.cvr	24
com.xiaoji.egggame.cardsystem	string	card_system_team_lobby_players_count	%1$d人	JTEkZOS6ug==	com.xiaoji.egggame.cardsystem/values-zh-rCN/strings.commonMain.cvr	25
com.xiaoji.egggame.cardsystem	string	card_system_team_lobby_players_range	%1$d-%2$d人	JTEkZC0lMiRk5Lq6	com.xiaoji.egggame.cardsystem/values-zh-rCN/strings.commonMain.cvr	26
com.xiaoji.egggame.cardsystem	string	card_system_team_lobby_private_info	私密房间·%1$d/%2$d人	56eB5a+G5oi/6Ze0wrclMSRkLyUyJGTkuro=	com.xiaoji.egggame.cardsystem/values-zh-rCN/strings.commonMain.cvr	27
com.xiaoji.egggame.cardsystem	string	card_system_team_lobby_public_info	公开房间·%1$d/%2$d人	5YWs5byA5oi/6Ze0wrclMSRkLyUyJGTkuro=	com.xiaoji.egggame.cardsystem/values-zh-rCN/strings.commonMain.cvr	28
com.xiaoji.egggame.cardsystem	string	card_system_team_lobby_quick_join	快速加入	5b+r6YCf5Yqg5YWl	com.xiaoji.egggame.cardsystem/values-zh-rCN/strings.commonMain.cvr	29
com.xiaoji.egggame.cardsystem	string	card_system_team_lobby_room_id	房间ID: %1$s	5oi/6Ze0SUQ6ICUxJHM=	com.xiaoji.egggame.cardsystem/values-zh-rCN/strings.commonMain.cvr	30
com.xiaoji.egggame.cardsystem	string	card_system_team_lobby_rooms_count	房间：%1$d	5oi/6Ze077yaJTEkZA==	com.xiaoji.egggame.cardsystem/values-zh-rCN/strings.commonMain.cvr	31
com.xiaoji.egggame.cardsystem	string	card_system_team_lobby_status_full	已满员	5bey5ruh5ZGY	com.xiaoji.egggame.cardsystem/values-zh-rCN/strings.commonMain.cvr	32
com.xiaoji.egggame.cardsystem	string	card_system_team_lobby_status_playing	游戏中	5ri45oiP5Lit	com.xiaoji.egggame.cardsystem/values-zh-rCN/strings.commonMain.cvr	33
com.xiaoji.egggame.cardsystem	string	card_system_team_lobby_status_waiting	等待中	562J5b6F5Lit	com.xiaoji.egggame.cardsystem/values-zh-rCN/strings.commonMain.cvr	34
com.xiaoji.egggame.cardsystem	string	card_system_today_recommendation	今日推荐	5LuK5pel5o6o6I2Q	com.xiaoji.egggame.cardsystem/values-zh-rCN/strings.commonMain.cvr	35
com.xiaoji.egggame.cardsystem	string	player_rating	玩家评价	546p5a626K+E5Lu3	com.xiaoji.egggame.cardsystem/values-zh-rCN/strings.commonMain.cvr	36
com.xiaoji.egggame.common.download	string	download_time_format_hours_minutes	%1$d小时%2$d分钟	JTEkZOWwj+aXtiUyJGTliIbpkp8=	com.xiaoji.egggame.common.download/values-zh-rCN/strings.commonMain.cvr	2
com.xiaoji.egggame.common.download	string	download_time_format_hours	%1$d小时	JTEkZOWwj+aXtg==	com.xiaoji.egggame.common.download/values-zh-rCN/strings.commonMain.cvr	3
com.xiaoji.egggame.common.download	string	download_time_format_minutes	%1$d分钟	JTEkZOWIhumSnw==	com.xiaoji.egggame.common.download/values-zh-rCN/strings.commonMain.cvr	4
com.xiaoji.egggame.common.game	string	common_game_action_buy_game	购买游戏	6LSt5Lmw5ri45oiP	com.xiaoji.egggame.common.game/values-zh-rCN/strings.commonMain.cvr	2
com.xiaoji.egggame.common.game	string	common_game_action_buy_now	立即购买	56uL5Y2z6LSt5Lmw	com.xiaoji.egggame.common.game/values-zh-rCN/strings.commonMain.cvr	3
com.xiaoji.egggame.common.game	string	common_game_action_content_unavailable	内容不可用	5YaF5a655LiN5Y+v55So	com.xiaoji.egggame.common.game/values-zh-rCN/strings.commonMain.cvr	4
com.xiaoji.egggame.common.game	string	common_game_action_downloading_config	获取清单中	6I635Y+W5riF5Y2V5Lit	com.xiaoji.egggame.common.game/values-zh-rCN/strings.commonMain.cvr	5
com.xiaoji.egggame.common.game	string	common_game_action_downloading	下载中	5LiL6L295Lit	com.xiaoji.egggame.common.game/values-zh-rCN/strings.commonMain.cvr	6
com.xiaoji.egggame.common.game	string	common_game_action_download	下载	5LiL6L29	com.xiaoji.egggame.common.game/values-zh-rCN/strings.commonMain.cvr	7
com.xiaoji.egggame.common.game	string	common_game_action_get_game	获取游戏	6I635Y+W5ri45oiP	com.xiaoji.egggame.common.game/values-zh-rCN/strings.commonMain.cvr	8
com.xiaoji.egggame.common.game	string	common_game_action_insert_library_failed	入库失败	5YWl5bqT5aSx6LSl	com.xiaoji.egggame.common.game/values-zh-rCN/strings.commonMain.cvr	9
com.xiaoji.egggame.common.game	string	common_game_action_installing_progress	安装中%1$d%...	5a6J6KOF5LitJTEkZCUuLi4=	com.xiaoji.egggame.common.game/values-zh-rCN/strings.commonMain.cvr	10
com.xiaoji.egggame.common.game	string	common_game_action_installing	安装中	5a6J6KOF5Lit	com.xiaoji.egggame.common.game/values-zh-rCN/strings.commonMain.cvr	11
com.xiaoji.egggame.common.game	string	common_game_action_instant_play	秒玩	56eS546p	com.xiaoji.egggame.common.game/values-zh-rCN/strings.commonMain.cvr	12
com.xiaoji.egggame.common.game	string	common_game_action_launch_game	立即游戏	56uL5Y2z5ri45oiP	com.xiaoji.egggame.common.game/values-zh-rCN/strings.commonMain.cvr	13
com.xiaoji.egggame.common.game	string	common_game_action_login_epic	登录Epic	55m75b2VRXBpYw==	com.xiaoji.egggame.common.game/values-zh-rCN/strings.commonMain.cvr	14
com.xiaoji.egggame.common.game	string	common_game_action_login_steam	登录Steam	55m75b2VU3RlYW0=	com.xiaoji.egggame.common.game/values-zh-rCN/strings.commonMain.cvr	15
com.xiaoji.egggame.common.game	string	common_game_action_login	登录	55m75b2V	com.xiaoji.egggame.common.game/values-zh-rCN/strings.commonMain.cvr	16
com.xiaoji.egggame.common.game	string	common_game_action_one_click_import	一键入库	5LiA6ZSu5YWl5bqT	com.xiaoji.egggame.common.game/values-zh-rCN/strings.commonMain.cvr	17
com.xiaoji.egggame.common.game	string	common_game_action_pause_download_failed	暂停下载失败	5pqC5YGc5LiL6L295aSx6LSl	com.xiaoji.egggame.common.game/values-zh-rCN/strings.commonMain.cvr	18
com.xiaoji.egggame.common.game	string	common_game_action_paused_progress	已暂停%1$d%	5bey5pqC5YGcJTEkZCU=	com.xiaoji.egggame.common.game/values-zh-rCN/strings.commonMain.cvr	19
com.xiaoji.egggame.common.game	string	common_game_action_paused	已暂停	5bey5pqC5YGc	com.xiaoji.egggame.common.game/values-zh-rCN/strings.commonMain.cvr	20
com.xiaoji.egggame.common.game	string	common_game_action_pausing	暂停中	5pqC5YGc5Lit	com.xiaoji.egggame.common.game/values-zh-rCN/strings.commonMain.cvr	21
com.xiaoji.egggame.common.game	string	common_game_action_pending_download	等待下载	562J5b6F5LiL6L29	com.xiaoji.egggame.common.game/values-zh-rCN/strings.commonMain.cvr	22
com.xiaoji.egggame.common.game	string	common_game_action_platform_purchase	发售平台：%1$s	5Y+R5ZSu5bmz5Y+w77yaJTEkcw==	com.xiaoji.egggame.common.game/values-zh-rCN/strings.commonMain.cvr	23
com.xiaoji.egggame.common.game	string	common_game_action_require_login	需要登录	6ZyA6KaB55m75b2V	com.xiaoji.egggame.common.game/values-zh-rCN/strings.commonMain.cvr	24
com.xiaoji.egggame.common.game	string	common_game_action_resume_download_failed	恢复下载失败	5oGi5aSN5LiL6L295aSx6LSl	com.xiaoji.egggame.common.game/values-zh-rCN/strings.commonMain.cvr	25
com.xiaoji.egggame.common.game	string	common_game_action_resume_download	继续下载	57un57ut5LiL6L29	com.xiaoji.egggame.common.game/values-zh-rCN/strings.commonMain.cvr	26
com.xiaoji.egggame.common.game	string	common_game_action_resuming	恢复中	5oGi5aSN5Lit	com.xiaoji.egggame.common.game/values-zh-rCN/strings.commonMain.cvr	27
com.xiaoji.egggame.common.game	string	common_game_action_retry_download	重试下载	6YeN6K+V5LiL6L29	com.xiaoji.egggame.common.game/values-zh-rCN/strings.commonMain.cvr	28
com.xiaoji.egggame.common.game	string	common_game_action_start_download	开始下载	5byA5aeL5LiL6L29	com.xiaoji.egggame.common.game/values-zh-rCN/strings.commonMain.cvr	29
com.xiaoji.egggame.common.game	string	common_game_action_start_install	开始安装	5byA5aeL5a6J6KOF	com.xiaoji.egggame.common.game/values-zh-rCN/strings.commonMain.cvr	30
com.xiaoji.egggame.common.game	string	common_game_action_start_unzip	开始解压	5byA5aeL6Kej5Y6L	com.xiaoji.egggame.common.game/values-zh-rCN/strings.commonMain.cvr	31
com.xiaoji.egggame.common.game	string	common_game_action_steam_library_loading	加载中	5Yqg6L295Lit	com.xiaoji.egggame.common.game/values-zh-rCN/strings.commonMain.cvr	32
com.xiaoji.egggame.common.game	string	common_game_action_unsupported_download	暂不支持下载	5pqC5LiN5pSv5oyB5LiL6L29	com.xiaoji.egggame.common.game/values-zh-rCN/strings.commonMain.cvr	33
com.xiaoji.egggame.common.game	string	common_game_action_unzipping_progress	解压中%1$d%...	6Kej5Y6L5LitJTEkZCUuLi4=	com.xiaoji.egggame.common.game/values-zh-rCN/strings.commonMain.cvr	34
com.xiaoji.egggame.common.game	string	common_game_action_unzipping	解压中	6Kej5Y6L5Lit	com.xiaoji.egggame.common.game/values-zh-rCN/strings.commonMain.cvr	35
com.xiaoji.egggame.common.game	string	common_game_action_update_now	立即更新	56uL5Y2z5pu05paw	com.xiaoji.egggame.common.game/values-zh-rCN/strings.commonMain.cvr	36
com.xiaoji.egggame.common.game	string	common_game_action_verified	校验完成	5qCh6aqM5a6M5oiQ	com.xiaoji.egggame.common.game/values-zh-rCN/strings.commonMain.cvr	37
com.xiaoji.egggame.common.game	string	common_game_action_verifying_progress	校验中%1$d%...	5qCh6aqM5LitJTEkZCUuLi4=	com.xiaoji.egggame.common.game/values-zh-rCN/strings.commonMain.cvr	38
com.xiaoji.egggame.common.game	string	common_game_action_verifying	校验中	5qCh6aqM5Lit	com.xiaoji.egggame.common.game/values-zh-rCN/strings.commonMain.cvr	39
com.xiaoji.egggame.common.game	string	common_game_action_waiting	等待中	562J5b6F5Lit	com.xiaoji.egggame.common.game/values-zh-rCN/strings.commonMain.cvr	40
com.xiaoji.egggame.common.game	string	common_game_added_to_library	%1$s已加入游戏库	JTEkc+W3suWKoOWFpea4uOaIj+W6kw==	com.xiaoji.egggame.common.game/values-zh-rCN/strings.commonMain.cvr	41
com.xiaoji.egggame.common.game	string	common_game_anti_addiction_btn_back	返回	6L+U5Zue	com.xiaoji.egggame.common.game/values-zh-rCN/strings.commonMain.cvr	42
com.xiaoji.egggame.common.game	string	common_game_anti_addiction_btn_certify_now	立即认证	56uL5Y2z6K6k6K+B	com.xiaoji.egggame.common.game/values-zh-rCN/strings.commonMain.cvr	43
com.xiaoji.egggame.common.game	string	common_game_anti_addiction_btn_logout_account	退出账号	6YCA5Ye66LSm5Y+3	com.xiaoji.egggame.common.game/values-zh-rCN/strings.commonMain.cvr	44
com.xiaoji.egggame.common.game	string	common_game_anti_addiction_btn_recertify	重新认证	6YeN5paw6K6k6K+B	com.xiaoji.egggame.common.game/values-zh-rCN/strings.commonMain.cvr	45
com.xiaoji.egggame.common.game	string	common_game_anti_addiction_realname_error_format_id	请输入正确的身份证号码	6K+36L6T5YWl5q2j56Gu55qE6Lqr5Lu96K+B5Y+356CB	com.xiaoji.egggame.common.game/values-zh-rCN/strings.commonMain.cvr	46
com.xiaoji.egggame.common.game	string	common_game_anti_addiction_realname_error_invalid	实名信息无法通过验证，请核实后重新填写	5a6e5ZCN5L+h5oGv5peg5rOV6YCa6L+H6aqM6K+B77yM6K+35qC45a6e5ZCO6YeN5paw5aGr5YaZ	com.xiaoji.egggame.common.game/values-zh-rCN/strings.commonMain.cvr	47
com.xiaoji.egggame.common.game	string	common_game_anti_addiction_realname_error_length_id	身份证号需为18位	6Lqr5Lu96K+B5Y+36ZyA5Li6MTjkvY0=	com.xiaoji.egggame.common.game/values-zh-rCN/strings.commonMain.cvr	48
com.xiaoji.egggame.common.game	string	common_game_anti_addiction_realname_error_length_name	姓名需为2-20个中文字符	5aeT5ZCN6ZyA5Li6Mi0yMOS4quS4reaWh+Wtl+espg==	com.xiaoji.egggame.common.game/values-zh-rCN/strings.commonMain.cvr	49
com.xiaoji.egggame.common.game	string	common_game_anti_addiction_realname_error_required_id	请输入您的身份证号	6K+36L6T5YWl5oKo55qE6Lqr5Lu96K+B5Y+3	com.xiaoji.egggame.common.game/values-zh-rCN/strings.commonMain.cvr	50
com.xiaoji.egggame.common.game	string	common_game_anti_addiction_realname_error_required_name	请输入您的真实姓名	6K+36L6T5YWl5oKo55qE55yf5a6e5aeT5ZCN	com.xiaoji.egggame.common.game/values-zh-rCN/strings.commonMain.cvr	51
com.xiaoji.egggame.common.game	string	common_game_anti_addiction_realname_error_submit	认证服务暂时不可用，请稍后重试	6K6k6K+B5pyN5Yqh5pqC5pe25LiN5Y+v55So77yM6K+356iN5ZCO6YeN6K+V	com.xiaoji.egggame.common.game/values-zh-rCN/strings.commonMain.cvr	52
com.xiaoji.egggame.common.game	string	common_game_anti_addiction_realname_hint	因接入防沉迷系统，未成年玩家将受游戏时长和充值限制。如您为港澳台用户/国外身份证件，	5Zug5o6l5YWl6Ziy5rKJ6L+357O757uf77yM5pyq5oiQ5bm0546p5a625bCG5Y+X5ri45oiP5pe26ZW/5ZKM5YWF5YC86ZmQ5Yi244CC5aaC5oKo5Li65riv5r6z5Y+w55So5oi3L+WbveWklui6q+S7veivgeS7tu+8jA==	com.xiaoji.egggame.common.game/values-zh-rCN/strings.commonMain.cvr	53
com.xiaoji.egggame.common.game	string	common_game_anti_addiction_realname_id_label	证件	6K+B5Lu2	com.xiaoji.egggame.common.game/values-zh-rCN/strings.commonMain.cvr	54
com.xiaoji.egggame.common.game	string	common_game_anti_addiction_realname_id_placeholder	请输入身份证号码	6K+36L6T5YWl6Lqr5Lu96K+B5Y+356CB	com.xiaoji.egggame.common.game/values-zh-rCN/strings.commonMain.cvr	55
com.xiaoji.egggame.common.game	string	common_game_anti_addiction_realname_name_label	姓名	5aeT5ZCN	com.xiaoji.egggame.common.game/values-zh-rCN/strings.commonMain.cvr	56
com.xiaoji.egggame.common.game	string	common_game_anti_addiction_realname_name_placeholder	请输入你的真实姓名	6K+36L6T5YWl5L2g55qE55yf5a6e5aeT5ZCN	com.xiaoji.egggame.common.game/values-zh-rCN/strings.commonMain.cvr	57
com.xiaoji.egggame.common.game	string	common_game_anti_addiction_realname_notice	根据国家新闻出版署《关于防止未成年人沉迷网络游戏的通知》规定，使用云游戏服务前需完成实名认证。	5qC55o2u5Zu95a625paw6Ze75Ye654mI572y44CK5YWz5LqO6Ziy5q2i5pyq5oiQ5bm05Lq65rKJ6L+3572R57uc5ri45oiP55qE6YCa55+l44CL6KeE5a6a77yM5L2/55So5LqR5ri45oiP5pyN5Yqh5YmN6ZyA5a6M5oiQ5a6e5ZCN6K6k6K+B44CC	com.xiaoji.egggame.common.game/values-zh-rCN/strings.commonMain.cvr	58
com.xiaoji.egggame.common.game	string	common_game_anti_addiction_realname_qq_link	如有问题可联系官网QQ ＞	5aaC5pyJ6Zeu6aKY5Y+v6IGU57O75a6Y572RUVEg77ye	com.xiaoji.egggame.common.game/values-zh-rCN/strings.commonMain.cvr	59
com.xiaoji.egggame.common.game	string	common_game_anti_addiction_realname_qq_url	https://qm.qq.com/q/p9Dz3DflII	aHR0cHM6Ly9xbS5xcS5jb20vcS9wOUR6M0RmbElJ	com.xiaoji.egggame.common.game/values-zh-rCN/strings.commonMain.cvr	60
com.xiaoji.egggame.common.game	string	common_game_anti_addiction_realname_submit	提交认证	5o+Q5Lqk6K6k6K+B	com.xiaoji.egggame.common.game/values-zh-rCN/strings.commonMain.cvr	61
com.xiaoji.egggame.common.game	string	common_game_dialog_cancel	取消	5Y+W5raI	com.xiaoji.egggame.common.game/values-zh-rCN/strings.commonMain.cvr	62
com.xiaoji.egggame.common.game	string	common_game_dialog_confirm_download	确认下载	56Gu6K6k5LiL6L29	com.xiaoji.egggame.common.game/values-zh-rCN/strings.commonMain.cvr	63
com.xiaoji.egggame.common.game	string	common_game_dialog_download_confirm_title	下载确认	5LiL6L2956Gu6K6k	com.xiaoji.egggame.common.game/values-zh-rCN/strings.commonMain.cvr	64
com.xiaoji.egggame.common.game	string	common_game_dialog_download_message	下载 %1$s%2$s	5LiL6L29ICUxJHMlMiRz	com.xiaoji.egggame.common.game/values-zh-rCN/strings.commonMain.cvr	65
com.xiaoji.egggame.common.game	string	common_game_dialog_download_size_bytes	（%1$s bytes）	77yIJTEkcyBieXRlc++8iQ==	com.xiaoji.egggame.common.game/values-zh-rCN/strings.commonMain.cvr	66
com.xiaoji.egggame.common.game	string	common_game_dialog_kick_session_confirm	停止并启动	5YGc5q2i5bm25ZCv5Yqo	com.xiaoji.egggame.common.game/values-zh-rCN/strings.commonMain.cvr	67
com.xiaoji.egggame.common.game	string	common_game_dialog_kick_session_message_generic	你的 Steam 账号正在另一台设备上玩游戏。开始本机游戏前需要先停止那边。	5L2g55qEIFN0ZWFtIOi0puWPt+ato+WcqOWPpuS4gOWPsOiuvuWkh+S4iueOqea4uOaIj+OAguW8gOWni+acrOacuua4uOaIj+WJjemcgOimgeWFiOWBnOatoumCo+i+ueOAgg==	com.xiaoji.egggame.common.game/values-zh-rCN/strings.commonMain.cvr	68
com.xiaoji.egggame.common.game	string	common_game_dialog_kick_session_message_with_app	你的 Steam 账号正在另一台设备上玩 %1$s。开始本机游戏前需要先停止那边。	5L2g55qEIFN0ZWFtIOi0puWPt+ato+WcqOWPpuS4gOWPsOiuvuWkh+S4iueOqSAlMSRz44CC5byA5aeL5pys5py65ri45oiP5YmN6ZyA6KaB5YWI5YGc5q2i6YKj6L6544CC	com.xiaoji.egggame.common.game/values-zh-rCN/strings.commonMain.cvr	69
com.xiaoji.egggame.common.game	string	common_game_dialog_kick_session_title	账号正在别处玩游戏	6LSm5Y+35q2j5Zyo5Yir5aSE546p5ri45oiP	com.xiaoji.egggame.common.game/values-zh-rCN/strings.commonMain.cvr	70
com.xiaoji.egggame.common.game	string	common_game_dialog_launch_method_item	启动方式 %1$s	5ZCv5Yqo5pa55byPICUxJHM=	com.xiaoji.egggame.common.game/values-zh-rCN/strings.commonMain.cvr	71
com.xiaoji.egggame.common.game	string	common_game_dialog_select_launch_method	请选择启动方式	6K+36YCJ5oup5ZCv5Yqo5pa55byP	com.xiaoji.egggame.common.game/values-zh-rCN/strings.commonMain.cvr	72
com.xiaoji.egggame.common.game	string	common_game_dialog_select_launch_option	请选择启动选项	6K+36YCJ5oup5ZCv5Yqo6YCJ6aG5	com.xiaoji.egggame.common.game/values-zh-rCN/strings.commonMain.cvr	73
com.xiaoji.egggame.common.game	string	common_game_dialog_steam_license_added	一键入库成功！	5LiA6ZSu5YWl5bqT5oiQ5Yqf77yB	com.xiaoji.egggame.common.game/values-zh-rCN/strings.commonMain.cvr	74
com.xiaoji.egggame.common.game	string	common_game_dialog_steam_purchase_required	需要通过 Steam 购买才能获取游戏，是否前往官网？	6ZyA6KaB6YCa6L+HIFN0ZWFtIOi0reS5sOaJjeiDveiOt+WPlua4uOaIj++8jOaYr+WQpuWJjeW+gOWumOe9ke+8nw==	com.xiaoji.egggame.common.game/values-zh-rCN/strings.commonMain.cvr	75
com.xiaoji.egggame.common.game	string	common_game_dialog_steam_title	Steam	U3RlYW0=	com.xiaoji.egggame.common.game/values-zh-rCN/strings.commonMain.cvr	76
com.xiaoji.egggame.common.game	string	common_game_error_cloud_game_launch_params_missing	云游戏启动参数缺失	5LqR5ri45oiP5ZCv5Yqo5Y+C5pWw57y65aSx	com.xiaoji.egggame.common.game/values-zh-rCN/strings.commonMain.cvr	77
com.xiaoji.egggame.common.game	string	common_game_error_download_task_missing	下载任务未找到	5LiL6L295Lu75Yqh5pyq5om+5Yiw	com.xiaoji.egggame.common.game/values-zh-rCN/strings.commonMain.cvr	78
com.xiaoji.egggame.common.game	string	common_game_error_download_task_not_found	下载任务未找到	5LiL6L295Lu75Yqh5pyq5om+5Yiw	com.xiaoji.egggame.common.game/values-zh-rCN/strings.commonMain.cvr	79
com.xiaoji.egggame.common.game	string	common_game_error_game_not_found	游戏未找到	5ri45oiP5pyq5om+5Yiw	com.xiaoji.egggame.common.game/values-zh-rCN/strings.commonMain.cvr	80
com.xiaoji.egggame.common.game	string	common_game_error_insert_library_failed	入库失败	5YWl5bqT5aSx6LSl	com.xiaoji.egggame.common.game/values-zh-rCN/strings.commonMain.cvr	81
com.xiaoji.egggame.common.game	string	common_game_error_invalid_game_info	无效游戏信息	5peg5pWI5ri45oiP5L+h5oGv	com.xiaoji.egggame.common.game/values-zh-rCN/strings.commonMain.cvr	82
com.xiaoji.egggame.common.game	string	common_game_error_launch_method_missing	启动方式缺失	5ZCv5Yqo5pa55byP57y65aSx	com.xiaoji.egggame.common.game/values-zh-rCN/strings.commonMain.cvr	83
com.xiaoji.egggame.common.game	string	common_game_error_launch_method_not_found	启动方式未找到	5ZCv5Yqo5pa55byP5pyq5om+5Yiw	com.xiaoji.egggame.common.game/values-zh-rCN/strings.commonMain.cvr	84
com.xiaoji.egggame.common.game	string	common_game_error_network_prefix	网络错误: %1$s	572R57uc6ZSZ6K+vOiAlMSRz	com.xiaoji.egggame.common.game/values-zh-rCN/strings.commonMain.cvr	85
com.xiaoji.egggame.common.game	string	common_game_error_permission_denied_local_import	需要文件管理权限才能启动本地导入游戏	6ZyA6KaB5paH5Lu2566h55CG5p2D6ZmQ5omN6IO95ZCv5Yqo5pys5Zyw5a+85YWl5ri45oiP	com.xiaoji.egggame.common.game/values-zh-rCN/strings.commonMain.cvr	86
com.xiaoji.egggame.common.game	string	common_game_error_platform_prefix	平台错误: %1$s	5bmz5Y+w6ZSZ6K+vOiAlMSRz	com.xiaoji.egggame.common.game/values-zh-rCN/strings.commonMain.cvr	87
com.xiaoji.egggame.common.game	string	common_game_error_team_room_launch_blocked	云游戏组队中，请退出房间后再试	5LqR5ri45oiP57uE6Zif5Lit77yM6K+36YCA5Ye65oi/6Ze05ZCO5YaN6K+V	com.xiaoji.egggame.common.game/values-zh-rCN/strings.commonMain.cvr	88
com.xiaoji.egggame.common.game	string	common_game_error_unknown_prefix	未知错误: %1$s	5pyq55+l6ZSZ6K+vOiAlMSRz	com.xiaoji.egggame.common.game/values-zh-rCN/strings.commonMain.cvr	89
com.xiaoji.egggame.common.game	string	common_game_error_unknown	未知错误	5pyq55+l6ZSZ6K+v	com.xiaoji.egggame.common.game/values-zh-rCN/strings.commonMain.cvr	90
com.xiaoji.egggame.common.game	string	common_game_error_unsupported_game_download	暂不支持该游戏下载	5pqC5LiN5pSv5oyB6K+l5ri45oiP5LiL6L29	com.xiaoji.egggame.common.game/values-zh-rCN/strings.commonMain.cvr	91
com.xiaoji.egggame.common.game	string	common_game_error_unsupported_game_type	不支持的游戏类型	5LiN5pSv5oyB55qE5ri45oiP57G75Z6L	com.xiaoji.egggame.common.game/values-zh-rCN/strings.commonMain.cvr	92
com.xiaoji.egggame.common.game	string	common_game_legacy_sync_keep_app_open	请勿退出应用，避免同步中断。	6K+35Yu/6YCA5Ye65bqU55So77yM6YG/5YWN5ZCM5q2l5Lit5pat44CC	com.xiaoji.egggame.common.game/values-zh-rCN/strings.commonMain.cvr	93
com.xiaoji.egggame.common.game	string	common_game_legacy_sync_running_progress	游戏数据同步中 %1$d/%2$d	5ri45oiP5pWw5o2u5ZCM5q2l5LitICUxJGQvJTIkZA==	com.xiaoji.egggame.common.game/values-zh-rCN/strings.commonMain.cvr	94
com.xiaoji.egggame.common.game	string	common_game_legacy_sync_status_failed	历史游戏数据同步失败，将在下次启动时重试	5Y6G5Y+y5ri45oiP5pWw5o2u5ZCM5q2l5aSx6LSl77yM5bCG5Zyo5LiL5qyh5ZCv5Yqo5pe26YeN6K+V	com.xiaoji.egggame.common.game/values-zh-rCN/strings.commonMain.cvr	95
com.xiaoji.egggame.common.game	string	common_game_legacy_sync_status_not_required	Apple 平台无需同步历史游戏数据	QXBwbGUg5bmz5Y+w5peg6ZyA5ZCM5q2l5Y6G5Y+y5ri45oiP5pWw5o2u	com.xiaoji.egggame.common.game/values-zh-rCN/strings.commonMain.cvr	96
com.xiaoji.egggame.common.game	string	common_game_legacy_sync_status_running	正在同步历史游戏数据	5q2j5Zyo5ZCM5q2l5Y6G5Y+y5ri45oiP5pWw5o2u	com.xiaoji.egggame.common.game/values-zh-rCN/strings.commonMain.cvr	97
com.xiaoji.egggame.common.game	string	common_game_legacy_sync_status_succeeded	历史游戏数据同步完成	5Y6G5Y+y5ri45oiP5pWw5o2u5ZCM5q2l5a6M5oiQ	com.xiaoji.egggame.common.game/values-zh-rCN/strings.commonMain.cvr	98
com.xiaoji.egggame.common.game	string	common_game_pc_engine_action_download	下载	5LiL6L29	com.xiaoji.egggame.common.game/values-zh-rCN/strings.commonMain.cvr	99
com.xiaoji.egggame.common.game	string	common_game_pc_engine_action_installing	安装中	5a6J6KOF5Lit	com.xiaoji.egggame.common.game/values-zh-rCN/strings.commonMain.cvr	100
com.xiaoji.egggame.common.game	string	common_game_pc_engine_action_update	更新	5pu05paw	com.xiaoji.egggame.common.game/values-zh-rCN/strings.commonMain.cvr	101
com.xiaoji.egggame.common.game	string	common_game_pc_engine_compat_update_cancel	暂不升级	5pqC5LiN5Y2H57qn	com.xiaoji.egggame.common.game/values-zh-rCN/strings.commonMain.cvr	102
com.xiaoji.egggame.common.game	string	common_game_pc_engine_compat_update_confirm	前往升级	5YmN5b6A5Y2H57qn	com.xiaoji.egggame.common.game/values-zh-rCN/strings.commonMain.cvr	103
com.xiaoji.egggame.common.game	string	common_game_pc_engine_compat_update_message	新版本已优化游戏兼容性与运行流畅度，建议升级以获得更好的体验	5paw54mI5pys5bey5LyY5YyW5ri45oiP5YW85a655oCn5LiO6L+Q6KGM5rWB55WF5bqm77yM5bu66K6u5Y2H57qn5Lul6I635b6X5pu05aW955qE5L2T6aqM	com.xiaoji.egggame.common.game/values-zh-rCN/strings.commonMain.cvr	104
com.xiaoji.egggame.common.game	string	common_game_pc_engine_compat_update_title	发现兼容性新版本	5Y+R546w5YW85a655oCn5paw54mI5pys	com.xiaoji.egggame.common.game/values-zh-rCN/strings.commonMain.cvr	105
com.xiaoji.egggame.common.game	string	common_game_pc_engine_executable_unavailable	PC模拟器可执行文件不可用	UEPmqKHmi5/lmajlj6/miafooYzmlofku7bkuI3lj6/nlKg=	com.xiaoji.egggame.common.game/values-zh-rCN/strings.commonMain.cvr	106
com.xiaoji.egggame.common.game	string	common_game_pc_engine_install_prompt_title	PC引擎下载提示	UEPlvJXmk47kuIvovb3mj5DnpLo=	com.xiaoji.egggame.common.game/values-zh-rCN/strings.commonMain.cvr	107
com.xiaoji.egggame.common.game	string	common_game_pc_engine_install_required_download_game	需要先下载PC引擎后才能下载游戏	6ZyA6KaB5YWI5LiL6L29UEPlvJXmk47lkI7miY3og73kuIvovb3muLjmiI8=	com.xiaoji.egggame.common.game/values-zh-rCN/strings.commonMain.cvr	108
com.xiaoji.egggame.common.game	string	common_game_pc_engine_install_required_launch_game	需要先下载PC引擎后才能启动游戏	6ZyA6KaB5YWI5LiL6L29UEPlvJXmk47lkI7miY3og73lkK/liqjmuLjmiI8=	com.xiaoji.egggame.common.game/values-zh-rCN/strings.commonMain.cvr	109
com.xiaoji.egggame.common.game	string	common_game_pc_engine_install_required_open_settings	需要先下载PC引擎后才能打开设置	6ZyA6KaB5YWI5LiL6L29UEPlvJXmk47lkI7miY3og73miZPlvIDorr7nva4=	com.xiaoji.egggame.common.game/values-zh-rCN/strings.commonMain.cvr	110
com.xiaoji.egggame.common.game	string	common_game_pc_engine_install_version_missing	未找到可安装的PC引擎版本	5pyq5om+5Yiw5Y+v5a6J6KOF55qEUEPlvJXmk47niYjmnKw=	com.xiaoji.egggame.common.game/values-zh-rCN/strings.commonMain.cvr	111
com.xiaoji.egggame.common.game	string	common_game_pc_engine_launch_block_disabled	PC引擎插件已禁用	UEPlvJXmk47mj5Lku7blt7LnpoHnlKg=	com.xiaoji.egggame.common.game/values-zh-rCN/strings.commonMain.cvr	112
com.xiaoji.egggame.common.game	string	common_game_pc_engine_launch_block_operation_in_progress	PC引擎插件操作正在处理中，请稍后再试	UEPlvJXmk47mj5Lku7bmk43kvZzmraPlnKjlpITnkIbkuK3vvIzor7fnqI3lkI7lho3or5U=	com.xiaoji.egggame.common.game/values-zh-rCN/strings.commonMain.cvr	113
com.xiaoji.egggame.common.game	string	common_game_pc_engine_launch_failed	PC引擎启动失败	UEPlvJXmk47lkK/liqjlpLHotKU=	com.xiaoji.egggame.common.game/values-zh-rCN/strings.commonMain.cvr	114
com.xiaoji.egggame.common.game	string	common_game_pc_engine_md5_label	MD5: %1$s	TUQ1OiAlMSRz	com.xiaoji.egggame.common.game/values-zh-rCN/strings.commonMain.cvr	115
com.xiaoji.egggame.common.game	string	common_game_pc_engine_plugin_abi_unsupported	当前设备不支持该PC引擎插件	5b2T5YmN6K6+5aSH5LiN5pSv5oyB6K+lUEPlvJXmk47mj5Lku7Y=	com.xiaoji.egggame.common.game/values-zh-rCN/strings.commonMain.cvr	116
com.xiaoji.egggame.common.game	string	common_game_pc_engine_plugin_install_failed_retry	PC引擎插件安装失败，请重试	UEPlvJXmk47mj5Lku7blronoo4XlpLHotKXvvIzor7fph43or5U=	com.xiaoji.egggame.common.game/values-zh-rCN/strings.commonMain.cvr	117
com.xiaoji.egggame.common.game	string	common_game_pc_engine_plugin_install_failed	PC引擎插件安装失败	UEPlvJXmk47mj5Lku7blronoo4XlpLHotKU=	com.xiaoji.egggame.common.game/values-zh-rCN/strings.commonMain.cvr	118
com.xiaoji.egggame.common.game	string	common_game_pc_engine_plugin_installing_retry	PC引擎插件正在安装，请稍后再试	UEPlvJXmk47mj5Lku7bmraPlnKjlronoo4XvvIzor7fnqI3lkI7lho3or5U=	com.xiaoji.egggame.common.game/values-zh-rCN/strings.commonMain.cvr	119
com.xiaoji.egggame.common.game	string	common_game_pc_engine_plugin_not_found	获取不到插件	6I635Y+W5LiN5Yiw5o+S5Lu2	com.xiaoji.egggame.common.game/values-zh-rCN/strings.commonMain.cvr	120
com.xiaoji.egggame.common.game	string	common_game_pc_engine_plugin_protocol_mismatch	PC引擎插件版本不兼容，请更新App或插件	UEPlvJXmk47mj5Lku7bniYjmnKzkuI3lhbzlrrnvvIzor7fmm7TmlrBBcHDmiJbmj5Lku7Y=	com.xiaoji.egggame.common.game/values-zh-rCN/strings.commonMain.cvr	121
com.xiaoji.egggame.common.game	string	common_game_pc_engine_plugin_unavailable_reinstall	PC引擎插件不可用，请重新安装或更新插件	UEPlvJXmk47mj5Lku7bkuI3lj6/nlKjvvIzor7fph43mlrDlronoo4XmiJbmm7TmlrDmj5Lku7Y=	com.xiaoji.egggame.common.game/values-zh-rCN/strings.commonMain.cvr	122
com.xiaoji.egggame.common.game	string	common_game_pc_engine_plugin_unavailable	PC引擎插件不可用	UEPlvJXmk47mj5Lku7bkuI3lj6/nlKg=	com.xiaoji.egggame.common.game/values-zh-rCN/strings.commonMain.cvr	123
com.xiaoji.egggame.common.game	string	common_game_pc_engine_plugin_version_label	插件版本：%1$s	5o+S5Lu254mI5pys77yaJTEkcw==	com.xiaoji.egggame.common.game/values-zh-rCN/strings.commonMain.cvr	124
com.xiaoji.egggame.common.game	string	common_game_pc_engine_schema_version_label	schemaVersion：%1$s	c2NoZW1hVmVyc2lvbu+8miUxJHM=	com.xiaoji.egggame.common.game/values-zh-rCN/strings.commonMain.cvr	125
com.xiaoji.egggame.common.game	string	common_game_pc_engine_sha256_label	SHA-256: %1$s	U0hBLTI1NjogJTEkcw==	com.xiaoji.egggame.common.game/values-zh-rCN/strings.commonMain.cvr	126
com.xiaoji.egggame.common.game	string	common_game_pc_engine_total_size_label	总大小 %1$s	5oC75aSn5bCPICUxJHM=	com.xiaoji.egggame.common.game/values-zh-rCN/strings.commonMain.cvr	127
com.xiaoji.egggame.common.game	string	common_game_pc_engine_update_available_message	检测到新版本 %1$s，建议更新PC引擎	5qOA5rWL5Yiw5paw54mI5pysICUxJHPvvIzlu7rorq7mm7TmlrBQQ+W8leaTjg==	com.xiaoji.egggame.common.game/values-zh-rCN/strings.commonMain.cvr	128
com.xiaoji.egggame.common.game	string	common_game_pc_engine_working_directory_unavailable	PC模拟器工作目录不可用	UEPmqKHmi5/lmajlt6XkvZznm67lvZXkuI3lj6/nlKg=	com.xiaoji.egggame.common.game/values-zh-rCN/strings.commonMain.cvr	129
com.xiaoji.egggame.common.game	string	common_game_remove_from_library_confirm_message	确认要将该游戏移除游戏库吗？	56Gu6K6k6KaB5bCG6K+l5ri45oiP56e76Zmk5ri45oiP5bqT5ZCX77yf	com.xiaoji.egggame.common.game/values-zh-rCN/strings.commonMain.cvr	130
com.xiaoji.egggame.common.game	string	common_game_remove_from_library_failed	移除失败	56e76Zmk5aSx6LSl	com.xiaoji.egggame.common.game/values-zh-rCN/strings.commonMain.cvr	131
com.xiaoji.egggame.common.game	string	common_game_remove_from_library	移除游戏库	56e76Zmk5ri45oiP5bqT	com.xiaoji.egggame.common.game/values-zh-rCN/strings.commonMain.cvr	132
com.xiaoji.egggame.common.game	string	game_cover_edit_cancel	取消	5Y+W5raI	com.xiaoji.egggame.common.game/values-zh-rCN/strings.commonMain.cvr	133
com.xiaoji.egggame.common.game	string	game_cover_edit_confirm	确认	56Gu6K6k	com.xiaoji.egggame.common.game/values-zh-rCN/strings.commonMain.cvr	134
com.xiaoji.egggame.common.game	string	game_cover_edit_landscape_label	*横图16:9	KuaoquWbvjE2Ojk=	com.xiaoji.egggame.common.game/values-zh-rCN/strings.commonMain.cvr	135
com.xiaoji.egggame.common.game	string	game_cover_edit_portrait_label	竖图 2:3\n(选填)	56uW5Zu+IDI6Mwoo6YCJ5aGrKQ==	com.xiaoji.egggame.common.game/values-zh-rCN/strings.commonMain.cvr	136
com.xiaoji.egggame.common.game	string	game_cover_edit_restore_original	恢复原图	5oGi5aSN5Y6f5Zu+	com.xiaoji.egggame.common.game/values-zh-rCN/strings.commonMain.cvr	137
com.xiaoji.egggame.common.game	string	game_cover_edit_save_failed	保存失败	5L+d5a2Y5aSx6LSl	com.xiaoji.egggame.common.game/values-zh-rCN/strings.commonMain.cvr	138
com.xiaoji.egggame.common.game	string	game_cover_edit_select_landscape_required	请选择横屏图	6K+36YCJ5oup5qiq5bGP5Zu+	com.xiaoji.egggame.common.game/values-zh-rCN/strings.commonMain.cvr	139
com.xiaoji.egggame.common.game	string	game_cover_edit_title	修改信息	5L+u5pS55L+h5oGv	com.xiaoji.egggame.common.game/values-zh-rCN/strings.commonMain.cvr	140
com.xiaoji.egggame.common.gamepadconnect	string	common_gamepad_connect_battery_charging	充电中	5YWF55S15Lit	com.xiaoji.egggame.common.gamepadconnect/values-zh-rCN/strings.commonMain.cvr	2
com.xiaoji.egggame.common.gamepadconnect	string	common_gamepad_connect_battery_left	左	5bem	com.xiaoji.egggame.common.gamepadconnect/values-zh-rCN/strings.commonMain.cvr	3
com.xiaoji.egggame.common.gamepadconnect	string	common_gamepad_connect_battery_right	右	5Y+z	com.xiaoji.egggame.common.gamepadconnect/values-zh-rCN/strings.commonMain.cvr	4
com.xiaoji.egggame.common.gamepadconnect	string	common_gamepad_connect_snackbar_action_switch	切换	5YiH5o2i	com.xiaoji.egggame.common.gamepadconnect/values-zh-rCN/strings.commonMain.cvr	5
com.xiaoji.egggame.common.gamepadconnect	string	common_gamepad_connect_snackbar_switch_to_explore	检测到手柄连接，是否切换探索模式？	5qOA5rWL5Yiw5omL5p+E6L+e5o6l77yM5piv5ZCm5YiH5o2i5o6i57Si5qih5byP77yf	com.xiaoji.egggame.common.gamepadconnect/values-zh-rCN/strings.commonMain.cvr	6
com.xiaoji.egggame.common.gamepadconnect	string	common_gamepad_connect_snackbar_switch_to_handheld	检测到手柄连接，是否切换掌机模式？	5qOA5rWL5Yiw5omL5p+E6L+e5o6l77yM5piv5ZCm5YiH5o2i5o6M5py65qih5byP77yf	com.xiaoji.egggame.common.gamepadconnect/values-zh-rCN/strings.commonMain.cvr	7
com.xiaoji.egggame.common.retro_emulators	string	common_retro_emulators_alias_platform	平台	5bmz5Y+w	com.xiaoji.egggame.common.retro_emulators/values-zh/strings.commonMain.cvr	2
com.xiaoji.egggame.common.retro_emulators	string	common_retro_emulators_archive_add	添加	5re75Yqg	com.xiaoji.egggame.common.retro_emulators/values-zh/strings.commonMain.cvr	3
com.xiaoji.egggame.common.retro_emulators	string	common_retro_emulators_archive_delete_all_dialog_cancel	取消	5Y+W5raI	com.xiaoji.egggame.common.retro_emulators/values-zh/strings.commonMain.cvr	4
com.xiaoji.egggame.common.retro_emulators	string	common_retro_emulators_archive_delete_all_dialog_confirm	确认	56Gu6K6k	com.xiaoji.egggame.common.retro_emulators/values-zh/strings.commonMain.cvr	5
com.xiaoji.egggame.common.retro_emulators	string	common_retro_emulators_archive_delete_all_dialog_message	是否确认一键删除	5piv5ZCm56Gu6K6k5LiA6ZSu5Yig6Zmk	com.xiaoji.egggame.common.retro_emulators/values-zh/strings.commonMain.cvr	6
com.xiaoji.egggame.common.retro_emulators	string	common_retro_emulators_archive_delete_all_dialog_title	提示	5o+Q56S6	com.xiaoji.egggame.common.retro_emulators/values-zh/strings.commonMain.cvr	7
com.xiaoji.egggame.common.retro_emulators	string	common_retro_emulators_archive_delete_all	一键删除	5LiA6ZSu5Yig6Zmk	com.xiaoji.egggame.common.retro_emulators/values-zh/strings.commonMain.cvr	8
com.xiaoji.egggame.common.retro_emulators	string	common_retro_emulators_archive_delete_dialog_cancel	取消	5Y+W5raI	com.xiaoji.egggame.common.retro_emulators/values-zh/strings.commonMain.cvr	9
com.xiaoji.egggame.common.retro_emulators	string	common_retro_emulators_archive_delete_dialog_confirm	确认	56Gu6K6k	com.xiaoji.egggame.common.retro_emulators/values-zh/strings.commonMain.cvr	10
com.xiaoji.egggame.common.retro_emulators	string	common_retro_emulators_archive_delete_dialog_message	是否确认删除该存档	5piv5ZCm56Gu6K6k5Yig6Zmk6K+l5a2Y5qGj	com.xiaoji.egggame.common.retro_emulators/values-zh/strings.commonMain.cvr	11
com.xiaoji.egggame.common.retro_emulators	string	common_retro_emulators_archive_delete_dialog_title	提示	5o+Q56S6	com.xiaoji.egggame.common.retro_emulators/values-zh/strings.commonMain.cvr	12
com.xiaoji.egggame.common.retro_emulators	string	common_retro_emulators_archive_more_options	更多选项	5pu05aSa6YCJ6aG5	com.xiaoji.egggame.common.retro_emulators/values-zh/strings.commonMain.cvr	13
com.xiaoji.egggame.common.retro_emulators	string	common_retro_emulators_archive_rename_cancel	取消	5Y+W5raI	com.xiaoji.egggame.common.retro_emulators/values-zh/strings.commonMain.cvr	14
com.xiaoji.egggame.common.retro_emulators	string	common_retro_emulators_archive_rename_confirm	确认	56Gu6K6k	com.xiaoji.egggame.common.retro_emulators/values-zh/strings.commonMain.cvr	15
com.xiaoji.egggame.common.retro_emulators	string	common_retro_emulators_archive_rename_placeholder	你存档的名称叫什么	5L2g5a2Y5qGj55qE5ZCN56ew5Y+r5LuA5LmI	com.xiaoji.egggame.common.retro_emulators/values-zh/strings.commonMain.cvr	16
com.xiaoji.egggame.common.retro_emulators	string	common_retro_emulators_archive_rename_title	编辑名称	57yW6L6R5ZCN56ew	com.xiaoji.egggame.common.retro_emulators/values-zh/strings.commonMain.cvr	17
com.xiaoji.egggame.common.retro_emulators	string	common_retro_emulators_archive_sheet_delete	删除存档	5Yig6Zmk5a2Y5qGj	com.xiaoji.egggame.common.retro_emulators/values-zh/strings.commonMain.cvr	18
com.xiaoji.egggame.common.retro_emulators	string	common_retro_emulators_archive_sheet_rename	编辑名称	57yW6L6R5ZCN56ew	com.xiaoji.egggame.common.retro_emulators/values-zh/strings.commonMain.cvr	19
com.xiaoji.egggame.common.retro_emulators	string	common_retro_emulators_archive_sheet_title	存档管理	5a2Y5qGj566h55CG	com.xiaoji.egggame.common.retro_emulators/values-zh/strings.commonMain.cvr	20
com.xiaoji.egggame.common.retro_emulators	string	common_retro_emulators_archive_title_load	读取存档	6K+75Y+W5a2Y5qGj	com.xiaoji.egggame.common.retro_emulators/values-zh/strings.commonMain.cvr	21
com.xiaoji.egggame.common.retro_emulators	string	common_retro_emulators_archive_title_save	存储存档	5a2Y5YKo5a2Y5qGj	com.xiaoji.egggame.common.retro_emulators/values-zh/strings.commonMain.cvr	22
com.xiaoji.egggame.common.retro_emulators	string	common_retro_emulators_cheat_add	添加	5re75Yqg	com.xiaoji.egggame.common.retro_emulators/values-zh/strings.commonMain.cvr	23
com.xiaoji.egggame.common.retro_emulators	string	common_retro_emulators_cheat_cancel	取消	5Y+W5raI	com.xiaoji.egggame.common.retro_emulators/values-zh/strings.commonMain.cvr	24
com.xiaoji.egggame.common.retro_emulators	string	common_retro_emulators_cheat_code_label	代码	5Luj56CB	com.xiaoji.egggame.common.retro_emulators/values-zh/strings.commonMain.cvr	25
com.xiaoji.egggame.common.retro_emulators	string	common_retro_emulators_cheat_code_placeholder	输入代码	6L6T5YWl5Luj56CB	com.xiaoji.egggame.common.retro_emulators/values-zh/strings.commonMain.cvr	26
com.xiaoji.egggame.common.retro_emulators	string	common_retro_emulators_cheat_delete	删除	5Yig6Zmk	com.xiaoji.egggame.common.retro_emulators/values-zh/strings.commonMain.cvr	27
com.xiaoji.egggame.common.retro_emulators	string	common_retro_emulators_cheat_disable	禁用	56aB55So	com.xiaoji.egggame.common.retro_emulators/values-zh/strings.commonMain.cvr	28
com.xiaoji.egggame.common.retro_emulators	string	common_retro_emulators_cheat_edit	编辑	57yW6L6R	com.xiaoji.egggame.common.retro_emulators/values-zh/strings.commonMain.cvr	29
com.xiaoji.egggame.common.retro_emulators	string	common_retro_emulators_cheat_enabled	已启用	5bey5ZCv55So	com.xiaoji.egggame.common.retro_emulators/values-zh/strings.commonMain.cvr	30
com.xiaoji.egggame.common.retro_emulators	string	common_retro_emulators_cheat_enable	启用	5ZCv55So	com.xiaoji.egggame.common.retro_emulators/values-zh/strings.commonMain.cvr	31
com.xiaoji.egggame.common.retro_emulators	string	common_retro_emulators_cheat_more_options	更多	5pu05aSa	com.xiaoji.egggame.common.retro_emulators/values-zh/strings.commonMain.cvr	32
com.xiaoji.egggame.common.retro_emulators	string	common_retro_emulators_cheat_name_placeholder	名称	5ZCN56ew	com.xiaoji.egggame.common.retro_emulators/values-zh/strings.commonMain.cvr	33
com.xiaoji.egggame.common.retro_emulators	string	common_retro_emulators_cheat_reset	重置	6YeN572u	com.xiaoji.egggame.common.retro_emulators/values-zh/strings.commonMain.cvr	34
com.xiaoji.egggame.common.retro_emulators	string	common_retro_emulators_cheat_save	保存	5L+d5a2Y	com.xiaoji.egggame.common.retro_emulators/values-zh/strings.commonMain.cvr	35
com.xiaoji.egggame.common.retro_emulators	string	common_retro_emulators_cheat_title	金手指	6YeR5omL5oyH	com.xiaoji.egggame.common.retro_emulators/values-zh/strings.commonMain.cvr	36
com.xiaoji.egggame.common.retro_emulators	string	retro_add_cheat	添加作弊码	5re75Yqg5L2c5byK56CB	com.xiaoji.egggame.common.retro_emulators/values-zh/strings.commonMain.cvr	37
com.xiaoji.egggame.common.retro_emulators	string	retro_all_games_exist	所选游戏均已添加，请勿重复导入	5omA6YCJ5ri45oiP5Z2H5bey5re75Yqg77yM6K+35Yu/6YeN5aSN5a+85YWl	com.xiaoji.egggame.common.retro_emulators/values-zh/strings.commonMain.cvr	38
com.xiaoji.egggame.common.retro_emulators	string	retro_archive_management	存档管理	5a2Y5qGj566h55CG	com.xiaoji.egggame.common.retro_emulators/values-zh/strings.commonMain.cvr	39
com.xiaoji.egggame.common.retro_emulators	string	retro_archive_name_hint	你存档的名称叫什么	5L2g5a2Y5qGj55qE5ZCN56ew5Y+r5LuA5LmI	com.xiaoji.egggame.common.retro_emulators/values-zh/strings.commonMain.cvr	40
com.xiaoji.egggame.common.retro_emulators	string	retro_auth_gamepad_disconnected_exit	直接退出	55u05o6l6YCA5Ye6	com.xiaoji.egggame.common.retro_emulators/values-zh/strings.commonMain.cvr	41
com.xiaoji.egggame.common.retro_emulators	string	retro_auth_gamepad_disconnected_message	因授权手柄断开，游戏已暂停，当前无法继续	5Zug5o6I5p2D5omL5p+E5pat5byA77yM5ri45oiP5bey5pqC5YGc77yM5b2T5YmN5peg5rOV57un57ut	com.xiaoji.egggame.common.retro_emulators/values-zh/strings.commonMain.cvr	42
com.xiaoji.egggame.common.retro_emulators	string	retro_auth_gamepad_disconnected_save_and_exit	存档并退出	5a2Y5qGj5bm26YCA5Ye6	com.xiaoji.egggame.common.retro_emulators/values-zh/strings.commonMain.cvr	43
com.xiaoji.egggame.common.retro_emulators	string	retro_auth_gamepad_disconnected_title	授权手柄已断开	5o6I5p2D5omL5p+E5bey5pat5byA	com.xiaoji.egggame.common.retro_emulators/values-zh/strings.commonMain.cvr	44
com.xiaoji.egggame.common.retro_emulators	string	retro_auth_gamepad_save_failed	存档失败，请重试	5a2Y5qGj5aSx6LSl77yM6K+36YeN6K+V	com.xiaoji.egggame.common.retro_emulators/values-zh/strings.commonMain.cvr	45
com.xiaoji.egggame.common.retro_emulators	string	retro_cancel	取消	5Y+W5raI	com.xiaoji.egggame.common.retro_emulators/values-zh/strings.commonMain.cvr	46
com.xiaoji.egggame.common.retro_emulators	string	retro_cheat_code_hint	输入代码	6L6T5YWl5Luj56CB	com.xiaoji.egggame.common.retro_emulators/values-zh/strings.commonMain.cvr	47
com.xiaoji.egggame.common.retro_emulators	string	retro_cheat_code_label	代码	5Luj56CB	com.xiaoji.egggame.common.retro_emulators/values-zh/strings.commonMain.cvr	48
com.xiaoji.egggame.common.retro_emulators	string	retro_cheat_codes	金手指	6YeR5omL5oyH	com.xiaoji.egggame.common.retro_emulators/values-zh/strings.commonMain.cvr	49
com.xiaoji.egggame.common.retro_emulators	string	retro_cheat_mode	金手指	6YeR5omL5oyH	com.xiaoji.egggame.common.retro_emulators/values-zh/strings.commonMain.cvr	50
com.xiaoji.egggame.common.retro_emulators	string	retro_cheat_name	名称	5ZCN56ew	com.xiaoji.egggame.common.retro_emulators/values-zh/strings.commonMain.cvr	51
com.xiaoji.egggame.common.retro_emulators	string	retro_click_to_retry	点击重试	54K55Ye76YeN6K+V	com.xiaoji.egggame.common.retro_emulators/values-zh/strings.commonMain.cvr	52
com.xiaoji.egggame.common.retro_emulators	string	retro_confirm	确认	56Gu6K6k	com.xiaoji.egggame.common.retro_emulators/values-zh/strings.commonMain.cvr	53
com.xiaoji.egggame.common.retro_emulators	string	retro_core_download_failed	内核下载失败	5YaF5qC45LiL6L295aSx6LSl	com.xiaoji.egggame.common.retro_emulators/values-zh/strings.commonMain.cvr	54
com.xiaoji.egggame.common.retro_emulators	string	retro_delete_all	一键删除	5LiA6ZSu5Yig6Zmk	com.xiaoji.egggame.common.retro_emulators/values-zh/strings.commonMain.cvr	55
com.xiaoji.egggame.common.retro_emulators	string	retro_delete_archive	删除存档	5Yig6Zmk5a2Y5qGj	com.xiaoji.egggame.common.retro_emulators/values-zh/strings.commonMain.cvr	56
com.xiaoji.egggame.common.retro_emulators	string	retro_delete	删除	5Yig6Zmk	com.xiaoji.egggame.common.retro_emulators/values-zh/strings.commonMain.cvr	57
com.xiaoji.egggame.common.retro_emulators	string	retro_download_complete	下载完成	5LiL6L295a6M5oiQ	com.xiaoji.egggame.common.retro_emulators/values-zh/strings.commonMain.cvr	58
com.xiaoji.egggame.common.retro_emulators	string	retro_download_failed	下载失败	5LiL6L295aSx6LSl	com.xiaoji.egggame.common.retro_emulators/values-zh/strings.commonMain.cvr	59
com.xiaoji.egggame.common.retro_emulators	string	retro_downloading_core	正在下载游戏核心...	5q2j5Zyo5LiL6L295ri45oiP5qC45b+DLi4u	com.xiaoji.egggame.common.retro_emulators/values-zh/strings.commonMain.cvr	60
com.xiaoji.egggame.common.retro_emulators	string	retro_edit_name	编辑名称	57yW6L6R5ZCN56ew	com.xiaoji.egggame.common.retro_emulators/values-zh/strings.commonMain.cvr	61
com.xiaoji.egggame.common.retro_emulators	string	retro_error_launch_failed	启动失败	5ZCv5Yqo5aSx6LSl	com.xiaoji.egggame.common.retro_emulators/values-zh/strings.commonMain.cvr	62
com.xiaoji.egggame.common.retro_emulators	string	retro_error_nostalgist_init_timeout	模拟器初始化超时	5qih5ouf5Zmo5Yid5aeL5YyW6LaF5pe2	com.xiaoji.egggame.common.retro_emulators/values-zh/strings.commonMain.cvr	63
com.xiaoji.egggame.common.retro_emulators	string	retro_error_nostalgist_load_failed	模拟器加载失败，请检查网络连接	5qih5ouf5Zmo5Yqg6L295aSx6LSl77yM6K+35qOA5p+l572R57uc6L+e5o6l	com.xiaoji.egggame.common.retro_emulators/values-zh/strings.commonMain.cvr	64
com.xiaoji.egggame.common.retro_emulators	string	retro_error_nostalgist_not_loaded	模拟器未加载	5qih5ouf5Zmo5pyq5Yqg6L29	com.xiaoji.egggame.common.retro_emulators/values-zh/strings.commonMain.cvr	65
com.xiaoji.egggame.common.retro_emulators	string	retro_error_unknown	未知错误	5pyq55+l6ZSZ6K+v	com.xiaoji.egggame.common.retro_emulators/values-zh/strings.commonMain.cvr	66
com.xiaoji.egggame.common.retro_emulators	string	retro_exit_game	退出游戏	6YCA5Ye65ri45oiP	com.xiaoji.egggame.common.retro_emulators/values-zh/strings.commonMain.cvr	67
com.xiaoji.egggame.common.retro_emulators	string	retro_extracting_files	正在解压文件...	5q2j5Zyo6Kej5Y6L5paH5Lu2Li4u	com.xiaoji.egggame.common.retro_emulators/values-zh/strings.commonMain.cvr	68
com.xiaoji.egggame.common.retro_emulators	string	retro_fast_forward_off	快进：关	5b+r6L+b77ya5YWz	com.xiaoji.egggame.common.retro_emulators/values-zh/strings.commonMain.cvr	69
com.xiaoji.egggame.common.retro_emulators	string	retro_fast_forward_on	快进：开	5b+r6L+b77ya5byA	com.xiaoji.egggame.common.retro_emulators/values-zh/strings.commonMain.cvr	70
com.xiaoji.egggame.common.retro_emulators	string	retro_file_count	文件数：%1$d/%2$d	5paH5Lu25pWw77yaJTEkZC8lMiRk	com.xiaoji.egggame.common.retro_emulators/values-zh/strings.commonMain.cvr	71
com.xiaoji.egggame.common.retro_emulators	string	retro_folder_import_desc	文件夹或包含多个游戏的压缩包	5paH5Lu25aS55oiW5YyF5ZCr5aSa5Liq5ri45oiP55qE5Y6L57yp5YyF	com.xiaoji.egggame.common.retro_emulators/values-zh/strings.commonMain.cvr	72
com.xiaoji.egggame.common.retro_emulators	string	retro_folder_import	文件夹导入	5paH5Lu25aS55a+85YWl	com.xiaoji.egggame.common.retro_emulators/values-zh/strings.commonMain.cvr	73
com.xiaoji.egggame.common.retro_emulators	string	retro_game_file_or_archive	单游戏文件或压缩包游戏文件	5Y2V5ri45oiP5paH5Lu25oiW5Y6L57yp5YyF5ri45oiP5paH5Lu2	com.xiaoji.egggame.common.retro_emulators/values-zh/strings.commonMain.cvr	74
com.xiaoji.egggame.common.retro_emulators	string	retro_home_library_search_clear	清除搜索	5riF6Zmk5pCc57Si	com.xiaoji.egggame.common.retro_emulators/values-zh/strings.commonMain.cvr	75
com.xiaoji.egggame.common.retro_emulators	string	retro_home_library_search_hint	搜索游戏名	5pCc57Si5ri45oiP5ZCN	com.xiaoji.egggame.common.retro_emulators/values-zh/strings.commonMain.cvr	76
com.xiaoji.egggame.common.retro_emulators	string	retro_import_action_count	导入 (%1$d)	5a+85YWlICglMSRkKQ==	com.xiaoji.egggame.common.retro_emulators/values-zh/strings.commonMain.cvr	77
com.xiaoji.egggame.common.retro_emulators	string	retro_import_action	导入	5a+85YWl	com.xiaoji.egggame.common.retro_emulators/values-zh/strings.commonMain.cvr	78
com.xiaoji.egggame.common.retro_emulators	string	retro_import_failed	导入失败	5a+85YWl5aSx6LSl	com.xiaoji.egggame.common.retro_emulators/values-zh/strings.commonMain.cvr	79
com.xiaoji.egggame.common.retro_emulators	string	retro_import_games	导入游戏	5a+85YWl5ri45oiP	com.xiaoji.egggame.common.retro_emulators/values-zh/strings.commonMain.cvr	80
com.xiaoji.egggame.common.retro_emulators	string	retro_import_method	导入方式	5a+85YWl5pa55byP	com.xiaoji.egggame.common.retro_emulators/values-zh/strings.commonMain.cvr	81
com.xiaoji.egggame.common.retro_emulators	string	retro_import_success_single	已成功导入%1$d款游戏	5bey5oiQ5Yqf5a+85YWlJTEkZOasvua4uOaIjw==	com.xiaoji.egggame.common.retro_emulators/values-zh/strings.commonMain.cvr	82
com.xiaoji.egggame.common.retro_emulators	string	retro_importing	导入中...	5a+85YWl5LitLi4u	com.xiaoji.egggame.common.retro_emulators/values-zh/strings.commonMain.cvr	83
com.xiaoji.egggame.common.retro_emulators	string	retro_in_library	在库中	5Zyo5bqT5Lit	com.xiaoji.egggame.common.retro_emulators/values-zh/strings.commonMain.cvr	84
com.xiaoji.egggame.common.retro_emulators	string	retro_library_empty_title	暂无数据	5pqC5peg5pWw5o2u	com.xiaoji.egggame.common.retro_emulators/values-zh/strings.commonMain.cvr	85
com.xiaoji.egggame.common.retro_emulators	string	retro_library_my_games	我的游戏	5oiR55qE5ri45oiP	com.xiaoji.egggame.common.retro_emulators/values-zh/strings.commonMain.cvr	86
com.xiaoji.egggame.common.retro_emulators	string	retro_library_search_empty_subtitle	换个关键字试试吧~	5o2i5Liq5YWz6ZSu5a2X6K+V6K+V5ZCnfg==	com.xiaoji.egggame.common.retro_emulators/values-zh/strings.commonMain.cvr	87
com.xiaoji.egggame.common.retro_emulators	string	retro_library_search_empty_title	没有发现游戏	5rKh5pyJ5Y+R546w5ri45oiP	com.xiaoji.egggame.common.retro_emulators/values-zh/strings.commonMain.cvr	88
com.xiaoji.egggame.common.retro_emulators	string	retro_library_visible_count	%1$d款	JTEkZOasvg==	com.xiaoji.egggame.common.retro_emulators/values-zh/strings.commonMain.cvr	89
com.xiaoji.egggame.common.retro_emulators	string	retro_load_archive	读取存档	6K+75Y+W5a2Y5qGj	com.xiaoji.egggame.common.retro_emulators/values-zh/strings.commonMain.cvr	90
com.xiaoji.egggame.common.retro_emulators	string	retro_load_failed	加载失败	5Yqg6L295aSx6LSl	com.xiaoji.egggame.common.retro_emulators/values-zh/strings.commonMain.cvr	91
com.xiaoji.egggame.common.retro_emulators	string	retro_load_state	读取存档	6K+75Y+W5a2Y5qGj	com.xiaoji.egggame.common.retro_emulators/values-zh/strings.commonMain.cvr	92
com.xiaoji.egggame.common.retro_emulators	string	retro_loading_emulator	正在加载模拟器...	5q2j5Zyo5Yqg6L295qih5ouf5ZmoLi4u	com.xiaoji.egggame.common.retro_emulators/values-zh/strings.commonMain.cvr	93
com.xiaoji.egggame.common.retro_emulators	string	retro_name_length	%d/10	JWQvMTA=	com.xiaoji.egggame.common.retro_emulators/values-zh/strings.commonMain.cvr	94
com.xiaoji.egggame.common.retro_emulators	string	retro_next_step	下一步	5LiL5LiA5q2l	com.xiaoji.egggame.common.retro_emulators/values-zh/strings.commonMain.cvr	95
com.xiaoji.egggame.common.retro_emulators	string	retro_no_games_recognized	未识别到游戏，请检查后重试~	5pyq6K+G5Yir5Yiw5ri45oiP77yM6K+35qOA5p+l5ZCO6YeN6K+Vfg==	com.xiaoji.egggame.common.retro_emulators/values-zh/strings.commonMain.cvr	96
com.xiaoji.egggame.common.retro_emulators	string	retro_non_folder_import	游戏文件导入	5ri45oiP5paH5Lu25a+85YWl	com.xiaoji.egggame.common.retro_emulators/values-zh/strings.commonMain.cvr	97
com.xiaoji.egggame.common.retro_emulators	string	retro_preparing_download	正在准备下载...	5q2j5Zyo5YeG5aSH5LiL6L29Li4u	com.xiaoji.egggame.common.retro_emulators/values-zh/strings.commonMain.cvr	98
com.xiaoji.egggame.common.retro_emulators	string	retro_rename	重命名	6YeN5ZG95ZCN	com.xiaoji.egggame.common.retro_emulators/values-zh/strings.commonMain.cvr	99
com.xiaoji.egggame.common.retro_emulators	string	retro_reset	重置	6YeN572u	com.xiaoji.egggame.common.retro_emulators/values-zh/strings.commonMain.cvr	100
com.xiaoji.egggame.common.retro_emulators	string	retro_resume_game	继续游戏	57un57ut5ri45oiP	com.xiaoji.egggame.common.retro_emulators/values-zh/strings.commonMain.cvr	101
com.xiaoji.egggame.common.retro_emulators	string	retro_return_game	返回游戏	6L+U5Zue5ri45oiP	com.xiaoji.egggame.common.retro_emulators/values-zh/strings.commonMain.cvr	102
com.xiaoji.egggame.common.retro_emulators	string	retro_save_archive	存储存档	5a2Y5YKo5a2Y5qGj	com.xiaoji.egggame.common.retro_emulators/values-zh/strings.commonMain.cvr	103
com.xiaoji.egggame.common.retro_emulators	string	retro_save_state	存储存档	5a2Y5YKo5a2Y5qGj	com.xiaoji.egggame.common.retro_emulators/values-zh/strings.commonMain.cvr	104
com.xiaoji.egggame.common.retro_emulators	string	retro_save	保存	5L+d5a2Y	com.xiaoji.egggame.common.retro_emulators/values-zh/strings.commonMain.cvr	105
com.xiaoji.egggame.common.retro_emulators	string	retro_scanned_files	共扫描到%1$d个文件，其中%2$d个可导入	5YWx5omr5o+P5YiwJTEkZOS4quaWh+S7tu+8jOWFtuS4rSUyJGTkuKrlj6/lr7zlhaU=	com.xiaoji.egggame.common.retro_emulators/values-zh/strings.commonMain.cvr	106
com.xiaoji.egggame.common.retro_emulators	string	retro_scanning_files	正在扫描文件，请稍候	5q2j5Zyo5omr5o+P5paH5Lu277yM6K+356iN5YCZ	com.xiaoji.egggame.common.retro_emulators/values-zh/strings.commonMain.cvr	107
com.xiaoji.egggame.common.retro_emulators	string	retro_select_all	全选	5YWo6YCJ	com.xiaoji.egggame.common.retro_emulators/values-zh/strings.commonMain.cvr	108
com.xiaoji.egggame.common.retro_emulators	string	retro_zip_encrypted	压缩包已被加密，请检查后重试	5Y6L57yp5YyF5bey6KKr5Yqg5a+G77yM6K+35qOA5p+l5ZCO6YeN6K+V	com.xiaoji.egggame.common.retro_emulators/values-zh/strings.commonMain.cvr	109
com.xiaoji.egggame.common.share	string	common_share_copy_link	复制链接	5aSN5Yi26ZO+5o6l	com.xiaoji.egggame.common.share/values-zh-rCN/strings.commonMain.cvr	2
com.xiaoji.egggame.common.share	string	common_share_discord	Discord	RGlzY29yZA==	com.xiaoji.egggame.common.share/values-zh-rCN/strings.commonMain.cvr	3
com.xiaoji.egggame.common.share	string	common_share_facebook	Facebook	RmFjZWJvb2s=	com.xiaoji.egggame.common.share/values-zh-rCN/strings.commonMain.cvr	4
com.xiaoji.egggame.common.share	string	common_share_failed	分享失败	5YiG5Lqr5aSx6LSl	com.xiaoji.egggame.common.share/values-zh-rCN/strings.commonMain.cvr	5
com.xiaoji.egggame.common.share	string	common_share_link_copied	链接已复制	6ZO+5o6l5bey5aSN5Yi2	com.xiaoji.egggame.common.share/values-zh-rCN/strings.commonMain.cvr	6
com.xiaoji.egggame.common.share	string	common_share_not_installed	%1$s未安装	JTEkc+acquWuieijhQ==	com.xiaoji.egggame.common.share/values-zh-rCN/strings.commonMain.cvr	7
com.xiaoji.egggame.common.share	string	common_share_qq	QQ	UVE=	com.xiaoji.egggame.common.share/values-zh-rCN/strings.commonMain.cvr	8
com.xiaoji.egggame.common.share	string	common_share_to	分享到	5YiG5Lqr5Yiw	com.xiaoji.egggame.common.share/values-zh-rCN/strings.commonMain.cvr	9
com.xiaoji.egggame.common.share	string	common_share_wechat_timeline	朋友圈	5pyL5Y+L5ZyI	com.xiaoji.egggame.common.share/values-zh-rCN/strings.commonMain.cvr	10
com.xiaoji.egggame.common.share	string	common_share_wechat	微信	5b6u5L+h	com.xiaoji.egggame.common.share/values-zh-rCN/strings.commonMain.cvr	11
com.xiaoji.egggame.common.share	string	common_share_weibo	微博	5b6u5Y2a	com.xiaoji.egggame.common.share/values-zh-rCN/strings.commonMain.cvr	12
com.xiaoji.egggame.common.share	string	common_share_whatsapp	WhatsApp	V2hhdHNBcHA=	com.xiaoji.egggame.common.share/values-zh-rCN/strings.commonMain.cvr	13
com.xiaoji.egggame.common.share	string	common_share_x	X	WA==	com.xiaoji.egggame.common.share/values-zh-rCN/strings.commonMain.cvr	14
com.xiaoji.egggame.common.vjoy	string	common_vjoy_control_my_icons	我的图标	5oiR55qE5Zu+5qCH	com.xiaoji.egggame.common.vjoy/values-zh-rCN/strings.commonMain.cvr	2
com.xiaoji.egggame.common.vjoy	string	common_vjoy_control_unnamed_layout	未命名布局	5pyq5ZG95ZCN5biD5bGA	com.xiaoji.egggame.common.vjoy/values-zh-rCN/strings.commonMain.cvr	3
com.xiaoji.egggame.common.vjoy	string	common_vjoy_copy_to_layer_switch_after_paste	粘贴后切换到目标图层	57KY6LS05ZCO5YiH5o2i5Yiw55uu5qCH5Zu+5bGC	com.xiaoji.egggame.common.vjoy/values-zh-rCN/strings.commonMain.cvr	4
com.xiaoji.egggame.common.vjoy	string	common_vjoy_copy_to_layer_title	复制到图层	5aSN5Yi25Yiw5Zu+5bGC	com.xiaoji.egggame.common.vjoy/values-zh-rCN/strings.commonMain.cvr	5
com.xiaoji.egggame.common.vjoy	string	common_vjoy_edit_action_group	动作组	5Yqo5L2c57uE	com.xiaoji.egggame.common.vjoy/values-zh-rCN/strings.commonMain.cvr	6
com.xiaoji.egggame.common.vjoy	string	common_vjoy_edit_action	动作	5Yqo5L2c	com.xiaoji.egggame.common.vjoy/values-zh-rCN/strings.commonMain.cvr	7
com.xiaoji.egggame.common.vjoy	string	common_vjoy_edit_add_action	添加动作	5re75Yqg5Yqo5L2c	com.xiaoji.egggame.common.vjoy/values-zh-rCN/strings.commonMain.cvr	8
com.xiaoji.egggame.common.vjoy	string	common_vjoy_edit_add_control	添加控件	5re75Yqg5o6n5Lu2	com.xiaoji.egggame.common.vjoy/values-zh-rCN/strings.commonMain.cvr	9
com.xiaoji.egggame.common.vjoy	string	common_vjoy_edit_advanced_settings	高级设置	6auY57qn6K6+572u	com.xiaoji.egggame.common.vjoy/values-zh-rCN/strings.commonMain.cvr	10
com.xiaoji.egggame.common.vjoy	string	common_vjoy_edit_appearance	外观样式	5aSW6KeC5qC35byP	com.xiaoji.egggame.common.vjoy/values-zh-rCN/strings.commonMain.cvr	11
com.xiaoji.egggame.common.vjoy	string	common_vjoy_edit_aspect_ratio	纵横比例	57q15qiq5q+U5L6L	com.xiaoji.egggame.common.vjoy/values-zh-rCN/strings.commonMain.cvr	12
com.xiaoji.egggame.common.vjoy	string	common_vjoy_edit_background_color	背景颜色	6IOM5pmv6aKc6Imy	com.xiaoji.egggame.common.vjoy/values-zh-rCN/strings.commonMain.cvr	13
com.xiaoji.egggame.common.vjoy	string	common_vjoy_edit_background_image	背景图片	6IOM5pmv5Zu+54mH	com.xiaoji.egggame.common.vjoy/values-zh-rCN/strings.commonMain.cvr	14
com.xiaoji.egggame.common.vjoy	string	common_vjoy_edit_back	返回	6L+U5Zue	com.xiaoji.egggame.common.vjoy/values-zh-rCN/strings.commonMain.cvr	15
com.xiaoji.egggame.common.vjoy	string	common_vjoy_edit_base_basic_settings	底部基础设置	5bqV6YOo5Z+656GA6K6+572u	com.xiaoji.egggame.common.vjoy/values-zh-rCN/strings.commonMain.cvr	16
com.xiaoji.egggame.common.vjoy	string	common_vjoy_edit_base_default_state	底部默认状态	5bqV6YOo6buY6K6k54q25oCB	com.xiaoji.egggame.common.vjoy/values-zh-rCN/strings.commonMain.cvr	17
com.xiaoji.egggame.common.vjoy	string	common_vjoy_edit_base_pressed_state	底部按下状态	5bqV6YOo5oyJ5LiL54q25oCB	com.xiaoji.egggame.common.vjoy/values-zh-rCN/strings.commonMain.cvr	18
com.xiaoji.egggame.common.vjoy	string	common_vjoy_edit_basic_properties	基础属性	5Z+656GA5bGe5oCn	com.xiaoji.egggame.common.vjoy/values-zh-rCN/strings.commonMain.cvr	19
com.xiaoji.egggame.common.vjoy	string	common_vjoy_edit_basic_settings	基础设置	5Z+656GA6K6+572u	com.xiaoji.egggame.common.vjoy/values-zh-rCN/strings.commonMain.cvr	20
com.xiaoji.egggame.common.vjoy	string	common_vjoy_edit_bottom_fill_color	底部填充颜色	5bqV6YOo5aGr5YWF6aKc6Imy	com.xiaoji.egggame.common.vjoy/values-zh-rCN/strings.commonMain.cvr	21
com.xiaoji.egggame.common.vjoy	string	common_vjoy_edit_bottom_stroke_color	底部描边颜色	5bqV6YOo5o+P6L656aKc6Imy	com.xiaoji.egggame.common.vjoy/values-zh-rCN/strings.commonMain.cvr	22
com.xiaoji.egggame.common.vjoy	string	common_vjoy_edit_bottom_stroke_width	底部描边宽度	5bqV6YOo5o+P6L655a695bqm	com.xiaoji.egggame.common.vjoy/values-zh-rCN/strings.commonMain.cvr	23
com.xiaoji.egggame.common.vjoy	string	common_vjoy_edit_button_mode	按键模式	5oyJ6ZSu5qih5byP	com.xiaoji.egggame.common.vjoy/values-zh-rCN/strings.commonMain.cvr	24
com.xiaoji.egggame.common.vjoy	string	common_vjoy_edit_button_style_settings	样式设置	5qC35byP6K6+572u	com.xiaoji.egggame.common.vjoy/values-zh-rCN/strings.commonMain.cvr	25
com.xiaoji.egggame.common.vjoy	string	common_vjoy_edit_cancel	取消	5Y+W5raI	com.xiaoji.egggame.common.vjoy/values-zh-rCN/strings.commonMain.cvr	26
com.xiaoji.egggame.common.vjoy	string	common_vjoy_edit_clear_mapping	不映射	5LiN5pig5bCE	com.xiaoji.egggame.common.vjoy/values-zh-rCN/strings.commonMain.cvr	27
com.xiaoji.egggame.common.vjoy	string	common_vjoy_edit_close	关闭	5YWz6Zet	com.xiaoji.egggame.common.vjoy/values-zh-rCN/strings.commonMain.cvr	28
com.xiaoji.egggame.common.vjoy	string	common_vjoy_edit_content_desc_close_dialog	关闭对话框	5YWz6Zet5a+56K+d5qGG	com.xiaoji.egggame.common.vjoy/values-zh-rCN/strings.commonMain.cvr	29
com.xiaoji.egggame.common.vjoy	string	common_vjoy_edit_content_desc_folder	文件夹	5paH5Lu25aS5	com.xiaoji.egggame.common.vjoy/values-zh-rCN/strings.commonMain.cvr	30
com.xiaoji.egggame.common.vjoy	string	common_vjoy_edit_control_button	按钮	5oyJ6ZKu	com.xiaoji.egggame.common.vjoy/values-zh-rCN/strings.commonMain.cvr	31
com.xiaoji.egggame.common.vjoy	string	common_vjoy_edit_control_dpad	方向键	5pa55ZCR6ZSu	com.xiaoji.egggame.common.vjoy/values-zh-rCN/strings.commonMain.cvr	32
com.xiaoji.egggame.common.vjoy	string	common_vjoy_edit_control_joystick	摇杆	5pGH5p2G	com.xiaoji.egggame.common.vjoy/values-zh-rCN/strings.commonMain.cvr	33
com.xiaoji.egggame.common.vjoy	string	common_vjoy_edit_control_key_group	按键组	5oyJ6ZSu57uE	com.xiaoji.egggame.common.vjoy/values-zh-rCN/strings.commonMain.cvr	34
com.xiaoji.egggame.common.vjoy	string	common_vjoy_edit_control_keys	控制键	5o6n5Yi26ZSu	com.xiaoji.egggame.common.vjoy/values-zh-rCN/strings.commonMain.cvr	35
com.xiaoji.egggame.common.vjoy	string	common_vjoy_edit_control_touchpad	触控板	6Kem5o6n5p2/	com.xiaoji.egggame.common.vjoy/values-zh-rCN/strings.commonMain.cvr	36
com.xiaoji.egggame.common.vjoy	string	common_vjoy_edit_control_type_bumper	肩键	6IKp6ZSu	com.xiaoji.egggame.common.vjoy/values-zh-rCN/strings.commonMain.cvr	37
com.xiaoji.egggame.common.vjoy	string	common_vjoy_edit_control_type_button	按钮	5oyJ6ZKu	com.xiaoji.egggame.common.vjoy/values-zh-rCN/strings.commonMain.cvr	38
com.xiaoji.egggame.common.vjoy	string	common_vjoy_edit_control_type_dpad	方向键	5pa55ZCR6ZSu	com.xiaoji.egggame.common.vjoy/values-zh-rCN/strings.commonMain.cvr	39
com.xiaoji.egggame.common.vjoy	string	common_vjoy_edit_control_type_joystick	摇杆	5pGH5p2G	com.xiaoji.egggame.common.vjoy/values-zh-rCN/strings.commonMain.cvr	40
com.xiaoji.egggame.common.vjoy	string	common_vjoy_edit_control_type_key_group	按键组	5oyJ6ZSu57uE	com.xiaoji.egggame.common.vjoy/values-zh-rCN/strings.commonMain.cvr	41
com.xiaoji.egggame.common.vjoy	string	common_vjoy_edit_control_type_touchpad	触控板	6Kem5o6n5p2/	com.xiaoji.egggame.common.vjoy/values-zh-rCN/strings.commonMain.cvr	42
com.xiaoji.egggame.common.vjoy	string	common_vjoy_edit_control_type_trigger	扳机	5omz5py6	com.xiaoji.egggame.common.vjoy/values-zh-rCN/strings.commonMain.cvr	43
com.xiaoji.egggame.common.vjoy	string	common_vjoy_edit_corner_radius	圆角半径	5ZyG6KeS5Y2K5b6E	com.xiaoji.egggame.common.vjoy/values-zh-rCN/strings.commonMain.cvr	44
com.xiaoji.egggame.common.vjoy	string	common_vjoy_edit_custom	自定义	6Ieq5a6a5LmJ	com.xiaoji.egggame.common.vjoy/values-zh-rCN/strings.commonMain.cvr	45
com.xiaoji.egggame.common.vjoy	string	common_vjoy_edit_default_icon	默认图标	6buY6K6k5Zu+5qCH	com.xiaoji.egggame.common.vjoy/values-zh-rCN/strings.commonMain.cvr	46
com.xiaoji.egggame.common.vjoy	string	common_vjoy_edit_default_mode	默认	6buY6K6k	com.xiaoji.egggame.common.vjoy/values-zh-rCN/strings.commonMain.cvr	47
com.xiaoji.egggame.common.vjoy	string	common_vjoy_edit_default_state	默认状态	6buY6K6k54q25oCB	com.xiaoji.egggame.common.vjoy/values-zh-rCN/strings.commonMain.cvr	48
com.xiaoji.egggame.common.vjoy	string	common_vjoy_edit_delay_duration	延迟时长	5bu26L+f5pe26ZW/	com.xiaoji.egggame.common.vjoy/values-zh-rCN/strings.commonMain.cvr	49
com.xiaoji.egggame.common.vjoy	string	common_vjoy_edit_delay	延迟	5bu26L+f	com.xiaoji.egggame.common.vjoy/values-zh-rCN/strings.commonMain.cvr	50
com.xiaoji.egggame.common.vjoy	string	common_vjoy_edit_delete_confirm	确定要删除 '%1$s'?	56Gu5a6a6KaB5Yig6ZmkICclMSRzJz8=	com.xiaoji.egggame.common.vjoy/values-zh-rCN/strings.commonMain.cvr	51
com.xiaoji.egggame.common.vjoy	string	common_vjoy_edit_delete_folder_confirm	确定要删除文件夹 '%1$s'?	56Gu5a6a6KaB5Yig6Zmk5paH5Lu25aS5ICclMSRzJz8=	com.xiaoji.egggame.common.vjoy/values-zh-rCN/strings.commonMain.cvr	52
com.xiaoji.egggame.common.vjoy	string	common_vjoy_edit_delete	删除	5Yig6Zmk	com.xiaoji.egggame.common.vjoy/values-zh-rCN/strings.commonMain.cvr	53
com.xiaoji.egggame.common.vjoy	string	common_vjoy_edit_direction_down	下	5LiL	com.xiaoji.egggame.common.vjoy/values-zh-rCN/strings.commonMain.cvr	54
com.xiaoji.egggame.common.vjoy	string	common_vjoy_edit_direction_left	左	5bem	com.xiaoji.egggame.common.vjoy/values-zh-rCN/strings.commonMain.cvr	55
com.xiaoji.egggame.common.vjoy	string	common_vjoy_edit_direction_right	右	5Y+z	com.xiaoji.egggame.common.vjoy/values-zh-rCN/strings.commonMain.cvr	56
com.xiaoji.egggame.common.vjoy	string	common_vjoy_edit_direction_up	上	5LiK	com.xiaoji.egggame.common.vjoy/values-zh-rCN/strings.commonMain.cvr	57
com.xiaoji.egggame.common.vjoy	string	common_vjoy_edit_divider_width	分割线宽度	5YiG5Ymy57q/5a695bqm	com.xiaoji.egggame.common.vjoy/values-zh-rCN/strings.commonMain.cvr	58
com.xiaoji.egggame.common.vjoy	string	common_vjoy_edit_done	完成	5a6M5oiQ	com.xiaoji.egggame.common.vjoy/values-zh-rCN/strings.commonMain.cvr	59
com.xiaoji.egggame.common.vjoy	string	common_vjoy_edit_dpad_base_direction	原图指向	5Y6f5Zu+5oyH5ZCR	com.xiaoji.egggame.common.vjoy/values-zh-rCN/strings.commonMain.cvr	60
com.xiaoji.egggame.common.vjoy	string	common_vjoy_edit_dpad_diagonal_enabled_desc	关闭后任一时刻仅触发单方向（4 向模式）	5YWz6Zet5ZCO5Lu75LiA5pe25Yi75LuF6Kem5Y+R5Y2V5pa55ZCR77yINCDlkJHmqKHlvI/vvIk=	com.xiaoji.egggame.common.vjoy/values-zh-rCN/strings.commonMain.cvr	61
com.xiaoji.egggame.common.vjoy	string	common_vjoy_edit_dpad_diagonal_enabled	斜向触发	5pac5ZCR6Kem5Y+R	com.xiaoji.egggame.common.vjoy/values-zh-rCN/strings.commonMain.cvr	62
com.xiaoji.egggame.common.vjoy	string	common_vjoy_edit_dpad_diagonal_threshold	斜向灵敏度	5pac5ZCR54G15pWP5bqm	com.xiaoji.egggame.common.vjoy/values-zh-rCN/strings.commonMain.cvr	63
com.xiaoji.egggame.common.vjoy	string	common_vjoy_edit_dpad_settings	方向键设置	5pa55ZCR6ZSu6K6+572u	com.xiaoji.egggame.common.vjoy/values-zh-rCN/strings.commonMain.cvr	64
com.xiaoji.egggame.common.vjoy	string	common_vjoy_edit_dpad_style_settings	样式设置	5qC35byP6K6+572u	com.xiaoji.egggame.common.vjoy/values-zh-rCN/strings.commonMain.cvr	65
com.xiaoji.egggame.common.vjoy	string	common_vjoy_edit_dynamic_instant_snap_desc	开启后，在动态范围内任意位置触摸都会立刻按该方向输入摇杆事件，而不是移动摇杆原点	5byA5ZCv5ZCO77yM5Zyo5Yqo5oCB6IyD5Zu05YaF5Lu75oSP5L2N572u6Kem5pG46YO95Lya56uL5Yi75oyJ6K+l5pa55ZCR6L6T5YWl5pGH5p2G5LqL5Lu277yM6ICM5LiN5piv56e75Yqo5pGH5p2G5Y6f54K5	com.xiaoji.egggame.common.vjoy/values-zh-rCN/strings.commonMain.cvr	66
com.xiaoji.egggame.common.vjoy	string	common_vjoy_edit_dynamic_instant_snap	触摸即触发	6Kem5pG45Y2z6Kem5Y+R	com.xiaoji.egggame.common.vjoy/values-zh-rCN/strings.commonMain.cvr	67
com.xiaoji.egggame.common.vjoy	string	common_vjoy_edit_dynamic_range_mode	动态范围模式	5Yqo5oCB6IyD5Zu05qih5byP	com.xiaoji.egggame.common.vjoy/values-zh-rCN/strings.commonMain.cvr	68
com.xiaoji.egggame.common.vjoy	string	common_vjoy_edit_edit_control	编辑 %1$s	57yW6L6RICUxJHM=	com.xiaoji.egggame.common.vjoy/values-zh-rCN/strings.commonMain.cvr	69
com.xiaoji.egggame.common.vjoy	string	common_vjoy_edit_edit_macro	编辑宏	57yW6L6R5a6P	com.xiaoji.egggame.common.vjoy/values-zh-rCN/strings.commonMain.cvr	70
com.xiaoji.egggame.common.vjoy	string	common_vjoy_edit_empty_folder	空文件夹	56m65paH5Lu25aS5	com.xiaoji.egggame.common.vjoy/values-zh-rCN/strings.commonMain.cvr	71
com.xiaoji.egggame.common.vjoy	string	common_vjoy_edit_empty	空	56m6	com.xiaoji.egggame.common.vjoy/values-zh-rCN/strings.commonMain.cvr	72
com.xiaoji.egggame.common.vjoy	string	common_vjoy_edit_enable_ripple	启用波纹效果	5ZCv55So5rOi57q55pWI5p6c	com.xiaoji.egggame.common.vjoy/values-zh-rCN/strings.commonMain.cvr	73
com.xiaoji.egggame.common.vjoy	string	common_vjoy_edit_enable_tint	启用着色	5ZCv55So552A6Imy	com.xiaoji.egggame.common.vjoy/values-zh-rCN/strings.commonMain.cvr	74
com.xiaoji.egggame.common.vjoy	string	common_vjoy_edit_enter_name	输入名称	6L6T5YWl5ZCN56ew	com.xiaoji.egggame.common.vjoy/values-zh-rCN/strings.commonMain.cvr	75
com.xiaoji.egggame.common.vjoy	string	common_vjoy_edit_fill_color	填充颜色	5aGr5YWF6aKc6Imy	com.xiaoji.egggame.common.vjoy/values-zh-rCN/strings.commonMain.cvr	76
com.xiaoji.egggame.common.vjoy	string	common_vjoy_edit_glow_width	光环宽度	5YWJ546v5a695bqm	com.xiaoji.egggame.common.vjoy/values-zh-rCN/strings.commonMain.cvr	77
com.xiaoji.egggame.common.vjoy	string	common_vjoy_edit_hide_bg_when_idle	闲置时隐藏背景	6Zey572u5pe26ZqQ6JeP6IOM5pmv	com.xiaoji.egggame.common.vjoy/values-zh-rCN/strings.commonMain.cvr	78
com.xiaoji.egggame.common.vjoy	string	common_vjoy_edit_icon_clip	图标裁剪	5Zu+5qCH6KOB5Ymq	com.xiaoji.egggame.common.vjoy/values-zh-rCN/strings.commonMain.cvr	79
com.xiaoji.egggame.common.vjoy	string	common_vjoy_edit_icon_file_too_large	文件过大：%1$s，最大支持 %2$s	5paH5Lu26L+H5aSn77yaJTEkc++8jOacgOWkp+aUr+aMgSAlMiRz	com.xiaoji.egggame.common.vjoy/values-zh-rCN/strings.commonMain.cvr	80
com.xiaoji.egggame.common.vjoy	string	common_vjoy_edit_icon_scale_x	图标横向拉伸	5Zu+5qCH5qiq5ZCR5ouJ5Ly4	com.xiaoji.egggame.common.vjoy/values-zh-rCN/strings.commonMain.cvr	81
com.xiaoji.egggame.common.vjoy	string	common_vjoy_edit_icon_scale_y	图标纵向拉伸	5Zu+5qCH57q15ZCR5ouJ5Ly4	com.xiaoji.egggame.common.vjoy/values-zh-rCN/strings.commonMain.cvr	82
com.xiaoji.egggame.common.vjoy	string	common_vjoy_edit_icon_settings	图标设置	5Zu+5qCH6K6+572u	com.xiaoji.egggame.common.vjoy/values-zh-rCN/strings.commonMain.cvr	83
com.xiaoji.egggame.common.vjoy	string	common_vjoy_edit_import_icon_pack	导入图标包	5a+85YWl5Zu+5qCH5YyF	com.xiaoji.egggame.common.vjoy/values-zh-rCN/strings.commonMain.cvr	84
com.xiaoji.egggame.common.vjoy	string	common_vjoy_edit_import_icon	导入图标	5a+85YWl5Zu+5qCH	com.xiaoji.egggame.common.vjoy/values-zh-rCN/strings.commonMain.cvr	85
com.xiaoji.egggame.common.vjoy	string	common_vjoy_edit_import	导入	5a+85YWl	com.xiaoji.egggame.common.vjoy/values-zh-rCN/strings.commonMain.cvr	86
com.xiaoji.egggame.common.vjoy	string	common_vjoy_edit_inner_icon_default	内部图标 (默认)	5YaF6YOo5Zu+5qCHICjpu5jorqQp	com.xiaoji.egggame.common.vjoy/values-zh-rCN/strings.commonMain.cvr	87
com.xiaoji.egggame.common.vjoy	string	common_vjoy_edit_inner_icon_pressed	内部图标 (按下)	5YaF6YOo5Zu+5qCHICjmjInkuIsp	com.xiaoji.egggame.common.vjoy/values-zh-rCN/strings.commonMain.cvr	88
com.xiaoji.egggame.common.vjoy	string	common_vjoy_edit_joystick_style_settings	样式设置	5qC35byP6K6+572u	com.xiaoji.egggame.common.vjoy/values-zh-rCN/strings.commonMain.cvr	89
com.xiaoji.egggame.common.vjoy	string	common_vjoy_edit_key_group_add_keycap	添加按键	5re75Yqg5oyJ6ZSu	com.xiaoji.egggame.common.vjoy/values-zh-rCN/strings.commonMain.cvr	90
com.xiaoji.egggame.common.vjoy	string	common_vjoy_edit_key_group_apply_preset_message	将当前所有按键替换为「%1$s」预设？	5bCG5b2T5YmN5omA5pyJ5oyJ6ZSu5pu/5o2i5Li644CMJTEkc+OAjemihOiuvu+8nw==	com.xiaoji.egggame.common.vjoy/values-zh-rCN/strings.commonMain.cvr	91
com.xiaoji.egggame.common.vjoy	string	common_vjoy_edit_key_group_apply_preset_title	应用预设？	5bqU55So6aKE6K6+77yf	com.xiaoji.egggame.common.vjoy/values-zh-rCN/strings.commonMain.cvr	92
com.xiaoji.egggame.common.vjoy	string	common_vjoy_edit_key_group_apply_to_custom	应用到当前	5bqU55So5Yiw5b2T5YmN	com.xiaoji.egggame.common.vjoy/values-zh-rCN/strings.commonMain.cvr	93
com.xiaoji.egggame.common.vjoy	string	common_vjoy_edit_key_group_item_appearance	子项外观样式	5a2Q6aG55aSW6KeC5qC35byP	com.xiaoji.egggame.common.vjoy/values-zh-rCN/strings.commonMain.cvr	94
com.xiaoji.egggame.common.vjoy	string	common_vjoy_edit_key_group_item_aspect_ratio	子项纵横比例	5a2Q6aG557q15qiq5q+U5L6L	com.xiaoji.egggame.common.vjoy/values-zh-rCN/strings.commonMain.cvr	95
com.xiaoji.egggame.common.vjoy	string	common_vjoy_edit_key_group_item_style_settings	子项样式设置	5a2Q6aG55qC35byP6K6+572u	com.xiaoji.egggame.common.vjoy/values-zh-rCN/strings.commonMain.cvr	96
com.xiaoji.egggame.common.vjoy	string	common_vjoy_edit_key_group_item_text_style	子项文字样式	5a2Q6aG55paH5a2X5qC35byP	com.xiaoji.egggame.common.vjoy/values-zh-rCN/strings.commonMain.cvr	97
com.xiaoji.egggame.common.vjoy	string	common_vjoy_edit_key_group_keycaps_count	%1$d 个按键	JTEkZCDkuKrmjInplK4=	com.xiaoji.egggame.common.vjoy/values-zh-rCN/strings.commonMain.cvr	98
com.xiaoji.egggame.common.vjoy	string	common_vjoy_edit_key_group_keycaps_title	按键内容	5oyJ6ZSu5YaF5a65	com.xiaoji.egggame.common.vjoy/values-zh-rCN/strings.commonMain.cvr	99
com.xiaoji.egggame.common.vjoy	string	common_vjoy_edit_key_group_keycaps	按键内容	5oyJ6ZSu5YaF5a65	com.xiaoji.egggame.common.vjoy/values-zh-rCN/strings.commonMain.cvr	100
com.xiaoji.egggame.common.vjoy	string	common_vjoy_edit_key_group_orientation_horizontal	横排	5qiq5o6S	com.xiaoji.egggame.common.vjoy/values-zh-rCN/strings.commonMain.cvr	101
com.xiaoji.egggame.common.vjoy	string	common_vjoy_edit_key_group_orientation_vertical	竖排	56uW5o6S	com.xiaoji.egggame.common.vjoy/values-zh-rCN/strings.commonMain.cvr	102
com.xiaoji.egggame.common.vjoy	string	common_vjoy_edit_key_group_orientation	方向	5pa55ZCR	com.xiaoji.egggame.common.vjoy/values-zh-rCN/strings.commonMain.cvr	103
com.xiaoji.egggame.common.vjoy	string	common_vjoy_edit_key_group_preset_alpha	A-Z	QS1a	com.xiaoji.egggame.common.vjoy/values-zh-rCN/strings.commonMain.cvr	104
com.xiaoji.egggame.common.vjoy	string	common_vjoy_edit_key_group_preset_current	当前	5b2T5YmN	com.xiaoji.egggame.common.vjoy/values-zh-rCN/strings.commonMain.cvr	105
com.xiaoji.egggame.common.vjoy	string	common_vjoy_edit_key_group_preset_custom	自定义	6Ieq5a6a5LmJ	com.xiaoji.egggame.common.vjoy/values-zh-rCN/strings.commonMain.cvr	106
com.xiaoji.egggame.common.vjoy	string	common_vjoy_edit_key_group_preset_digit	0-9	MC05	com.xiaoji.egggame.common.vjoy/values-zh-rCN/strings.commonMain.cvr	107
com.xiaoji.egggame.common.vjoy	string	common_vjoy_edit_key_group_preset_function	F1-F12	RjEtRjEy	com.xiaoji.egggame.common.vjoy/values-zh-rCN/strings.commonMain.cvr	108
com.xiaoji.egggame.common.vjoy	string	common_vjoy_edit_key_group_preset_numpad	小键盘	5bCP6ZSu55uY	com.xiaoji.egggame.common.vjoy/values-zh-rCN/strings.commonMain.cvr	109
com.xiaoji.egggame.common.vjoy	string	common_vjoy_edit_key_group_preset	预设	6aKE6K6+	com.xiaoji.egggame.common.vjoy/values-zh-rCN/strings.commonMain.cvr	110
com.xiaoji.egggame.common.vjoy	string	common_vjoy_edit_key_group_settings	按键组	5oyJ6ZSu57uE	com.xiaoji.egggame.common.vjoy/values-zh-rCN/strings.commonMain.cvr	111
com.xiaoji.egggame.common.vjoy	string	common_vjoy_edit_key_group_style_settings	样式设置	5qC35byP6K6+572u	com.xiaoji.egggame.common.vjoy/values-zh-rCN/strings.commonMain.cvr	112
com.xiaoji.egggame.common.vjoy	string	common_vjoy_edit_key_group_visible_count	显示数量	5pi+56S65pWw6YeP	com.xiaoji.egggame.common.vjoy/values-zh-rCN/strings.commonMain.cvr	113
com.xiaoji.egggame.common.vjoy	string	common_vjoy_edit_key_group_wrap_desc	滑到末尾自动循环到开头	5ruR5Yiw5pyr5bC+6Ieq5Yqo5b6q546v5Yiw5byA5aS0	com.xiaoji.egggame.common.vjoy/values-zh-rCN/strings.commonMain.cvr	114
com.xiaoji.egggame.common.vjoy	string	common_vjoy_edit_key_group_wrap	循环滚动	5b6q546v5rua5Yqo	com.xiaoji.egggame.common.vjoy/values-zh-rCN/strings.commonMain.cvr	115
com.xiaoji.egggame.common.vjoy	string	common_vjoy_edit_key_spacing	按键间距	5oyJ6ZSu6Ze06Led	com.xiaoji.egggame.common.vjoy/values-zh-rCN/strings.commonMain.cvr	116
com.xiaoji.egggame.common.vjoy	string	common_vjoy_edit_key_switch_layer	切换图层	5YiH5o2i5Zu+5bGC	com.xiaoji.egggame.common.vjoy/values-zh-rCN/strings.commonMain.cvr	117
com.xiaoji.egggame.common.vjoy	string	common_vjoy_edit_key	按键	5oyJ6ZSu	com.xiaoji.egggame.common.vjoy/values-zh-rCN/strings.commonMain.cvr	118
com.xiaoji.egggame.common.vjoy	string	common_vjoy_edit_label	标签	5qCH562+	com.xiaoji.egggame.common.vjoy/values-zh-rCN/strings.commonMain.cvr	119
com.xiaoji.egggame.common.vjoy	string	common_vjoy_edit_layer_action_delete_cd	删除图层	5Yig6Zmk5Zu+5bGC	com.xiaoji.egggame.common.vjoy/values-zh-rCN/strings.commonMain.cvr	120
com.xiaoji.egggame.common.vjoy	string	common_vjoy_edit_layer_action_duplicate_cd	复制图层	5aSN5Yi25Zu+5bGC	com.xiaoji.egggame.common.vjoy/values-zh-rCN/strings.commonMain.cvr	121
com.xiaoji.egggame.common.vjoy	string	common_vjoy_edit_layer_action_rename_cd	重命名图层	6YeN5ZG95ZCN5Zu+5bGC	com.xiaoji.egggame.common.vjoy/values-zh-rCN/strings.commonMain.cvr	122
com.xiaoji.egggame.common.vjoy	string	common_vjoy_edit_layer_copy_suffix	副本	5Ymv5pys	com.xiaoji.egggame.common.vjoy/values-zh-rCN/strings.commonMain.cvr	123
com.xiaoji.egggame.common.vjoy	string	common_vjoy_edit_layer_delete_message	该图层中的所有按键将一并删除，可通过撤销恢复。	6K+l5Zu+5bGC5Lit55qE5omA5pyJ5oyJ6ZSu5bCG5LiA5bm25Yig6Zmk77yM5Y+v6YCa6L+H5pKk6ZSA5oGi5aSN44CC	com.xiaoji.egggame.common.vjoy/values-zh-rCN/strings.commonMain.cvr	124
com.xiaoji.egggame.common.vjoy	string	common_vjoy_edit_layer_delete_title	删除该图层？	5Yig6Zmk6K+l5Zu+5bGC77yf	com.xiaoji.egggame.common.vjoy/values-zh-rCN/strings.commonMain.cvr	125
com.xiaoji.egggame.common.vjoy	string	common_vjoy_edit_layer_dropdown_new	新建图层	5paw5bu65Zu+5bGC	com.xiaoji.egggame.common.vjoy/values-zh-rCN/strings.commonMain.cvr	126
com.xiaoji.egggame.common.vjoy	string	common_vjoy_edit_layer_rename_hint	图层名称	5Zu+5bGC5ZCN56ew	com.xiaoji.egggame.common.vjoy/values-zh-rCN/strings.commonMain.cvr	127
com.xiaoji.egggame.common.vjoy	string	common_vjoy_edit_layer_rename_title	重命名图层	6YeN5ZG95ZCN5Zu+5bGC	com.xiaoji.egggame.common.vjoy/values-zh-rCN/strings.commonMain.cvr	128
com.xiaoji.egggame.common.vjoy	string	common_vjoy_edit_left_stick	左摇杆	5bem5pGH5p2G	com.xiaoji.egggame.common.vjoy/values-zh-rCN/strings.commonMain.cvr	129
com.xiaoji.egggame.common.vjoy	string	common_vjoy_edit_macro_add_layer_switch	添加图层切换	5re75Yqg5Zu+5bGC5YiH5o2i	com.xiaoji.egggame.common.vjoy/values-zh-rCN/strings.commonMain.cvr	130
com.xiaoji.egggame.common.vjoy	string	common_vjoy_edit_macro_editor	宏编辑器	5a6P57yW6L6R5Zmo	com.xiaoji.egggame.common.vjoy/values-zh-rCN/strings.commonMain.cvr	131
com.xiaoji.egggame.common.vjoy	string	common_vjoy_edit_macro	宏	5a6P	com.xiaoji.egggame.common.vjoy/values-zh-rCN/strings.commonMain.cvr	132
com.xiaoji.egggame.common.vjoy	string	common_vjoy_edit_mapping	按键映射	5oyJ6ZSu5pig5bCE	com.xiaoji.egggame.common.vjoy/values-zh-rCN/strings.commonMain.cvr	133
com.xiaoji.egggame.common.vjoy	string	common_vjoy_edit_mouse_left	左键	5bem6ZSu	com.xiaoji.egggame.common.vjoy/values-zh-rCN/strings.commonMain.cvr	134
com.xiaoji.egggame.common.vjoy	string	common_vjoy_edit_mouse_middle	中键	5Lit6ZSu	com.xiaoji.egggame.common.vjoy/values-zh-rCN/strings.commonMain.cvr	135
com.xiaoji.egggame.common.vjoy	string	common_vjoy_edit_mouse_move_down	鼠标下移	6byg5qCH5LiL56e7	com.xiaoji.egggame.common.vjoy/values-zh-rCN/strings.commonMain.cvr	136
com.xiaoji.egggame.common.vjoy	string	common_vjoy_edit_mouse_move_left	鼠标左移	6byg5qCH5bem56e7	com.xiaoji.egggame.common.vjoy/values-zh-rCN/strings.commonMain.cvr	137
com.xiaoji.egggame.common.vjoy	string	common_vjoy_edit_mouse_move_right	鼠标右移	6byg5qCH5Y+z56e7	com.xiaoji.egggame.common.vjoy/values-zh-rCN/strings.commonMain.cvr	138
com.xiaoji.egggame.common.vjoy	string	common_vjoy_edit_mouse_move_speed	鼠标移动速度	6byg5qCH56e75Yqo6YCf5bqm	com.xiaoji.egggame.common.vjoy/values-zh-rCN/strings.commonMain.cvr	139
com.xiaoji.egggame.common.vjoy	string	common_vjoy_edit_mouse_move_up	鼠标上移	6byg5qCH5LiK56e7	com.xiaoji.egggame.common.vjoy/values-zh-rCN/strings.commonMain.cvr	140
com.xiaoji.egggame.common.vjoy	string	common_vjoy_edit_mouse_right	右键	5Y+z6ZSu	com.xiaoji.egggame.common.vjoy/values-zh-rCN/strings.commonMain.cvr	141
com.xiaoji.egggame.common.vjoy	string	common_vjoy_edit_mouse_side_lower	下侧键	5LiL5L6n6ZSu	com.xiaoji.egggame.common.vjoy/values-zh-rCN/strings.commonMain.cvr	142
com.xiaoji.egggame.common.vjoy	string	common_vjoy_edit_mouse_side_upper	上侧键	5LiK5L6n6ZSu	com.xiaoji.egggame.common.vjoy/values-zh-rCN/strings.commonMain.cvr	143
com.xiaoji.egggame.common.vjoy	string	common_vjoy_edit_mouse_wheel_down	下滚轮	5LiL5rua6L2u	com.xiaoji.egggame.common.vjoy/values-zh-rCN/strings.commonMain.cvr	144
com.xiaoji.egggame.common.vjoy	string	common_vjoy_edit_mouse_wheel_up	上滚轮	5LiK5rua6L2u	com.xiaoji.egggame.common.vjoy/values-zh-rCN/strings.commonMain.cvr	145
com.xiaoji.egggame.common.vjoy	string	common_vjoy_edit_no_actions	暂无动作	5pqC5peg5Yqo5L2c	com.xiaoji.egggame.common.vjoy/values-zh-rCN/strings.commonMain.cvr	146
com.xiaoji.egggame.common.vjoy	string	common_vjoy_edit_none	无	5peg	com.xiaoji.egggame.common.vjoy/values-zh-rCN/strings.commonMain.cvr	147
com.xiaoji.egggame.common.vjoy	string	common_vjoy_edit_numpad_keys	数字键	5pWw5a2X6ZSu	com.xiaoji.egggame.common.vjoy/values-zh-rCN/strings.commonMain.cvr	148
com.xiaoji.egggame.common.vjoy	string	common_vjoy_edit_ok	确定	56Gu5a6a	com.xiaoji.egggame.common.vjoy/values-zh-rCN/strings.commonMain.cvr	149
com.xiaoji.egggame.common.vjoy	string	common_vjoy_edit_opacity	不透明度	5LiN6YCP5piO5bqm	com.xiaoji.egggame.common.vjoy/values-zh-rCN/strings.commonMain.cvr	150
com.xiaoji.egggame.common.vjoy	string	common_vjoy_edit_outer_icon_default	外部图标 (默认)	5aSW6YOo5Zu+5qCHICjpu5jorqQp	com.xiaoji.egggame.common.vjoy/values-zh-rCN/strings.commonMain.cvr	151
com.xiaoji.egggame.common.vjoy	string	common_vjoy_edit_outer_icon_pressed	外部图标 (按下)	5aSW6YOo5Zu+5qCHICjmjInkuIsp	com.xiaoji.egggame.common.vjoy/values-zh-rCN/strings.commonMain.cvr	152
com.xiaoji.egggame.common.vjoy	string	common_vjoy_edit_outer_size	外部尺寸	5aSW6YOo5bC65a+4	com.xiaoji.egggame.common.vjoy/values-zh-rCN/strings.commonMain.cvr	153
com.xiaoji.egggame.common.vjoy	string	common_vjoy_edit_overall_scale	整体缩放	5pW05L2T57yp5pS+	com.xiaoji.egggame.common.vjoy/values-zh-rCN/strings.commonMain.cvr	154
com.xiaoji.egggame.common.vjoy	string	common_vjoy_edit_press_effect	按压效果	5oyJ5Y6L5pWI5p6c	com.xiaoji.egggame.common.vjoy/values-zh-rCN/strings.commonMain.cvr	155
com.xiaoji.egggame.common.vjoy	string	common_vjoy_edit_pressed_icon	按下后图标	5oyJ5LiL5ZCO5Zu+5qCH	com.xiaoji.egggame.common.vjoy/values-zh-rCN/strings.commonMain.cvr	156
com.xiaoji.egggame.common.vjoy	string	common_vjoy_edit_pressed_opacity	按下后不透明度	5oyJ5LiL5ZCO5LiN6YCP5piO5bqm	com.xiaoji.egggame.common.vjoy/values-zh-rCN/strings.commonMain.cvr	157
com.xiaoji.egggame.common.vjoy	string	common_vjoy_edit_pressed_state	按下状态	5oyJ5LiL54q25oCB	com.xiaoji.egggame.common.vjoy/values-zh-rCN/strings.commonMain.cvr	158
com.xiaoji.egggame.common.vjoy	string	common_vjoy_edit_right_stick	右摇杆	5Y+z5pGH5p2G	com.xiaoji.egggame.common.vjoy/values-zh-rCN/strings.commonMain.cvr	159
com.xiaoji.egggame.common.vjoy	string	common_vjoy_edit_ripple_color	波纹颜色	5rOi57q56aKc6Imy	com.xiaoji.egggame.common.vjoy/values-zh-rCN/strings.commonMain.cvr	160
com.xiaoji.egggame.common.vjoy	string	common_vjoy_edit_rotation_angle	旋转角度	5peL6L2s6KeS5bqm	com.xiaoji.egggame.common.vjoy/values-zh-rCN/strings.commonMain.cvr	161
com.xiaoji.egggame.common.vjoy	string	common_vjoy_edit_scale_mode_crop	裁剪填充	6KOB5Ymq5aGr5YWF	com.xiaoji.egggame.common.vjoy/values-zh-rCN/strings.commonMain.cvr	162
com.xiaoji.egggame.common.vjoy	string	common_vjoy_edit_scale_mode_fill_height	填充高度	5aGr5YWF6auY5bqm	com.xiaoji.egggame.common.vjoy/values-zh-rCN/strings.commonMain.cvr	163
com.xiaoji.egggame.common.vjoy	string	common_vjoy_edit_scale_mode_fill_width	填充宽度	5aGr5YWF5a695bqm	com.xiaoji.egggame.common.vjoy/values-zh-rCN/strings.commonMain.cvr	164
com.xiaoji.egggame.common.vjoy	string	common_vjoy_edit_scale_mode_fill	拉伸填充	5ouJ5Ly45aGr5YWF	com.xiaoji.egggame.common.vjoy/values-zh-rCN/strings.commonMain.cvr	165
com.xiaoji.egggame.common.vjoy	string	common_vjoy_edit_scale_mode_fit	适应	6YCC5bqU	com.xiaoji.egggame.common.vjoy/values-zh-rCN/strings.commonMain.cvr	166
com.xiaoji.egggame.common.vjoy	string	common_vjoy_edit_scale_mode_none	原始大小	5Y6f5aeL5aSn5bCP	com.xiaoji.egggame.common.vjoy/values-zh-rCN/strings.commonMain.cvr	167
com.xiaoji.egggame.common.vjoy	string	common_vjoy_edit_scale_mode	显示方式	5pi+56S65pa55byP	com.xiaoji.egggame.common.vjoy/values-zh-rCN/strings.commonMain.cvr	168
com.xiaoji.egggame.common.vjoy	string	common_vjoy_edit_search	搜索...	5pCc57SiLi4u	com.xiaoji.egggame.common.vjoy/values-zh-rCN/strings.commonMain.cvr	169
com.xiaoji.egggame.common.vjoy	string	common_vjoy_edit_select_icon_or_pack	选择图标或图标包	6YCJ5oup5Zu+5qCH5oiW5Zu+5qCH5YyF	com.xiaoji.egggame.common.vjoy/values-zh-rCN/strings.commonMain.cvr	170
com.xiaoji.egggame.common.vjoy	string	common_vjoy_edit_select_icon	选择图标	6YCJ5oup5Zu+5qCH	com.xiaoji.egggame.common.vjoy/values-zh-rCN/strings.commonMain.cvr	171
com.xiaoji.egggame.common.vjoy	string	common_vjoy_edit_select_key_hint	选择按键...	6YCJ5oup5oyJ6ZSuLi4u	com.xiaoji.egggame.common.vjoy/values-zh-rCN/strings.commonMain.cvr	172
com.xiaoji.egggame.common.vjoy	string	common_vjoy_edit_select_key	选择按键	6YCJ5oup5oyJ6ZSu	com.xiaoji.egggame.common.vjoy/values-zh-rCN/strings.commonMain.cvr	173
com.xiaoji.egggame.common.vjoy	string	common_vjoy_edit_select_layer_title	选择图层	6YCJ5oup5Zu+5bGC	com.xiaoji.egggame.common.vjoy/values-zh-rCN/strings.commonMain.cvr	174
com.xiaoji.egggame.common.vjoy	string	common_vjoy_edit_select_shape	选择形状	6YCJ5oup5b2i54q2	com.xiaoji.egggame.common.vjoy/values-zh-rCN/strings.commonMain.cvr	175
com.xiaoji.egggame.common.vjoy	string	common_vjoy_edit_settings_global_scale	虚拟按键全局缩放	6Jma5ouf5oyJ6ZSu5YWo5bGA57yp5pS+	com.xiaoji.egggame.common.vjoy/values-zh-rCN/strings.commonMain.cvr	176
com.xiaoji.egggame.common.vjoy	string	common_vjoy_edit_settings_snap_enabled	对齐吸附	5a+56b2Q5ZC46ZmE	com.xiaoji.egggame.common.vjoy/values-zh-rCN/strings.commonMain.cvr	177
com.xiaoji.egggame.common.vjoy	string	common_vjoy_edit_settings_title	编辑器设置	57yW6L6R5Zmo6K6+572u	com.xiaoji.egggame.common.vjoy/values-zh-rCN/strings.commonMain.cvr	178
com.xiaoji.egggame.common.vjoy	string	common_vjoy_edit_shape_circle	圆形	5ZyG5b2i	com.xiaoji.egggame.common.vjoy/values-zh-rCN/strings.commonMain.cvr	179
com.xiaoji.egggame.common.vjoy	string	common_vjoy_edit_shape_none	无	5peg	com.xiaoji.egggame.common.vjoy/values-zh-rCN/strings.commonMain.cvr	180
com.xiaoji.egggame.common.vjoy	string	common_vjoy_edit_shape_polygon	多边形	5aSa6L655b2i	com.xiaoji.egggame.common.vjoy/values-zh-rCN/strings.commonMain.cvr	181
com.xiaoji.egggame.common.vjoy	string	common_vjoy_edit_shape_rectangle	矩形	55+p5b2i	com.xiaoji.egggame.common.vjoy/values-zh-rCN/strings.commonMain.cvr	182
com.xiaoji.egggame.common.vjoy	string	common_vjoy_edit_shape_trigger_lb	LB	TEI=	com.xiaoji.egggame.common.vjoy/values-zh-rCN/strings.commonMain.cvr	183
com.xiaoji.egggame.common.vjoy	string	common_vjoy_edit_shape_trigger_lt	LT	TFQ=	com.xiaoji.egggame.common.vjoy/values-zh-rCN/strings.commonMain.cvr	184
com.xiaoji.egggame.common.vjoy	string	common_vjoy_edit_shape_trigger_rb	RB	UkI=	com.xiaoji.egggame.common.vjoy/values-zh-rCN/strings.commonMain.cvr	185
com.xiaoji.egggame.common.vjoy	string	common_vjoy_edit_shape_trigger_rt	RT	UlQ=	com.xiaoji.egggame.common.vjoy/values-zh-rCN/strings.commonMain.cvr	186
com.xiaoji.egggame.common.vjoy	string	common_vjoy_edit_shape	形状	5b2i54q2	com.xiaoji.egggame.common.vjoy/values-zh-rCN/strings.commonMain.cvr	187
com.xiaoji.egggame.common.vjoy	string	common_vjoy_edit_shift_mode	Shift +	U2hpZnQgKw==	com.xiaoji.egggame.common.vjoy/values-zh-rCN/strings.commonMain.cvr	188
com.xiaoji.egggame.common.vjoy	string	common_vjoy_edit_sides_count	边数: %1$d	6L655pWwOiAlMSRk	com.xiaoji.egggame.common.vjoy/values-zh-rCN/strings.commonMain.cvr	189
com.xiaoji.egggame.common.vjoy	string	common_vjoy_edit_single_key	单键	5Y2V6ZSu	com.xiaoji.egggame.common.vjoy/values-zh-rCN/strings.commonMain.cvr	190
com.xiaoji.egggame.common.vjoy	string	common_vjoy_edit_size	尺寸	5bC65a+4	com.xiaoji.egggame.common.vjoy/values-zh-rCN/strings.commonMain.cvr	191
com.xiaoji.egggame.common.vjoy	string	common_vjoy_edit_stick_basic_settings	摇杆基础设置	5pGH5p2G5Z+656GA6K6+572u	com.xiaoji.egggame.common.vjoy/values-zh-rCN/strings.commonMain.cvr	192
com.xiaoji.egggame.common.vjoy	string	common_vjoy_edit_stick_default_state	摇杆默认状态	5pGH5p2G6buY6K6k54q25oCB	com.xiaoji.egggame.common.vjoy/values-zh-rCN/strings.commonMain.cvr	193
com.xiaoji.egggame.common.vjoy	string	common_vjoy_edit_stick_fill_color	摇杆填充颜色	5pGH5p2G5aGr5YWF6aKc6Imy	com.xiaoji.egggame.common.vjoy/values-zh-rCN/strings.commonMain.cvr	194
com.xiaoji.egggame.common.vjoy	string	common_vjoy_edit_stick_pressed_state	摇杆按下状态	5pGH5p2G5oyJ5LiL54q25oCB	com.xiaoji.egggame.common.vjoy/values-zh-rCN/strings.commonMain.cvr	195
com.xiaoji.egggame.common.vjoy	string	common_vjoy_edit_stick_size	摇杆尺寸	5pGH5p2G5bC65a+4	com.xiaoji.egggame.common.vjoy/values-zh-rCN/strings.commonMain.cvr	196
com.xiaoji.egggame.common.vjoy	string	common_vjoy_edit_stick_stroke_color	摇杆描边颜色	5pGH5p2G5o+P6L656aKc6Imy	com.xiaoji.egggame.common.vjoy/values-zh-rCN/strings.commonMain.cvr	197
com.xiaoji.egggame.common.vjoy	string	common_vjoy_edit_stick_stroke_width	摇杆描边宽度	5pGH5p2G5o+P6L655a695bqm	com.xiaoji.egggame.common.vjoy/values-zh-rCN/strings.commonMain.cvr	198
com.xiaoji.egggame.common.vjoy	string	common_vjoy_edit_stroke_color	描边颜色	5o+P6L656aKc6Imy	com.xiaoji.egggame.common.vjoy/values-zh-rCN/strings.commonMain.cvr	199
com.xiaoji.egggame.common.vjoy	string	common_vjoy_edit_stroke_settings	描边设置	5o+P6L656K6+572u	com.xiaoji.egggame.common.vjoy/values-zh-rCN/strings.commonMain.cvr	200
com.xiaoji.egggame.common.vjoy	string	common_vjoy_edit_stroke_width	描边宽度	5o+P6L655a695bqm	com.xiaoji.egggame.common.vjoy/values-zh-rCN/strings.commonMain.cvr	201
com.xiaoji.egggame.common.vjoy	string	common_vjoy_edit_sync	同步	5ZCM5q2l	com.xiaoji.egggame.common.vjoy/values-zh-rCN/strings.commonMain.cvr	202
com.xiaoji.egggame.common.vjoy	string	common_vjoy_edit_tab_gamepad	游戏手柄	5ri45oiP5omL5p+E	com.xiaoji.egggame.common.vjoy/values-zh-rCN/strings.commonMain.cvr	203
com.xiaoji.egggame.common.vjoy	string	common_vjoy_edit_tab_keyboard	主键盘	5Li76ZSu55uY	com.xiaoji.egggame.common.vjoy/values-zh-rCN/strings.commonMain.cvr	204
com.xiaoji.egggame.common.vjoy	string	common_vjoy_edit_tab_layer	图层	5Zu+5bGC	com.xiaoji.egggame.common.vjoy/values-zh-rCN/strings.commonMain.cvr	205
com.xiaoji.egggame.common.vjoy	string	common_vjoy_edit_tab_mouse	鼠标按键	6byg5qCH5oyJ6ZSu	com.xiaoji.egggame.common.vjoy/values-zh-rCN/strings.commonMain.cvr	206
com.xiaoji.egggame.common.vjoy	string	common_vjoy_edit_text_align_center	居中对齐	5bGF5Lit5a+56b2Q	com.xiaoji.egggame.common.vjoy/values-zh-rCN/strings.commonMain.cvr	207
com.xiaoji.egggame.common.vjoy	string	common_vjoy_edit_text_align_justify	两端对齐	5Lik56uv5a+56b2Q	com.xiaoji.egggame.common.vjoy/values-zh-rCN/strings.commonMain.cvr	208
com.xiaoji.egggame.common.vjoy	string	common_vjoy_edit_text_align_left	左对齐	5bem5a+56b2Q	com.xiaoji.egggame.common.vjoy/values-zh-rCN/strings.commonMain.cvr	209
com.xiaoji.egggame.common.vjoy	string	common_vjoy_edit_text_align_right	右对齐	5Y+z5a+56b2Q	com.xiaoji.egggame.common.vjoy/values-zh-rCN/strings.commonMain.cvr	210
com.xiaoji.egggame.common.vjoy	string	common_vjoy_edit_text_align	对齐方式	5a+56b2Q5pa55byP	com.xiaoji.egggame.common.vjoy/values-zh-rCN/strings.commonMain.cvr	211
com.xiaoji.egggame.common.vjoy	string	common_vjoy_edit_text_color	文字颜色	5paH5a2X6aKc6Imy	com.xiaoji.egggame.common.vjoy/values-zh-rCN/strings.commonMain.cvr	212
com.xiaoji.egggame.common.vjoy	string	common_vjoy_edit_text_size	字体大小	5a2X5L2T5aSn5bCP	com.xiaoji.egggame.common.vjoy/values-zh-rCN/strings.commonMain.cvr	213
com.xiaoji.egggame.common.vjoy	string	common_vjoy_edit_text_style_settings	文字样式	5paH5a2X5qC35byP	com.xiaoji.egggame.common.vjoy/values-zh-rCN/strings.commonMain.cvr	214
com.xiaoji.egggame.common.vjoy	string	common_vjoy_edit_text_weight_bold	粗体	57KX5L2T	com.xiaoji.egggame.common.vjoy/values-zh-rCN/strings.commonMain.cvr	215
com.xiaoji.egggame.common.vjoy	string	common_vjoy_edit_text_weight_medium	中等	5Lit562J	com.xiaoji.egggame.common.vjoy/values-zh-rCN/strings.commonMain.cvr	216
com.xiaoji.egggame.common.vjoy	string	common_vjoy_edit_text_weight_normal	常规	5bi46KeE	com.xiaoji.egggame.common.vjoy/values-zh-rCN/strings.commonMain.cvr	217
com.xiaoji.egggame.common.vjoy	string	common_vjoy_edit_text_weight_semibold	中粗	5Lit57KX	com.xiaoji.egggame.common.vjoy/values-zh-rCN/strings.commonMain.cvr	218
com.xiaoji.egggame.common.vjoy	string	common_vjoy_edit_text_weight	字体粗细	5a2X5L2T57KX57uG	com.xiaoji.egggame.common.vjoy/values-zh-rCN/strings.commonMain.cvr	219
com.xiaoji.egggame.common.vjoy	string	common_vjoy_edit_tint_color	着色颜色	552A6Imy6aKc6Imy	com.xiaoji.egggame.common.vjoy/values-zh-rCN/strings.commonMain.cvr	220
com.xiaoji.egggame.common.vjoy	string	common_vjoy_edit_toggle_desc	按一次激活，再按一次释放	5oyJ5LiA5qyh5r+A5rS777yM5YaN5oyJ5LiA5qyh6YeK5pS+	com.xiaoji.egggame.common.vjoy/values-zh-rCN/strings.commonMain.cvr	221
com.xiaoji.egggame.common.vjoy	string	common_vjoy_edit_toggle	切换模式	5YiH5o2i5qih5byP	com.xiaoji.egggame.common.vjoy/values-zh-rCN/strings.commonMain.cvr	222
com.xiaoji.egggame.common.vjoy	string	common_vjoy_edit_toolbar_add	添加	5re75Yqg	com.xiaoji.egggame.common.vjoy/values-zh-rCN/strings.commonMain.cvr	223
com.xiaoji.egggame.common.vjoy	string	common_vjoy_edit_toolbar_back	返回	6L+U5Zue	com.xiaoji.egggame.common.vjoy/values-zh-rCN/strings.commonMain.cvr	224
com.xiaoji.egggame.common.vjoy	string	common_vjoy_edit_toolbar_copy	复制	5aSN5Yi2	com.xiaoji.egggame.common.vjoy/values-zh-rCN/strings.commonMain.cvr	225
com.xiaoji.egggame.common.vjoy	string	common_vjoy_edit_toolbar_delete	删除	5Yig6Zmk	com.xiaoji.egggame.common.vjoy/values-zh-rCN/strings.commonMain.cvr	226
com.xiaoji.egggame.common.vjoy	string	common_vjoy_edit_toolbar_edit	编辑	57yW6L6R	com.xiaoji.egggame.common.vjoy/values-zh-rCN/strings.commonMain.cvr	227
com.xiaoji.egggame.common.vjoy	string	common_vjoy_edit_toolbar_redo	重做	6YeN5YGa	com.xiaoji.egggame.common.vjoy/values-zh-rCN/strings.commonMain.cvr	228
com.xiaoji.egggame.common.vjoy	string	common_vjoy_edit_toolbar_settings	设置	6K6+572u	com.xiaoji.egggame.common.vjoy/values-zh-rCN/strings.commonMain.cvr	229
com.xiaoji.egggame.common.vjoy	string	common_vjoy_edit_toolbar_undo	撤回	5pKk5Zue	com.xiaoji.egggame.common.vjoy/values-zh-rCN/strings.commonMain.cvr	230
com.xiaoji.egggame.common.vjoy	string	common_vjoy_edit_touch_sensitivity	触控灵敏度	6Kem5o6n54G15pWP5bqm	com.xiaoji.egggame.common.vjoy/values-zh-rCN/strings.commonMain.cvr	231
com.xiaoji.egggame.common.vjoy	string	common_vjoy_edit_touchpad_style_settings	样式设置	5qC35byP6K6+572u	com.xiaoji.egggame.common.vjoy/values-zh-rCN/strings.commonMain.cvr	232
com.xiaoji.egggame.common.vjoy	string	common_vjoy_edit_turbo_desc	按住时以设定速度自动连按	5oyJ5L2P5pe25Lul6K6+5a6a6YCf5bqm6Ieq5Yqo6L+e5oyJ	com.xiaoji.egggame.common.vjoy/values-zh-rCN/strings.commonMain.cvr	233
com.xiaoji.egggame.common.vjoy	string	common_vjoy_edit_turbo_hz	连发速度	6L+e5Y+R6YCf5bqm	com.xiaoji.egggame.common.vjoy/values-zh-rCN/strings.commonMain.cvr	234
com.xiaoji.egggame.common.vjoy	string	common_vjoy_edit_turbo_speed_per_second	每秒 %1$d 次	5q+P56eSICUxJGQg5qyh	com.xiaoji.egggame.common.vjoy/values-zh-rCN/strings.commonMain.cvr	235
com.xiaoji.egggame.common.vjoy	string	common_vjoy_edit_turbo	连发模式	6L+e5Y+R5qih5byP	com.xiaoji.egggame.common.vjoy/values-zh-rCN/strings.commonMain.cvr	236
com.xiaoji.egggame.common.vjoy	string	common_vjoy_edit_wait	等待	562J5b6F	com.xiaoji.egggame.common.vjoy/values-zh-rCN/strings.commonMain.cvr	237
com.xiaoji.egggame.common.vjoy	string	common_vjoy_edit_xinput	标准输入	5qCH5YeG6L6T5YWl	com.xiaoji.egggame.common.vjoy/values-zh-rCN/strings.commonMain.cvr	238
com.xiaoji.egggame.common.vjoy	string	common_vjoy_icon_error_operation_failed	操作失败，请重试	5pON5L2c5aSx6LSl77yM6K+36YeN6K+V	com.xiaoji.egggame.common.vjoy/values-zh-rCN/strings.commonMain.cvr	239
com.xiaoji.egggame.common.vjoy	string	common_vjoy_icon_error_unsupported_archive	不支持的压缩包：%1$s	5LiN5pSv5oyB55qE5Y6L57yp5YyF77yaJTEkcw==	com.xiaoji.egggame.common.vjoy/values-zh-rCN/strings.commonMain.cvr	240
com.xiaoji.egggame.common.vjoy	string	common_vjoy_icon_error_unsupported_file	不支持的文件：%1$s	5LiN5pSv5oyB55qE5paH5Lu277yaJTEkcw==	com.xiaoji.egggame.common.vjoy/values-zh-rCN/strings.commonMain.cvr	241
com.xiaoji.egggame.common.vjoy	string	common_vjoy_icon_folder_card_count	%1$d个	JTEkZOS4qg==	com.xiaoji.egggame.common.vjoy/values-zh-rCN/strings.commonMain.cvr	242
com.xiaoji.egggame.common.vjoy	string	common_vjoy_icon_toast_delete_failed	删除失败	5Yig6Zmk5aSx6LSl	com.xiaoji.egggame.common.vjoy/values-zh-rCN/strings.commonMain.cvr	243
com.xiaoji.egggame.common.vjoy	string	common_vjoy_icon_toast_delete_success	删除成功	5Yig6Zmk5oiQ5Yqf	com.xiaoji.egggame.common.vjoy/values-zh-rCN/strings.commonMain.cvr	244
com.xiaoji.egggame.common.vjoy	string	common_vjoy_icon_toast_download_failed	图标下载失败，请检查网络	5Zu+5qCH5LiL6L295aSx6LSl77yM6K+35qOA5p+l572R57uc	com.xiaoji.egggame.common.vjoy/values-zh-rCN/strings.commonMain.cvr	245
com.xiaoji.egggame.common.vjoy	string	common_vjoy_icon_toast_file_path_unavailable	文件路径不可用	5paH5Lu26Lev5b6E5LiN5Y+v55So	com.xiaoji.egggame.common.vjoy/values-zh-rCN/strings.commonMain.cvr	246
com.xiaoji.egggame.common.vjoy	string	common_vjoy_icon_toast_import_success	图标导入成功	5Zu+5qCH5a+85YWl5oiQ5Yqf	com.xiaoji.egggame.common.vjoy/values-zh-rCN/strings.commonMain.cvr	247
com.xiaoji.egggame.common.vjoy	string	common_vjoy_icon_toast_invalid_url	图标地址无效	5Zu+5qCH5Zyw5Z2A5peg5pWI	com.xiaoji.egggame.common.vjoy/values-zh-rCN/strings.commonMain.cvr	248
com.xiaoji.egggame.common.vjoy	string	common_vjoy_icon_toast_official_cannot_delete	无法删除官方样式	5peg5rOV5Yig6Zmk5a6Y5pa55qC35byP	com.xiaoji.egggame.common.vjoy/values-zh-rCN/strings.commonMain.cvr	249
com.xiaoji.egggame.common.vjoy	string	common_vjoy_icon_toast_official_cannot_import	无法在官方样式下导入文件	5peg5rOV5Zyo5a6Y5pa55qC35byP5LiL5a+85YWl5paH5Lu2	com.xiaoji.egggame.common.vjoy/values-zh-rCN/strings.commonMain.cvr	250
com.xiaoji.egggame.common.vjoy	string	common_vjoy_icon_toast_unsupported_format	图标格式不受支持	5Zu+5qCH5qC85byP5LiN5Y+X5pSv5oyB	com.xiaoji.egggame.common.vjoy/values-zh-rCN/strings.commonMain.cvr	251
com.xiaoji.egggame.common.vjoy	string	common_vjoy_iconmanager2_collapse	收起	5pS26LW3	com.xiaoji.egggame.common.vjoy/values-zh-rCN/strings.commonMain.cvr	252
com.xiaoji.egggame.common.vjoy	string	common_vjoy_iconmanager2_confirm_delete_folder_files	确定要删除 "%1$s" 中的所有图标吗？子文件夹不受影响。	56Gu5a6a6KaB5Yig6ZmkICIlMSRzIiDkuK3nmoTmiYDmnInlm77moIflkJfvvJ/lrZDmlofku7blpLnkuI3lj5flvbHlk43jgII=	com.xiaoji.egggame.common.vjoy/values-zh-rCN/strings.commonMain.cvr	253
com.xiaoji.egggame.common.vjoy	string	common_vjoy_iconmanager2_default_folder_title	默认文件夹	6buY6K6k5paH5Lu25aS5	com.xiaoji.egggame.common.vjoy/values-zh-rCN/strings.commonMain.cvr	254
com.xiaoji.egggame.common.vjoy	string	common_vjoy_iconmanager2_expand_all	展开全部	5bGV5byA5YWo6YOo	com.xiaoji.egggame.common.vjoy/values-zh-rCN/strings.commonMain.cvr	255
com.xiaoji.egggame.common.vjoy	string	common_vjoy_iconmanager2_icon_type_button	按钮	5oyJ6ZKu	com.xiaoji.egggame.common.vjoy/values-zh-rCN/strings.commonMain.cvr	256
com.xiaoji.egggame.common.vjoy	string	common_vjoy_iconmanager2_icon_type_combo	组合键	57uE5ZCI6ZSu	com.xiaoji.egggame.common.vjoy/values-zh-rCN/strings.commonMain.cvr	257
com.xiaoji.egggame.common.vjoy	string	common_vjoy_iconmanager2_icon_type_dpad	方向键	5pa55ZCR6ZSu	com.xiaoji.egggame.common.vjoy/values-zh-rCN/strings.commonMain.cvr	258
com.xiaoji.egggame.common.vjoy	string	common_vjoy_iconmanager2_icon_type_joystick	摇杆	5pGH5p2G	com.xiaoji.egggame.common.vjoy/values-zh-rCN/strings.commonMain.cvr	259
com.xiaoji.egggame.common.vjoy	string	common_vjoy_iconmanager2_icon_type_touchpad	触控板	6Kem5o6n5p2/	com.xiaoji.egggame.common.vjoy/values-zh-rCN/strings.commonMain.cvr	260
com.xiaoji.egggame.common.vjoy	string	common_vjoy_iconmanager2_icon_type_unknown	其他	5YW25LuW	com.xiaoji.egggame.common.vjoy/values-zh-rCN/strings.commonMain.cvr	261
com.xiaoji.egggame.common.vjoy	string	common_vjoy_iconmanager2_import_progress	导入中… %1$d / %2$d	5a+85YWl5Lit4oCmICUxJGQgLyAlMiRk	com.xiaoji.egggame.common.vjoy/values-zh-rCN/strings.commonMain.cvr	262
com.xiaoji.egggame.common.vjoy	string	common_vjoy_iconmanager2_recommend_for_type	适合「%1$s」的推荐图标	6YCC5ZCI44CMJTEkc+OAjeeahOaOqOiNkOWbvuaghw==	com.xiaoji.egggame.common.vjoy/values-zh-rCN/strings.commonMain.cvr	263
com.xiaoji.egggame.common.vjoy	string	common_vjoy_iconmanager2_search_empty_hint	换个关键词试试，或检查拼写。	5o2i5Liq5YWz6ZSu6K+N6K+V6K+V77yM5oiW5qOA5p+l5ou85YaZ44CC	com.xiaoji.egggame.common.vjoy/values-zh-rCN/strings.commonMain.cvr	264
com.xiaoji.egggame.common.vjoy	string	common_vjoy_iconmanager2_search_empty_title	没有找到 "%1$s"	5rKh5pyJ5om+5YiwICIlMSRzIg==	com.xiaoji.egggame.common.vjoy/values-zh-rCN/strings.commonMain.cvr	265
com.xiaoji.egggame.common.vjoy	string	common_vjoy_iconmanager2_search_load_failed_retry	加载失败，点击重试	5Yqg6L295aSx6LSl77yM54K55Ye76YeN6K+V	com.xiaoji.egggame.common.vjoy/values-zh-rCN/strings.commonMain.cvr	266
com.xiaoji.egggame.common.vjoy	string	common_vjoy_iconmanager2_search_section_empty	结果为空	57uT5p6c5Li656m6	com.xiaoji.egggame.common.vjoy/values-zh-rCN/strings.commonMain.cvr	267
com.xiaoji.egggame.common.vjoy	string	common_vjoy_iconmanager2_search_section_local	本地图标	5pys5Zyw5Zu+5qCH	com.xiaoji.egggame.common.vjoy/values-zh-rCN/strings.commonMain.cvr	268
com.xiaoji.egggame.common.vjoy	string	common_vjoy_iconmanager2_search_section_remote	推荐图标	5o6o6I2Q5Zu+5qCH	com.xiaoji.egggame.common.vjoy/values-zh-rCN/strings.commonMain.cvr	269
com.xiaoji.egggame.common.vjoy	string	common_vjoy_iconmanager2_section_all	全部图标	5YWo6YOo5Zu+5qCH	com.xiaoji.egggame.common.vjoy/values-zh-rCN/strings.commonMain.cvr	270
com.xiaoji.egggame.common.vjoy	string	common_vjoy_iconmanager2_zip_too_large	图标包过大（%1$s，上限 %2$s），请拆分后再导入。	5Zu+5qCH5YyF6L+H5aSn77yIJTEkc++8jOS4iumZkCAlMiRz77yJ77yM6K+35ouG5YiG5ZCO5YaN5a+85YWl44CC	com.xiaoji.egggame.common.vjoy/values-zh-rCN/strings.commonMain.cvr	271
com.xiaoji.egggame.common.vjoy	string	common_vjoy_layout_action_more	更多	5pu05aSa	com.xiaoji.egggame.common.vjoy/values-zh-rCN/strings.commonMain.cvr	272
com.xiaoji.egggame.common.vjoy	string	common_vjoy_layout_default_gamepad	手柄默认布局	5omL5p+E6buY6K6k5biD5bGA	com.xiaoji.egggame.common.vjoy/values-zh-rCN/strings.commonMain.cvr	273
com.xiaoji.egggame.common.vjoy	string	common_vjoy_layout_default_keyboard_shooting	键盘射击默认布局	6ZSu55uY5bCE5Ye76buY6K6k5biD5bGA	com.xiaoji.egggame.common.vjoy/values-zh-rCN/strings.commonMain.cvr	274
com.xiaoji.egggame.common.vjoy	string	common_vjoy_layout_default_keyboard	键鼠默认布局	6ZSu6byg6buY6K6k5biD5bGA	com.xiaoji.egggame.common.vjoy/values-zh-rCN/strings.commonMain.cvr	275
com.xiaoji.egggame.common.vjoy	string	common_vjoy_layout_dialog_copy_description	该方案将保存到【我的方案】中，是否使用以下命名	6K+l5pa55qGI5bCG5L+d5a2Y5Yiw44CQ5oiR55qE5pa55qGI44CR5Lit77yM5piv5ZCm5L2/55So5Lul5LiL5ZG95ZCN	com.xiaoji.egggame.common.vjoy/values-zh-rCN/strings.commonMain.cvr	276
com.xiaoji.egggame.common.vjoy	string	common_vjoy_layout_dialog_copy_title	复制布局	5aSN5Yi25biD5bGA	com.xiaoji.egggame.common.vjoy/values-zh-rCN/strings.commonMain.cvr	277
com.xiaoji.egggame.common.vjoy	string	common_vjoy_layout_dialog_create_cancel	取消	5Y+W5raI	com.xiaoji.egggame.common.vjoy/values-zh-rCN/strings.commonMain.cvr	278
com.xiaoji.egggame.common.vjoy	string	common_vjoy_layout_dialog_create_confirm	确认	56Gu6K6k	com.xiaoji.egggame.common.vjoy/values-zh-rCN/strings.commonMain.cvr	279
com.xiaoji.egggame.common.vjoy	string	common_vjoy_layout_dialog_create_name_hint	请输入名称	6K+36L6T5YWl5ZCN56ew	com.xiaoji.egggame.common.vjoy/values-zh-rCN/strings.commonMain.cvr	280
com.xiaoji.egggame.common.vjoy	string	common_vjoy_layout_dialog_create_title	创建布局	5Yib5bu65biD5bGA	com.xiaoji.egggame.common.vjoy/values-zh-rCN/strings.commonMain.cvr	281
com.xiaoji.egggame.common.vjoy	string	common_vjoy_layout_dialog_create_type_hint	游戏布局仅当前游戏显示，通用布局所有游戏显示	5ri45oiP5biD5bGA5LuF5b2T5YmN5ri45oiP5pi+56S677yM6YCa55So5biD5bGA5omA5pyJ5ri45oiP5pi+56S6	com.xiaoji.egggame.common.vjoy/values-zh-rCN/strings.commonMain.cvr	282
com.xiaoji.egggame.common.vjoy	string	common_vjoy_layout_dialog_create_type_label	布局类型	5biD5bGA57G75Z6L	com.xiaoji.egggame.common.vjoy/values-zh-rCN/strings.commonMain.cvr	283
com.xiaoji.egggame.common.vjoy	string	common_vjoy_layout_dialog_delete_message	是否删除该 %1$s 布局？	5piv5ZCm5Yig6Zmk6K+lICUxJHMg5biD5bGA77yf	com.xiaoji.egggame.common.vjoy/values-zh-rCN/strings.commonMain.cvr	284
com.xiaoji.egggame.common.vjoy	string	common_vjoy_layout_dialog_delete_title	删除布局	5Yig6Zmk5biD5bGA	com.xiaoji.egggame.common.vjoy/values-zh-rCN/strings.commonMain.cvr	285
com.xiaoji.egggame.common.vjoy	string	common_vjoy_layout_dialog_import_share_code_placeholder	请输入布局分享码	6K+36L6T5YWl5biD5bGA5YiG5Lqr56CB	com.xiaoji.egggame.common.vjoy/values-zh-rCN/strings.commonMain.cvr	286
com.xiaoji.egggame.common.vjoy	string	common_vjoy_layout_dialog_import_share_code_title	导入布局	5a+85YWl5biD5bGA	com.xiaoji.egggame.common.vjoy/values-zh-rCN/strings.commonMain.cvr	287
com.xiaoji.egggame.common.vjoy	string	common_vjoy_layout_dialog_prepare_share_placeholder	分享名称	5YiG5Lqr5ZCN56ew	com.xiaoji.egggame.common.vjoy/values-zh-rCN/strings.commonMain.cvr	288
com.xiaoji.egggame.common.vjoy	string	common_vjoy_layout_dialog_prepare_share_title	发布到云端	5Y+R5biD5Yiw5LqR56uv	com.xiaoji.egggame.common.vjoy/values-zh-rCN/strings.commonMain.cvr	289
com.xiaoji.egggame.common.vjoy	string	common_vjoy_layout_dialog_prepare_share_upload_original	上传原图	5LiK5Lyg5Y6f5Zu+	com.xiaoji.egggame.common.vjoy/values-zh-rCN/strings.commonMain.cvr	290
com.xiaoji.egggame.common.vjoy	string	common_vjoy_layout_dialog_share_code_close	关闭	5YWz6Zet	com.xiaoji.egggame.common.vjoy/values-zh-rCN/strings.commonMain.cvr	291
com.xiaoji.egggame.common.vjoy	string	common_vjoy_layout_dialog_share_code_copy_hint	复制布局码分享给好友	5aSN5Yi25biD5bGA56CB5YiG5Lqr57uZ5aW95Y+L	com.xiaoji.egggame.common.vjoy/values-zh-rCN/strings.commonMain.cvr	292
com.xiaoji.egggame.common.vjoy	string	common_vjoy_layout_dialog_share_code_copy	复制	5aSN5Yi2	com.xiaoji.egggame.common.vjoy/values-zh-rCN/strings.commonMain.cvr	293
com.xiaoji.egggame.common.vjoy	string	common_vjoy_layout_dialog_share_code_import_hint	好友可在"推荐"Tab中使用此码导入布局	5aW95Y+L5Y+v5ZyoIuaOqOiNkCJUYWLkuK3kvb/nlKjmraTnoIHlr7zlhaXluIPlsYA=	com.xiaoji.egggame.common.vjoy/values-zh-rCN/strings.commonMain.cvr	294
com.xiaoji.egggame.common.vjoy	string	common_vjoy_layout_dialog_share_code_title	布局码	5biD5bGA56CB	com.xiaoji.egggame.common.vjoy/values-zh-rCN/strings.commonMain.cvr	295
com.xiaoji.egggame.common.vjoy	string	common_vjoy_layout_func_apply	应用	5bqU55So	com.xiaoji.egggame.common.vjoy/values-zh-rCN/strings.commonMain.cvr	296
com.xiaoji.egggame.common.vjoy	string	common_vjoy_layout_func_copy	复制	5aSN5Yi2	com.xiaoji.egggame.common.vjoy/values-zh-rCN/strings.commonMain.cvr	297
com.xiaoji.egggame.common.vjoy	string	common_vjoy_layout_func_delete	删除	5Yig6Zmk	com.xiaoji.egggame.common.vjoy/values-zh-rCN/strings.commonMain.cvr	298
com.xiaoji.egggame.common.vjoy	string	common_vjoy_layout_func_edit	编辑	57yW6L6R	com.xiaoji.egggame.common.vjoy/values-zh-rCN/strings.commonMain.cvr	299
com.xiaoji.egggame.common.vjoy	string	common_vjoy_layout_func_export	导出	5a+85Ye6	com.xiaoji.egggame.common.vjoy/values-zh-rCN/strings.commonMain.cvr	300
com.xiaoji.egggame.common.vjoy	string	common_vjoy_layout_func_share_code	分享码	5YiG5Lqr56CB	com.xiaoji.egggame.common.vjoy/values-zh-rCN/strings.commonMain.cvr	301
com.xiaoji.egggame.common.vjoy	string	common_vjoy_layout_func_share	云分享	5LqR5YiG5Lqr	com.xiaoji.egggame.common.vjoy/values-zh-rCN/strings.commonMain.cvr	302
com.xiaoji.egggame.common.vjoy	string	common_vjoy_layout_toast_already_applied	当前已经应用了该布局	5b2T5YmN5bey57uP5bqU55So5LqG6K+l5biD5bGA	com.xiaoji.egggame.common.vjoy/values-zh-rCN/strings.commonMain.cvr	303
com.xiaoji.egggame.common.vjoy	string	common_vjoy_layout_toast_apply_success	应用成功	5bqU55So5oiQ5Yqf	com.xiaoji.egggame.common.vjoy/values-zh-rCN/strings.commonMain.cvr	304
com.xiaoji.egggame.common.vjoy	string	common_vjoy_layout_toast_copied_to_clipboard	已复制到粘贴板	5bey5aSN5Yi25Yiw57KY6LS05p2/	com.xiaoji.egggame.common.vjoy/values-zh-rCN/strings.commonMain.cvr	305
com.xiaoji.egggame.common.vjoy	string	common_vjoy_layout_toast_copy_success	复制成功	5aSN5Yi25oiQ5Yqf	com.xiaoji.egggame.common.vjoy/values-zh-rCN/strings.commonMain.cvr	306
com.xiaoji.egggame.common.vjoy	string	common_vjoy_layout_toast_delete_failed	删除失败：%1$s	5Yig6Zmk5aSx6LSl77yaJTEkcw==	com.xiaoji.egggame.common.vjoy/values-zh-rCN/strings.commonMain.cvr	307
com.xiaoji.egggame.common.vjoy	string	common_vjoy_layout_toast_delete_success	删除成功	5Yig6Zmk5oiQ5Yqf	com.xiaoji.egggame.common.vjoy/values-zh-rCN/strings.commonMain.cvr	308
com.xiaoji.egggame.common.vjoy	string	common_vjoy_layout_toast_export_failed	导出失败：%1$s	5a+85Ye65aSx6LSl77yaJTEkcw==	com.xiaoji.egggame.common.vjoy/values-zh-rCN/strings.commonMain.cvr	309
com.xiaoji.egggame.common.vjoy	string	common_vjoy_layout_toast_export_success	导出成功	5a+85Ye65oiQ5Yqf	com.xiaoji.egggame.common.vjoy/values-zh-rCN/strings.commonMain.cvr	310
com.xiaoji.egggame.common.vjoy	string	common_vjoy_layout_toast_import_failed	导入失败：%1$s	5a+85YWl5aSx6LSl77yaJTEkcw==	com.xiaoji.egggame.common.vjoy/values-zh-rCN/strings.commonMain.cvr	311
com.xiaoji.egggame.common.vjoy	string	common_vjoy_layout_toast_import_layout_read_failed	导入失败：布局读取失败	5a+85YWl5aSx6LSl77ya5biD5bGA6K+75Y+W5aSx6LSl	com.xiaoji.egggame.common.vjoy/values-zh-rCN/strings.commonMain.cvr	312
com.xiaoji.egggame.common.vjoy	string	common_vjoy_layout_toast_import_success	导入成功	5a+85YWl5oiQ5Yqf	com.xiaoji.egggame.common.vjoy/values-zh-rCN/strings.commonMain.cvr	313
com.xiaoji.egggame.common.vjoy	string	common_vjoy_layout_toast_layout_not_exist	布局不存在	5biD5bGA5LiN5a2Y5Zyo	com.xiaoji.egggame.common.vjoy/values-zh-rCN/strings.commonMain.cvr	314
com.xiaoji.egggame.common.vjoy	string	common_vjoy_layout_toast_missing_game_info	缺少游戏信息	57y65bCR5ri45oiP5L+h5oGv	com.xiaoji.egggame.common.vjoy/values-zh-rCN/strings.commonMain.cvr	315
com.xiaoji.egggame.common.vjoy	string	common_vjoy_layout_toast_name_cannot_empty	名称不能为空	5ZCN56ew5LiN6IO95Li656m6	com.xiaoji.egggame.common.vjoy/values-zh-rCN/strings.commonMain.cvr	316
com.xiaoji.egggame.common.vjoy	string	common_vjoy_layout_toast_official_cannot_delete	官方布局不允许删除	5a6Y5pa55biD5bGA5LiN5YWB6K645Yig6Zmk	com.xiaoji.egggame.common.vjoy/values-zh-rCN/strings.commonMain.cvr	317
com.xiaoji.egggame.common.vjoy	string	common_vjoy_layout_toast_only_local_share	仅支持本地布局分享	5LuF5pSv5oyB5pys5Zyw5biD5bGA5YiG5Lqr	com.xiaoji.egggame.common.vjoy/values-zh-rCN/strings.commonMain.cvr	318
com.xiaoji.egggame.common.vjoy	string	common_vjoy_layout_toast_only_support_format	仅支持以下格式%1$s	5LuF5pSv5oyB5Lul5LiL5qC85byPJTEkcw==	com.xiaoji.egggame.common.vjoy/values-zh-rCN/strings.commonMain.cvr	319
com.xiaoji.egggame.common.vjoy	string	common_vjoy_layout_toast_operation_failed	操作失败，请重试	5pON5L2c5aSx6LSl77yM6K+36YeN6K+V	com.xiaoji.egggame.common.vjoy/values-zh-rCN/strings.commonMain.cvr	320
com.xiaoji.egggame.common.vjoy	string	common_vjoy_layout_toast_share_code_cannot_empty	分享码不能为空	5YiG5Lqr56CB5LiN6IO95Li656m6	com.xiaoji.egggame.common.vjoy/values-zh-rCN/strings.commonMain.cvr	321
com.xiaoji.egggame.common.vjoy	string	common_vjoy_layout_toast_share_code_missing	当前布局无分享码	5b2T5YmN5biD5bGA5peg5YiG5Lqr56CB	com.xiaoji.egggame.common.vjoy/values-zh-rCN/strings.commonMain.cvr	322
com.xiaoji.egggame.common.vjoy	string	common_vjoy_layout_type_common	通用布局	6YCa55So5biD5bGA	com.xiaoji.egggame.common.vjoy/values-zh-rCN/strings.commonMain.cvr	323
com.xiaoji.egggame.common.vjoy	string	common_vjoy_layout_type_game	游戏布局	5ri45oiP5biD5bGA	com.xiaoji.egggame.common.vjoy/values-zh-rCN/strings.commonMain.cvr	324
com.xiaoji.egggame.common.vjoy	string	common_vjoy_layout_unnamed	未命名布局	5pyq5ZG95ZCN5biD5bGA	com.xiaoji.egggame.common.vjoy/values-zh-rCN/strings.commonMain.cvr	325
com.xiaoji.egggame.common.winemu_core	string	pc_cc_broken	已损坏 (点击重装)	5bey5o2f5Z2PICjngrnlh7vph43oo4Up	com.xiaoji.egggame.common.winemu_core/values-zh-rCN/strings.commonMain.cvr	2
com.xiaoji.egggame.common.winemu_core	string	pc_cc_cpu_core_no_limit	无限制	5peg6ZmQ5Yi2	com.xiaoji.egggame.common.winemu_core/values-zh-rCN/strings.commonMain.cvr	3
com.xiaoji.egggame.common.winemu_core	string	pc_cc_cpu_core	%1$d 核心	JTEkZCDmoLjlv4M=	com.xiaoji.egggame.common.winemu_core/values-zh-rCN/strings.commonMain.cvr	4
com.xiaoji.egggame.common.winemu_core	string	pc_cc_dinput_disabled	禁用	56aB55So	com.xiaoji.egggame.common.winemu_core/values-zh-rCN/strings.commonMain.cvr	5
com.xiaoji.egggame.common.winemu_core	string	pc_cc_dinput_prefer_builtin	优先内置	5LyY5YWI5YaF572u	com.xiaoji.egggame.common.winemu_core/values-zh-rCN/strings.commonMain.cvr	6
com.xiaoji.egggame.common.winemu_core	string	pc_cc_dinput_prefer_native	优先原装	5LyY5YWI5Y6f6KOF	com.xiaoji.egggame.common.winemu_core/values-zh-rCN/strings.commonMain.cvr	7
com.xiaoji.egggame.common.winemu_core	string	pc_cc_disable	禁用	56aB55So	com.xiaoji.egggame.common.winemu_core/values-zh-rCN/strings.commonMain.cvr	8
com.xiaoji.egggame.common.winemu_core	string	pc_cc_enable	启用	5ZCv55So	com.xiaoji.egggame.common.winemu_core/values-zh-rCN/strings.commonMain.cvr	9
com.xiaoji.egggame.common.winemu_core	string	pc_cc_translation_param	转译参数	6L2s6K+R5Y+C5pWw	com.xiaoji.egggame.common.winemu_core/values-zh-rCN/strings.commonMain.cvr	10
com.xiaoji.egggame.common.winemu_core	string	pc_s_ht_close	关闭	5YWz6Zet	com.xiaoji.egggame.common.winemu_core/values-zh-rCN/strings.commonMain.cvr	11
com.xiaoji.egggame.common.winemu_core	string	pc_s_ht_full	完整	5a6M5pW0	com.xiaoji.egggame.common.winemu_core/values-zh-rCN/strings.commonMain.cvr	12
com.xiaoji.egggame.common.winemu_core	string	pc_s_ht_simplify	精简	57K+566A	com.xiaoji.egggame.common.winemu_core/values-zh-rCN/strings.commonMain.cvr	13
com.xiaoji.egggame.common.winemu_core	string	setup_exception_component_extract_failed	组件%1$s解压失败	57uE5Lu2JTEkc+ino+WOi+Wksei0pQ==	com.xiaoji.egggame.common.winemu_core/values-zh-rCN/strings.commonMain.cvr	14
com.xiaoji.egggame.common.winemu_core	string	setup_exception_component_install_failed	组件%1$s安装失败	57uE5Lu2JTEkc+WuieijheWksei0pQ==	com.xiaoji.egggame.common.winemu_core/values-zh-rCN/strings.commonMain.cvr	15
com.xiaoji.egggame.common.winemu_core	string	setup_exception_container_install_failed_incomplete	安装失败 (未完成, 进度: %1$d)	5a6J6KOF5aSx6LSlICjmnKrlrozmiJAsIOi/m+W6pjogJTEkZCk=	com.xiaoji.egggame.common.winemu_core/values-zh-rCN/strings.commonMain.cvr	16
com.xiaoji.egggame.common.winemu_core	string	setup_exception_container_install_failed_with_code	安装失败 (错误码: %1$d)	5a6J6KOF5aSx6LSlICjplJnor6/noIE6ICUxJGQp	com.xiaoji.egggame.common.winemu_core/values-zh-rCN/strings.commonMain.cvr	17
com.xiaoji.egggame.common.winemu_core	string	setup_exception_container_install_failed	容器安装失败	5a655Zmo5a6J6KOF5aSx6LSl	com.xiaoji.egggame.common.winemu_core/values-zh-rCN/strings.commonMain.cvr	18
com.xiaoji.egggame.common.winemu_core	string	setup_exception_container_not_config	容器未配置	5a655Zmo5pyq6YWN572u	com.xiaoji.egggame.common.winemu_core/values-zh-rCN/strings.commonMain.cvr	19
com.xiaoji.egggame.common.winemu_core	string	setup_exception_container_not_found	无该兼容层	5peg6K+l5YW85a655bGC	com.xiaoji.egggame.common.winemu_core/values-zh-rCN/strings.commonMain.cvr	20
com.xiaoji.egggame.common.winemu_core	string	setup_exception_dep_component_download_failed	组件下载失败: %1$s	57uE5Lu25LiL6L295aSx6LSlOiAlMSRz	com.xiaoji.egggame.common.winemu_core/values-zh-rCN/strings.commonMain.cvr	21
com.xiaoji.egggame.common.winemu_core	string	setup_exception_dep_component_install_failed	组件%1$s安装失败	57uE5Lu2JTEkc+WuieijheWksei0pQ==	com.xiaoji.egggame.common.winemu_core/values-zh-rCN/strings.commonMain.cvr	22
com.xiaoji.egggame.common.winemu_core	string	setup_exception_dep_component_install_incomplete	组件安装不完整，剩余%1$d个	57uE5Lu25a6J6KOF5LiN5a6M5pW077yM5Ymp5L2ZJTEkZOS4qg==	com.xiaoji.egggame.common.winemu_core/values-zh-rCN/strings.commonMain.cvr	23
com.xiaoji.egggame.common.winemu_core	string	setup_exception_game_config_download_failed	游戏配置文件下载失败: %1$s	5ri45oiP6YWN572u5paH5Lu25LiL6L295aSx6LSlOiAlMSRz	com.xiaoji.egggame.common.winemu_core/values-zh-rCN/strings.commonMain.cvr	24
com.xiaoji.egggame.common.winemu_core	string	setup_exception_game_config_retrieve_failed	无法获取游戏配置，请检查网络后重试	5peg5rOV6I635Y+W5ri45oiP6YWN572u77yM6K+35qOA5p+l572R57uc5ZCO6YeN6K+V	com.xiaoji.egggame.common.winemu_core/values-zh-rCN/strings.commonMain.cvr	25
com.xiaoji.egggame.common.winemu_core	string	setup_exception_imagefs_not_config	固件未配置	5Zu65Lu25pyq6YWN572u	com.xiaoji.egggame.common.winemu_core/values-zh-rCN/strings.commonMain.cvr	26
com.xiaoji.egggame.common.winemu_core	string	setup_exception_virtual_container_check_failed	虚拟容器检查失败	6Jma5ouf5a655Zmo5qOA5p+l5aSx6LSl	com.xiaoji.egggame.common.winemu_core/values-zh-rCN/strings.commonMain.cvr	27
com.xiaoji.egggame.common.winemu_core	string	tp_AlignedAtomicsDesc	仅生成对齐原子操作	5LuF55Sf5oiQ5a+56b2Q5Y6f5a2Q5pON5L2c	com.xiaoji.egggame.common.winemu_core/values-zh-rCN/strings.commonMain.cvr	28
com.xiaoji.egggame.common.winemu_core	string	tp_AlignedAtomicsTitle	AlignedAtomics (对齐原子操作)	QWxpZ25lZEF0b21pY3MgKOWvuem9kOWOn+WtkOaTjeS9nCk=	com.xiaoji.egggame.common.winemu_core/values-zh-rCN/strings.commonMain.cvr	29
com.xiaoji.egggame.common.winemu_core	string	tp_BigBlockDesc	代码块构建策略	5Luj56CB5Z2X5p6E5bu6562W55Wl	com.xiaoji.egggame.common.winemu_core/values-zh-rCN/strings.commonMain.cvr	30
com.xiaoji.egggame.common.winemu_core	string	tp_BigBlockTitle	BigBlock (大块代码优化)	QmlnQmxvY2sgKOWkp+Wdl+S7o+eggeS8mOWMlik=	com.xiaoji.egggame.common.winemu_core/values-zh-rCN/strings.commonMain.cvr	31
com.xiaoji.egggame.common.winemu_core	string	tp_Box64AVXDesc	AVX指令集支持级别	QVZY5oyH5Luk6ZuG5pSv5oyB57qn5Yir	com.xiaoji.egggame.common.winemu_core/values-zh-rCN/strings.commonMain.cvr	32
com.xiaoji.egggame.common.winemu_core	string	tp_Box64AVXTitle	Box64AVX (AVX指令集)	Qm94NjRBVlggKEFWWOaMh+S7pOmbhik=	com.xiaoji.egggame.common.winemu_core/values-zh-rCN/strings.commonMain.cvr	33
com.xiaoji.egggame.common.winemu_core	string	tp_CallRetDesc	函数调用优化	5Ye95pWw6LCD55So5LyY5YyW	com.xiaoji.egggame.common.winemu_core/values-zh-rCN/strings.commonMain.cvr	34
com.xiaoji.egggame.common.winemu_core	string	tp_CallRetTitle	CallRet (调用返回优化)	Q2FsbFJldCAo6LCD55So6L+U5Zue5LyY5YyWKQ==	com.xiaoji.egggame.common.winemu_core/values-zh-rCN/strings.commonMain.cvr	35
com.xiaoji.egggame.common.winemu_core	string	tp_CpuTypeDesc	模拟的CPU厂商	5qih5ouf55qEQ1BV5Y6C5ZWG	com.xiaoji.egggame.common.winemu_core/values-zh-rCN/strings.commonMain.cvr	36
com.xiaoji.egggame.common.winemu_core	string	tp_CpuTypeTitle	CpuType (CPU类型)	Q3B1VHlwZSAoQ1BV57G75Z6LKQ==	com.xiaoji.egggame.common.winemu_core/values-zh-rCN/strings.commonMain.cvr	37
com.xiaoji.egggame.common.winemu_core	string	tp_DFDesc	延迟标志处理优化	5bu26L+f5qCH5b+X5aSE55CG5LyY5YyW	com.xiaoji.egggame.common.winemu_core/values-zh-rCN/strings.commonMain.cvr	38
com.xiaoji.egggame.common.winemu_core	string	tp_DFTitle	DF (方向标志)	REYgKOaWueWQkeagh+W/lyk=	com.xiaoji.egggame.common.winemu_core/values-zh-rCN/strings.commonMain.cvr	39
com.xiaoji.egggame.common.winemu_core	string	tp_DIV0Desc	生成除零异常	55Sf5oiQ6Zmk6Zu25byC5bi4	com.xiaoji.egggame.common.winemu_core/values-zh-rCN/strings.commonMain.cvr	40
com.xiaoji.egggame.common.winemu_core	string	tp_DIV0Title	DIV0 (除零异常)	RElWMCAo6Zmk6Zu25byC5bi4KQ==	com.xiaoji.egggame.common.winemu_core/values-zh-rCN/strings.commonMain.cvr	41
com.xiaoji.egggame.common.winemu_core	string	tp_DirtyDesc	脏页面处理策略	6ISP6aG16Z2i5aSE55CG562W55Wl	com.xiaoji.egggame.common.winemu_core/values-zh-rCN/strings.commonMain.cvr	42
com.xiaoji.egggame.common.winemu_core	string	tp_DirtyTitle	Dirty (脏页处理)	RGlydHkgKOiEj+mhteWkhOeQhik=	com.xiaoji.egggame.common.winemu_core/values-zh-rCN/strings.commonMain.cvr	43
com.xiaoji.egggame.common.winemu_core	string	tp_DynarecDesc	启用动态重编译器	5ZCv55So5Yqo5oCB6YeN57yW6K+R5Zmo	com.xiaoji.egggame.common.winemu_core/values-zh-rCN/strings.commonMain.cvr	44
com.xiaoji.egggame.common.winemu_core	string	tp_DynarecTitle	Dynarec (动态重编译)	RHluYXJlYyAo5Yqo5oCB6YeN57yW6K+RKQ==	com.xiaoji.egggame.common.winemu_core/values-zh-rCN/strings.commonMain.cvr	45
com.xiaoji.egggame.common.winemu_core	string	tp_FastNanDesc	快速NaN值处理，性能优先	5b+r6YCfTmFO5YC85aSE55CG77yM5oCn6IO95LyY5YWI	com.xiaoji.egggame.common.winemu_core/values-zh-rCN/strings.commonMain.cvr	46
com.xiaoji.egggame.common.winemu_core	string	tp_FastNanTitle	FastNan (快速NaN处理)	RmFzdE5hbiAo5b+r6YCfTmFO5aSE55CGKQ==	com.xiaoji.egggame.common.winemu_core/values-zh-rCN/strings.commonMain.cvr	47
com.xiaoji.egggame.common.winemu_core	string	tp_FastRoundDesc	快速浮点舍入处理	5b+r6YCf5rWu54K56IiN5YWl5aSE55CG	com.xiaoji.egggame.common.winemu_core/values-zh-rCN/strings.commonMain.cvr	48
com.xiaoji.egggame.common.winemu_core	string	tp_FastRoundTitle	FastRound (快速舍入)	RmFzdFJvdW5kICjlv6vpgJ/oiI3lhaUp	com.xiaoji.egggame.common.winemu_core/values-zh-rCN/strings.commonMain.cvr	49
com.xiaoji.egggame.common.winemu_core	string	tp_HalfBarrierTSOEnabledDesc	未对齐加载存储半屏障原子	5pyq5a+56b2Q5Yqg6L295a2Y5YKo5Y2K5bGP6Zqc5Y6f5a2Q	com.xiaoji.egggame.common.winemu_core/values-zh-rCN/strings.commonMain.cvr	50
com.xiaoji.egggame.common.winemu_core	string	tp_HalfBarrierTSOEnabledTitle	HalfBarrierTSOEnabled (半屏障TSO)	SGFsZkJhcnJpZXJUU09FbmFibGVkICjljYrlsY/pmpxUU08p	com.xiaoji.egggame.common.winemu_core/values-zh-rCN/strings.commonMain.cvr	51
com.xiaoji.egggame.common.winemu_core	string	tp_HideHypervisorBitDesc	隐藏虚拟化CPUID位	6ZqQ6JeP6Jma5ouf5YyWQ1BVSUTkvY0=	com.xiaoji.egggame.common.winemu_core/values-zh-rCN/strings.commonMain.cvr	52
com.xiaoji.egggame.common.winemu_core	string	tp_HideHypervisorBitTitle	HideHypervisorBit (隐藏虚拟机位)	SGlkZUh5cGVydmlzb3JCaXQgKOmakOiXj+iZmuaLn+acuuS9jSk=	com.xiaoji.egggame.common.winemu_core/values-zh-rCN/strings.commonMain.cvr	53
com.xiaoji.egggame.common.winemu_core	string	tp_IgnoreINT3Desc	静默跳过INT3指令	6Z2Z6buY6Lez6L+HSU5UM+aMh+S7pA==	com.xiaoji.egggame.common.winemu_core/values-zh-rCN/strings.commonMain.cvr	54
com.xiaoji.egggame.common.winemu_core	string	tp_IgnoreINT3Title	IgnoreINT3 (忽略断点)	SWdub3JlSU5UMyAo5b+955Wl5pat54K5KQ==	com.xiaoji.egggame.common.winemu_core/values-zh-rCN/strings.commonMain.cvr	55
com.xiaoji.egggame.common.winemu_core	string	tp_MaxInstDesc	限制最大指令数，0为无限制	6ZmQ5Yi25pyA5aSn5oyH5Luk5pWw77yMMOS4uuaXoOmZkOWItg==	com.xiaoji.egggame.common.winemu_core/values-zh-rCN/strings.commonMain.cvr	56
com.xiaoji.egggame.common.winemu_core	string	tp_MaxInstTitle	MaxInst (最大指令数)	TWF4SW5zdCAo5pyA5aSn5oyH5Luk5pWwKQ==	com.xiaoji.egggame.common.winemu_core/values-zh-rCN/strings.commonMain.cvr	57
com.xiaoji.egggame.common.winemu_core	string	tp_MemcpySetTSOEnabledDesc	内存拷贝操作TSO原子性	5YaF5a2Y5ou36LSd5pON5L2cVFNP5Y6f5a2Q5oCn	com.xiaoji.egggame.common.winemu_core/values-zh-rCN/strings.commonMain.cvr	58
com.xiaoji.egggame.common.winemu_core	string	tp_MemcpySetTSOEnabledTitle	MemcpySetTSOEnabled (内存拷贝TSO)	TWVtY3B5U2V0VFNPRW5hYmxlZCAo5YaF5a2Y5ou36LSdVFNPKQ==	com.xiaoji.egggame.common.winemu_core/values-zh-rCN/strings.commonMain.cvr	59
com.xiaoji.egggame.common.winemu_core	string	tp_MonoHacksDesc	Mono检测时启用SMC钩子	TW9ub+ajgOa1i+aXtuWQr+eUqFNNQ+mSqeWtkA==	com.xiaoji.egggame.common.winemu_core/values-zh-rCN/strings.commonMain.cvr	60
com.xiaoji.egggame.common.winemu_core	string	tp_MonoHacksTitle	MonoHacks (Mono优化)	TW9ub0hhY2tzIChNb25v5LyY5YyWKQ==	com.xiaoji.egggame.common.winemu_core/values-zh-rCN/strings.commonMain.cvr	61
com.xiaoji.egggame.common.winemu_core	string	tp_MultiblockDesc	控制多块代码编译优化	5o6n5Yi25aSa5Z2X5Luj56CB57yW6K+R5LyY5YyW	com.xiaoji.egggame.common.winemu_core/values-zh-rCN/strings.commonMain.cvr	62
com.xiaoji.egggame.common.winemu_core	string	tp_MultiblockTitle	Multiblock (多块编译)	TXVsdGlibG9jayAo5aSa5Z2X57yW6K+RKQ==	com.xiaoji.egggame.common.winemu_core/values-zh-rCN/strings.commonMain.cvr	63
com.xiaoji.egggame.common.winemu_core	string	tp_NativeFlagDesc	使用ARM原生标志处理	5L2/55SoQVJN5Y6f55Sf5qCH5b+X5aSE55CG	com.xiaoji.egggame.common.winemu_core/values-zh-rCN/strings.commonMain.cvr	64
com.xiaoji.egggame.common.winemu_core	string	tp_NativeFlagTitle	NativeFlags (原生标志)	TmF0aXZlRmxhZ3MgKOWOn+eUn+agh+W/lyk=	com.xiaoji.egggame.common.winemu_core/values-zh-rCN/strings.commonMain.cvr	65
com.xiaoji.egggame.common.winemu_core	string	tp_PauseDesc	PAUSE指令处理方式	UEFVU0XmjIfku6TlpITnkIbmlrnlvI8=	com.xiaoji.egggame.common.winemu_core/values-zh-rCN/strings.commonMain.cvr	66
com.xiaoji.egggame.common.winemu_core	string	tp_PauseTitle	Pause (暂停指令)	UGF1c2UgKOaaguWBnOaMh+S7pCk=	com.xiaoji.egggame.common.winemu_core/values-zh-rCN/strings.commonMain.cvr	67
com.xiaoji.egggame.common.winemu_core	string	tp_RDTSC1GHZDesc	1GHz精度时间戳	MUdIeueyvuW6puaXtumXtOaIsw==	com.xiaoji.egggame.common.winemu_core/values-zh-rCN/strings.commonMain.cvr	68
com.xiaoji.egggame.common.winemu_core	string	tp_RDTSC1GHZTitle	RDTSC1GHZ (时间戳计数器)	UkRUU0MxR0haICjml7bpl7TmiLPorqHmlbDlmagp	com.xiaoji.egggame.common.winemu_core/values-zh-rCN/strings.commonMain.cvr	69
com.xiaoji.egggame.common.winemu_core	string	tp_SMCChecksDesc	代码修改检测方式	5Luj56CB5L+u5pS55qOA5rWL5pa55byP	com.xiaoji.egggame.common.winemu_core/values-zh-rCN/strings.commonMain.cvr	70
com.xiaoji.egggame.common.winemu_core	string	tp_SMCChecksTitle	SMCChecks (自修改代码检查)	U01DQ2hlY2tzICjoh6rkv67mlLnku6PnoIHmo4Dmn6Up	com.xiaoji.egggame.common.winemu_core/values-zh-rCN/strings.commonMain.cvr	71
com.xiaoji.egggame.common.winemu_core	string	tp_SmallTSCScaleDesc	低频系统时间戳缩放	5L2O6aKR57O757uf5pe26Ze05oiz57yp5pS+	com.xiaoji.egggame.common.winemu_core/values-zh-rCN/strings.commonMain.cvr	72
com.xiaoji.egggame.common.winemu_core	string	tp_SmallTSCScaleTitle	SmallTSCScale (小时间戳缩放)	U21hbGxUU0NTY2FsZSAo5bCP5pe26Ze05oiz57yp5pS+KQ==	com.xiaoji.egggame.common.winemu_core/values-zh-rCN/strings.commonMain.cvr	73
com.xiaoji.egggame.common.winemu_core	string	tp_TSOEnabledDesc	控制TSO内存一致性，多线程程序必需	5o6n5Yi2VFNP5YaF5a2Y5LiA6Ie05oCn77yM5aSa57q/56iL56iL5bqP5b+F6ZyA	com.xiaoji.egggame.common.winemu_core/values-zh-rCN/strings.commonMain.cvr	74
com.xiaoji.egggame.common.winemu_core	string	tp_TSOEnabledTitle	TSOEnabled (TSO内存模型)	VFNPRW5hYmxlZCAoVFNP5YaF5a2Y5qih5Z6LKQ==	com.xiaoji.egggame.common.winemu_core/values-zh-rCN/strings.commonMain.cvr	75
com.xiaoji.egggame.common.winemu_core	string	tp_VectorTSOEnabledDesc	向量操作TSO原子性	5ZCR6YeP5pON5L2cVFNP5Y6f5a2Q5oCn	com.xiaoji.egggame.common.winemu_core/values-zh-rCN/strings.commonMain.cvr	76
com.xiaoji.egggame.common.winemu_core	string	tp_VectorTSOEnabledTitle	VectorTSOEnabled (向量TSO)	VmVjdG9yVFNPRW5hYmxlZCAo5ZCR6YePVFNPKQ==	com.xiaoji.egggame.common.winemu_core/values-zh-rCN/strings.commonMain.cvr	77
com.xiaoji.egggame.common.winemu_core	string	tp_VolatileMetadataBox64Desc	使用PE文件易失性元数据	5L2/55SoUEXmlofku7bmmJPlpLHmgKflhYPmlbDmja4=	com.xiaoji.egggame.common.winemu_core/values-zh-rCN/strings.commonMain.cvr	78
com.xiaoji.egggame.common.winemu_core	string	tp_VolatileMetadataBox64Title	VolatileMetadataBox64 (Box64易失性元数据)	Vm9sYXRpbGVNZXRhZGF0YUJveDY0IChCb3g2NOaYk+WkseaAp+WFg+aVsOaNrik=	com.xiaoji.egggame.common.winemu_core/values-zh-rCN/strings.commonMain.cvr	79
com.xiaoji.egggame.common.winemu_core	string	tp_VolatileMetadataDesc	PE文件元数据指导TSO	UEXmlofku7blhYPmlbDmja7mjIflr7xUU08=	com.xiaoji.egggame.common.winemu_core/values-zh-rCN/strings.commonMain.cvr	80
com.xiaoji.egggame.common.winemu_core	string	tp_VolatileMetadataTitle	VolatileMetadata (易失性元数据)	Vm9sYXRpbGVNZXRhZGF0YSAo5piT5aSx5oCn5YWD5pWw5o2uKQ==	com.xiaoji.egggame.common.winemu_core/values-zh-rCN/strings.commonMain.cvr	81
com.xiaoji.egggame.common.winemu_core	string	tp_WaitDesc	等待动态重编译完成	562J5b6F5Yqo5oCB6YeN57yW6K+R5a6M5oiQ	com.xiaoji.egggame.common.winemu_core/values-zh-rCN/strings.commonMain.cvr	82
com.xiaoji.egggame.common.winemu_core	string	tp_WaitTitle	Wait (等待代码块)	V2FpdCAo562J5b6F5Luj56CB5Z2XKQ==	com.xiaoji.egggame.common.winemu_core/values-zh-rCN/strings.commonMain.cvr	83
com.xiaoji.egggame.common.winemu_core	string	tp_WeakBarrierDesc	内存屏障优化级别	5YaF5a2Y5bGP6Zqc5LyY5YyW57qn5Yir	com.xiaoji.egggame.common.winemu_core/values-zh-rCN/strings.commonMain.cvr	84
com.xiaoji.egggame.common.winemu_core	string	tp_WeakBarrierTitle	WeakBarrier (弱内存屏障)	V2Vha0JhcnJpZXIgKOW8seWGheWtmOWxj+manCk=	com.xiaoji.egggame.common.winemu_core/values-zh-rCN/strings.commonMain.cvr	85
com.xiaoji.egggame.common.winemu_core	string	tp_X87DoubleDesc	X87 FPU双精度模式	WDg3IEZQVeWPjOeyvuW6puaooeW8jw==	com.xiaoji.egggame.common.winemu_core/values-zh-rCN/strings.commonMain.cvr	86
com.xiaoji.egggame.common.winemu_core	string	tp_X87DoubleTitle	X87Double (X87双精度)	WDg3RG91YmxlIChYODflj4znsr7luqYp	com.xiaoji.egggame.common.winemu_core/values-zh-rCN/strings.commonMain.cvr	87
com.xiaoji.egggame.common.winemu_core	string	tp_X87ReducedPrecisionDesc	降低X87精度提升性能	6ZmN5L2OWDg357K+5bqm5o+Q5Y2H5oCn6IO9	com.xiaoji.egggame.common.winemu_core/values-zh-rCN/strings.commonMain.cvr	88
com.xiaoji.egggame.common.winemu_core	string	tp_X87ReducedPrecisionTitle	X87ReducedPrecision (X87降精度)	WDg3UmVkdWNlZFByZWNpc2lvbiAoWDg36ZmN57K+5bqmKQ==	com.xiaoji.egggame.common.winemu_core/values-zh-rCN/strings.commonMain.cvr	89
com.xiaoji.egggame.common.winemu_core	string	tp_aligned_atomics_0	0: 处理未对齐原子 [默认]	MDog5aSE55CG5pyq5a+56b2Q5Y6f5a2QIFvpu5jorqRd	com.xiaoji.egggame.common.winemu_core/values-zh-rCN/strings.commonMain.cvr	90
com.xiaoji.egggame.common.winemu_core	string	tp_aligned_atomics_1	1: 仅对齐原子(更快但可能SIGBUS)	MTog5LuF5a+56b2Q5Y6f5a2QKOabtOW/q+S9huWPr+iDvVNJR0JVUyk=	com.xiaoji.egggame.common.winemu_core/values-zh-rCN/strings.commonMain.cvr	91
com.xiaoji.egggame.common.winemu_core	string	tp_avx_0	0: 禁用AVX [默认]	MDog56aB55SoQVZYIFvpu5jorqRd	com.xiaoji.egggame.common.winemu_core/values-zh-rCN/strings.commonMain.cvr	92
com.xiaoji.egggame.common.winemu_core	string	tp_avx_1	1: 基础AVX支持	MTog5Z+656GAQVZY5pSv5oyB	com.xiaoji.egggame.common.winemu_core/values-zh-rCN/strings.commonMain.cvr	93
com.xiaoji.egggame.common.winemu_core	string	tp_avx_2	2: 完整AVX2支持	Mjog5a6M5pW0QVZYMuaUr+aMgQ==	com.xiaoji.egggame.common.winemu_core/values-zh-rCN/strings.commonMain.cvr	94
com.xiaoji.egggame.common.winemu_core	string	tp_big_block_0	0: 小块，适合多线程程序	MDog5bCP5Z2X77yM6YCC5ZCI5aSa57q/56iL56iL5bqP	com.xiaoji.egggame.common.winemu_core/values-zh-rCN/strings.commonMain.cvr	95
com.xiaoji.egggame.common.winemu_core	string	tp_big_block_1	1: 标准大块	MTog5qCH5YeG5aSn5Z2X	com.xiaoji.egggame.common.winemu_core/values-zh-rCN/strings.commonMain.cvr	96
com.xiaoji.egggame.common.winemu_core	string	tp_big_block_2	2: 更大块，仅elf内存 [默认]	Mjog5pu05aSn5Z2X77yM5LuFZWxm5YaF5a2YIFvpu5jorqRd	com.xiaoji.egggame.common.winemu_core/values-zh-rCN/strings.commonMain.cvr	97
com.xiaoji.egggame.common.winemu_core	string	tp_big_block_3	3: 最大块，适合Wine	Mzog5pyA5aSn5Z2X77yM6YCC5ZCIV2luZQ==	com.xiaoji.egggame.common.winemu_core/values-zh-rCN/strings.commonMain.cvr	98
com.xiaoji.egggame.common.winemu_core	string	tp_call_ret_0	0: 使用跳转表 [默认]	MDog5L2/55So6Lez6L2s6KGoIFvpu5jorqRd	com.xiaoji.egggame.common.winemu_core/values-zh-rCN/strings.commonMain.cvr	99
com.xiaoji.egggame.common.winemu_core	string	tp_call_ret_1	1: 跳过跳转表	MTog6Lez6L+H6Lez6L2s6KGo	com.xiaoji.egggame.common.winemu_core/values-zh-rCN/strings.commonMain.cvr	100
com.xiaoji.egggame.common.winemu_core	string	tp_cpu_type_0	0: Intel CPU [默认]	MDogSW50ZWwgQ1BVIFvpu5jorqRd	com.xiaoji.egggame.common.winemu_core/values-zh-rCN/strings.commonMain.cvr	101
com.xiaoji.egggame.common.winemu_core	string	tp_cpu_type_1	1: AMD CPU	MTogQU1EIENQVQ==	com.xiaoji.egggame.common.winemu_core/values-zh-rCN/strings.commonMain.cvr	102
com.xiaoji.egggame.common.winemu_core	string	tp_dirty_0	0: 安全模式 [默认]	MDog5a6J5YWo5qih5byPIFvpu5jorqRd	com.xiaoji.egggame.common.winemu_core/values-zh-rCN/strings.commonMain.cvr	103
com.xiaoji.egggame.common.winemu_core	string	tp_dirty_1	1: 允许脏块运行	MTog5YWB6K646ISP5Z2X6L+Q6KGM	com.xiaoji.egggame.common.winemu_core/values-zh-rCN/strings.commonMain.cvr	104
com.xiaoji.egggame.common.winemu_core	string	tp_dirty_2	2: 热页面优化	Mjog54Ot6aG16Z2i5LyY5YyW	com.xiaoji.egggame.common.winemu_core/values-zh-rCN/strings.commonMain.cvr	105
com.xiaoji.egggame.common.winemu_core	string	tp_fast_nan_0	0: 精确x86 NaN模拟	MDog57K+56GueDg2IE5hTuaooeaLnw==	com.xiaoji.egggame.common.winemu_core/values-zh-rCN/strings.commonMain.cvr	106
com.xiaoji.egggame.common.winemu_core	string	tp_fast_nan_1	1: 快速处理 [默认]	MTog5b+r6YCf5aSE55CGIFvpu5jorqRd	com.xiaoji.egggame.common.winemu_core/values-zh-rCN/strings.commonMain.cvr	107
com.xiaoji.egggame.common.winemu_core	string	tp_fast_round_0	0: 精确舍入模拟	MDog57K+56Gu6IiN5YWl5qih5ouf	com.xiaoji.egggame.common.winemu_core/values-zh-rCN/strings.commonMain.cvr	108
com.xiaoji.egggame.common.winemu_core	string	tp_fast_round_1	1: 快速处理 [默认]	MTog5b+r6YCf5aSE55CGIFvpu5jorqRd	com.xiaoji.egggame.common.winemu_core/values-zh-rCN/strings.commonMain.cvr	109
com.xiaoji.egggame.common.winemu_core	string	tp_pause_0	0: 忽略 [默认]	MDog5b+955WlIFvpu5jorqRd	com.xiaoji.egggame.common.winemu_core/values-zh-rCN/strings.commonMain.cvr	110
com.xiaoji.egggame.common.winemu_core	string	tp_pause_1	1: YIELD模拟	MTogWUlFTETmqKHmi58=	com.xiaoji.egggame.common.winemu_core/values-zh-rCN/strings.commonMain.cvr	111
com.xiaoji.egggame.common.winemu_core	string	tp_pause_2	2: WFI模拟	MjogV0ZJ5qih5ouf	com.xiaoji.egggame.common.winemu_core/values-zh-rCN/strings.commonMain.cvr	112
com.xiaoji.egggame.common.winemu_core	string	tp_pause_3	3: SEVL+WFE模拟	MzogU0VWTCtXRkXmqKHmi58=	com.xiaoji.egggame.common.winemu_core/values-zh-rCN/strings.commonMain.cvr	113
com.xiaoji.egggame.common.winemu_core	string	tp_safe_falgs_desc	控制函数调用标志位处理方式	5o6n5Yi25Ye95pWw6LCD55So5qCH5b+X5L2N5aSE55CG5pa55byP	com.xiaoji.egggame.common.winemu_core/values-zh-rCN/strings.commonMain.cvr	114
com.xiaoji.egggame.common.winemu_core	string	tp_safe_falgs_title	SafeFlags (安全标志处理)	U2FmZUZsYWdzICjlronlhajmoIflv5flpITnkIYp	com.xiaoji.egggame.common.winemu_core/values-zh-rCN/strings.commonMain.cvr	115
com.xiaoji.egggame.common.winemu_core	string	tp_safe_flags_0	0: 不处理标志位 (最快)	MDog5LiN5aSE55CG5qCH5b+X5L2NICjmnIDlv6sp	com.xiaoji.egggame.common.winemu_core/values-zh-rCN/strings.commonMain.cvr	116
com.xiaoji.egggame.common.winemu_core	string	tp_safe_flags_1	1: 平衡处理 [默认]	MTog5bmz6KGh5aSE55CGIFvpu5jorqRd	com.xiaoji.egggame.common.winemu_core/values-zh-rCN/strings.commonMain.cvr	117
com.xiaoji.egggame.common.winemu_core	string	tp_safe_flags_2	2: 完整处理 (最安全)	Mjog5a6M5pW05aSE55CGICjmnIDlronlhagp	com.xiaoji.egggame.common.winemu_core/values-zh-rCN/strings.commonMain.cvr	118
com.xiaoji.egggame.common.winemu_core	string	tp_smc_checks_full	full: 每次验证(慢)	ZnVsbDog5q+P5qyh6aqM6K+BKOaFoik=	com.xiaoji.egggame.common.winemu_core/values-zh-rCN/strings.commonMain.cvr	119
com.xiaoji.egggame.common.winemu_core	string	tp_smc_checks_mtrack	mtrack: 页面跟踪 [默认]	bXRyYWNrOiDpobXpnaLot5/ouKogW+m7mOiupF0=	com.xiaoji.egggame.common.winemu_core/values-zh-rCN/strings.commonMain.cvr	120
com.xiaoji.egggame.common.winemu_core	string	tp_smc_checks_none	none: 无检查	bm9uZTog5peg5qOA5p+l	com.xiaoji.egggame.common.winemu_core/values-zh-rCN/strings.commonMain.cvr	121
com.xiaoji.egggame.common.winemu_core	string	tp_strong_mem_0	0: 无特殊处理 [默认]	MDog5peg54m55q6K5aSE55CGIFvpu5jorqRd	com.xiaoji.egggame.common.winemu_core/values-zh-rCN/strings.commonMain.cvr	122
com.xiaoji.egggame.common.winemu_core	string	tp_strong_mem_1	1: 基础内存屏障	MTog5Z+656GA5YaF5a2Y5bGP6Zqc	com.xiaoji.egggame.common.winemu_core/values-zh-rCN/strings.commonMain.cvr	123
com.xiaoji.egggame.common.winemu_core	string	tp_strong_mem_2	2: 增加SIMD屏障	Mjog5aKe5YqgU0lNROWxj+manA==	com.xiaoji.egggame.common.winemu_core/values-zh-rCN/strings.commonMain.cvr	124
com.xiaoji.egggame.common.winemu_core	string	tp_strong_mem_3	3: 最强屏障	Mzog5pyA5by65bGP6Zqc	com.xiaoji.egggame.common.winemu_core/values-zh-rCN/strings.commonMain.cvr	125
com.xiaoji.egggame.common.winemu_core	string	tp_strong_mem_desc	x86内存模型模拟强度	eDg25YaF5a2Y5qih5Z6L5qih5ouf5by65bqm	com.xiaoji.egggame.common.winemu_core/values-zh-rCN/strings.commonMain.cvr	126
com.xiaoji.egggame.common.winemu_core	string	tp_strong_mem_title	StrongMem (强内存模型)	U3Ryb25nTWVtICjlvLrlhoXlrZjmqKHlnosp	com.xiaoji.egggame.common.winemu_core/values-zh-rCN/strings.commonMain.cvr	127
com.xiaoji.egggame.common.winemu_core	string	tp_wait_0	0: 不等待，用解释器	MDog5LiN562J5b6F77yM55So6Kej6YeK5Zmo	com.xiaoji.egggame.common.winemu_core/values-zh-rCN/strings.commonMain.cvr	128
com.xiaoji.egggame.common.winemu_core	string	tp_wait_1	1: 等待完成 [默认]	MTog562J5b6F5a6M5oiQIFvpu5jorqRd	com.xiaoji.egggame.common.winemu_core/values-zh-rCN/strings.commonMain.cvr	129
com.xiaoji.egggame.common.winemu_core	string	tp_weak_barrier_0	0: 常规屏障	MDog5bi46KeE5bGP6Zqc	com.xiaoji.egggame.common.winemu_core/values-zh-rCN/strings.commonMain.cvr	130
com.xiaoji.egggame.common.winemu_core	string	tp_weak_barrier_1	1: 弱屏障优化 [默认]	MTog5byx5bGP6Zqc5LyY5YyWIFvpu5jorqRd	com.xiaoji.egggame.common.winemu_core/values-zh-rCN/strings.commonMain.cvr	131
com.xiaoji.egggame.common.winemu_core	string	tp_weak_barrier_2	2: 禁用写屏障	Mjog56aB55So5YaZ5bGP6Zqc	com.xiaoji.egggame.common.winemu_core/values-zh-rCN/strings.commonMain.cvr	132
com.xiaoji.egggame.common.winemu_core	string	tp_x87_double_0	0: 智能精度 [默认]	MDog5pm66IO957K+5bqmIFvpu5jorqRd	com.xiaoji.egggame.common.winemu_core/values-zh-rCN/strings.commonMain.cvr	133
com.xiaoji.egggame.common.winemu_core	string	tp_x87_double_1	1: 强制双精度	MTog5by65Yi25Y+M57K+5bqm	com.xiaoji.egggame.common.winemu_core/values-zh-rCN/strings.commonMain.cvr	134
com.xiaoji.egggame.common.winemu_core	string	validator_error_container_name_empty	容器名称不能为空	5a655Zmo5ZCN56ew5LiN6IO95Li656m6	com.xiaoji.egggame.common.winemu_core/values-zh-rCN/strings.commonMain.cvr	135
com.xiaoji.egggame.common.winemu_core	string	validator_error_file_path_empty	%1$s路径不能为空	JTEkc+i3r+W+hOS4jeiDveS4uuepug==	com.xiaoji.egggame.common.winemu_core/values-zh-rCN/strings.commonMain.cvr	136
com.xiaoji.egggame.common.winemu_core	string	validator_error_game_id_empty	gameId不能为空	Z2FtZUlk5LiN6IO95Li656m6	com.xiaoji.egggame.common.winemu_core/values-zh-rCN/strings.commonMain.cvr	137
com.xiaoji.egggame.common.winemu_core	string	validator_error_invalid_exe_path	无效的exe路径: %1$s	5peg5pWI55qEZXhl6Lev5b6EOiAlMSRz	com.xiaoji.egggame.common.winemu_core/values-zh-rCN/strings.commonMain.cvr	138
com.xiaoji.egggame.common.winemu_core	string	winemu_container_state_check	检查容器安装状态	5qOA5p+l5a655Zmo5a6J6KOF54q25oCB	com.xiaoji.egggame.common.winemu_core/values-zh-rCN/strings.commonMain.cvr	139
com.xiaoji.egggame.common.winemu_core	string	winemu_custom	自定义	6Ieq5a6a5LmJ	com.xiaoji.egggame.common.winemu_core/values-zh-rCN/strings.commonMain.cvr	140
com.xiaoji.egggame.common.winemu_core	string	winemu_download_fail_tips	下载失败	5LiL6L295aSx6LSl	com.xiaoji.egggame.common.winemu_core/values-zh-rCN/strings.commonMain.cvr	141
com.xiaoji.egggame.common.winemu_core	string	winemu_game_preset	游戏预设	5ri45oiP6aKE6K6+	com.xiaoji.egggame.common.winemu_core/values-zh-rCN/strings.commonMain.cvr	142
com.xiaoji.egggame.common.winemu_core	string	winemu_imagefs_installation	正在安装固件	5q2j5Zyo5a6J6KOF5Zu65Lu2	com.xiaoji.egggame.common.winemu_core/values-zh-rCN/strings.commonMain.cvr	143
com.xiaoji.egggame.common.winemu_core	string	winemu_language_auto	自动	6Ieq5Yqo	com.xiaoji.egggame.common.winemu_core/values-zh-rCN/strings.commonMain.cvr	144
com.xiaoji.egggame.common.winemu_core	string	winemu_setting_v_fastest	最快	5pyA5b+r	com.xiaoji.egggame.common.winemu_core/values-zh-rCN/strings.commonMain.cvr	145
com.xiaoji.egggame.common.winemu_core	string	winemu_setting_v_fast	快	5b+r	com.xiaoji.egggame.common.winemu_core/values-zh-rCN/strings.commonMain.cvr	146
com.xiaoji.egggame.common.winemu_core	string	winemu_setting_v_normal	一般	5LiA6Iis	com.xiaoji.egggame.common.winemu_core/values-zh-rCN/strings.commonMain.cvr	147
com.xiaoji.egggame.common.winemu_core	string	winemu_setting_v_slowest	最慢	5pyA5oWi	com.xiaoji.egggame.common.winemu_core/values-zh-rCN/strings.commonMain.cvr	148
com.xiaoji.egggame.common.winemu_core	string	winemu_setting_v_slow	慢	5oWi	com.xiaoji.egggame.common.winemu_core/values-zh-rCN/strings.commonMain.cvr	149
com.xiaoji.egggame.common.winemu_core	string	winemu_setup_all_complete	全部完成	5YWo6YOo5a6M5oiQ	com.xiaoji.egggame.common.winemu_core/values-zh-rCN/strings.commonMain.cvr	150
com.xiaoji.egggame.common.winemu_core	string	winemu_setup_applying_game_settings	正在应用推荐游戏设置…	5q2j5Zyo5bqU55So5o6o6I2Q5ri45oiP6K6+572u4oCm	com.xiaoji.egggame.common.winemu_core/values-zh-rCN/strings.commonMain.cvr	151
com.xiaoji.egggame.common.winemu_core	string	winemu_setup_cancelled	安装已取消	5a6J6KOF5bey5Y+W5raI	com.xiaoji.egggame.common.winemu_core/values-zh-rCN/strings.commonMain.cvr	152
com.xiaoji.egggame.common.winemu_core	string	winemu_setup_cannot_add_tasks_while_running	运行中无法添加任务	6L+Q6KGM5Lit5peg5rOV5re75Yqg5Lu75Yqh	com.xiaoji.egggame.common.winemu_core/values-zh-rCN/strings.commonMain.cvr	153
com.xiaoji.egggame.common.winemu_core	string	winemu_setup_cannot_clear_while_running	运行中无法清空任务	6L+Q6KGM5Lit5peg5rOV5riF56m65Lu75Yqh	com.xiaoji.egggame.common.winemu_core/values-zh-rCN/strings.commonMain.cvr	154
com.xiaoji.egggame.common.winemu_core	string	winemu_setup_check_common_component	检查通用组件	5qOA5p+l6YCa55So57uE5Lu2	com.xiaoji.egggame.common.winemu_core/values-zh-rCN/strings.commonMain.cvr	155
com.xiaoji.egggame.common.winemu_core	string	winemu_setup_check_dep_component_state_tips	检查组件是否需要安装	5qOA5p+l57uE5Lu25piv5ZCm6ZyA6KaB5a6J6KOF	com.xiaoji.egggame.common.winemu_core/values-zh-rCN/strings.commonMain.cvr	156
com.xiaoji.egggame.common.winemu_core	string	winemu_setup_check_steam_client	检查 Steam 客户端	5qOA5p+lIFN0ZWFtIOWuouaIt+errw==	com.xiaoji.egggame.common.winemu_core/values-zh-rCN/strings.commonMain.cvr	157
com.xiaoji.egggame.common.winemu_core	string	winemu_setup_check_steam_component	检查 Steam 组件	5qOA5p+lIFN0ZWFtIOe7hOS7tg==	com.xiaoji.egggame.common.winemu_core/values-zh-rCN/strings.commonMain.cvr	158
com.xiaoji.egggame.common.winemu_core	string	winemu_setup_check_virtual_container	正在检查虚拟容器…	5q2j5Zyo5qOA5p+l6Jma5ouf5a655Zmo4oCm	com.xiaoji.egggame.common.winemu_core/values-zh-rCN/strings.commonMain.cvr	159
com.xiaoji.egggame.common.winemu_core	string	winemu_setup_download_complete_tips	下载完成	5LiL6L295a6M5oiQ	com.xiaoji.egggame.common.winemu_core/values-zh-rCN/strings.commonMain.cvr	160
com.xiaoji.egggame.common.winemu_core	string	winemu_setup_downloading_info	正在下载 %1$s	5q2j5Zyo5LiL6L29ICUxJHM=	com.xiaoji.egggame.common.winemu_core/values-zh-rCN/strings.commonMain.cvr	161
com.xiaoji.egggame.common.winemu_core	string	winemu_setup_downloading_tips	下载中	5LiL6L295Lit	com.xiaoji.egggame.common.winemu_core/values-zh-rCN/strings.commonMain.cvr	162
com.xiaoji.egggame.common.winemu_core	string	winemu_setup_failed	安装失败	5a6J6KOF5aSx6LSl	com.xiaoji.egggame.common.winemu_core/values-zh-rCN/strings.commonMain.cvr	163
com.xiaoji.egggame.common.winemu_core	string	winemu_setup_game_settings_applied	已应用游戏设置	5bey5bqU55So5ri45oiP6K6+572u	com.xiaoji.egggame.common.winemu_core/values-zh-rCN/strings.commonMain.cvr	164
com.xiaoji.egggame.common.winemu_core	string	winemu_setup_install_component	安装 %1$s 组件	5a6J6KOFICUxJHMg57uE5Lu2	com.xiaoji.egggame.common.winemu_core/values-zh-rCN/strings.commonMain.cvr	165
com.xiaoji.egggame.common.winemu_core	string	winemu_setup_install_depcomponent_all_succ_tips	正在启动游戏…	5q2j5Zyo5ZCv5Yqo5ri45oiP4oCm	com.xiaoji.egggame.common.winemu_core/values-zh-rCN/strings.commonMain.cvr	166
com.xiaoji.egggame.common.winemu_core	string	winemu_setup_install_dep	正在安装组件…	5q2j5Zyo5a6J6KOF57uE5Lu24oCm	com.xiaoji.egggame.common.winemu_core/values-zh-rCN/strings.commonMain.cvr	167
com.xiaoji.egggame.common.winemu_core	string	winemu_setup_install_env_tips	正在检查环境和固件…	5q2j5Zyo5qOA5p+l546v5aKD5ZKM5Zu65Lu24oCm	com.xiaoji.egggame.common.winemu_core/values-zh-rCN/strings.commonMain.cvr	168
com.xiaoji.egggame.common.winemu_core	string	winemu_setup_task_failed_with_detail	任务“%1$s”失败：%2$s	5Lu75Yqh4oCcJTEkc+KAneWksei0pe+8miUyJHM=	com.xiaoji.egggame.common.winemu_core/values-zh-rCN/strings.commonMain.cvr	169
com.xiaoji.egggame.common.winemu_core	string	winemu_setup_task_failed	任务“%1$s”失败	5Lu75Yqh4oCcJTEkc+KAneWksei0pQ==	com.xiaoji.egggame.common.winemu_core/values-zh-rCN/strings.commonMain.cvr	170
com.xiaoji.egggame.common.winemu_core	string	winemu_setup_tasks_already_running	任务正在运行中	5Lu75Yqh5q2j5Zyo6L+Q6KGM5Lit	com.xiaoji.egggame.common.winemu_core/values-zh-rCN/strings.commonMain.cvr	171
com.xiaoji.egggame.common.winemu_core	string	winemu_setup_unexpected_error	发生异常：%1$s	5Y+R55Sf5byC5bi477yaJTEkcw==	com.xiaoji.egggame.common.winemu_core/values-zh-rCN/strings.commonMain.cvr	172
com.xiaoji.egggame.common.winemu_core	string	winemu_setup_unknown_error	未知错误	5pyq55+l6ZSZ6K+v	com.xiaoji.egggame.common.winemu_core/values-zh-rCN/strings.commonMain.cvr	173
com.xiaoji.egggame.common.winemu_core	string	winemu_uninstall_clear_download_files_failed	清理下载文件失败	5riF55CG5LiL6L295paH5Lu25aSx6LSl	com.xiaoji.egggame.common.winemu_core/values-zh-rCN/strings.commonMain.cvr	174
com.xiaoji.egggame.common.winemu_core	string	winemu_uninstall_clear_pc_emulator_core_failed	清理 PC 模拟器核心失败	5riF55CGIFBDIOaooeaLn+WZqOaguOW/g+Wksei0pQ==	com.xiaoji.egggame.common.winemu_core/values-zh-rCN/strings.commonMain.cvr	175
com.xiaoji.egggame.common.winemu_core	string	winemu_uninstall_remove_imagefs_failed	删除固件失败	5Yig6Zmk5Zu65Lu25aSx6LSl	com.xiaoji.egggame.common.winemu_core/values-zh-rCN/strings.commonMain.cvr	176
com.xiaoji.egggame.core	string	core_action_remove_game	移除游戏	56e76Zmk5ri45oiP	com.xiaoji.egggame.core/values-zh-rCN/strings.commonMain.cvr	2
com.xiaoji.egggame.core	string	core_anti_addiction_age_group_16_18	16-18周岁	MTYtMTjlkajlsoE=	com.xiaoji.egggame.core/values-zh-rCN/strings.commonMain.cvr	3
com.xiaoji.egggame.core	string	core_anti_addiction_age_group_8_16	8-16周岁	OC0xNuWRqOWygQ==	com.xiaoji.egggame.core/values-zh-rCN/strings.commonMain.cvr	4
com.xiaoji.egggame.core	string	core_anti_addiction_age_group_under_8	8周岁以下	OOWRqOWygeS7peS4iw==	com.xiaoji.egggame.core/values-zh-rCN/strings.commonMain.cvr	5
com.xiaoji.egggame.core	string	core_anti_addiction_age_group_unknown	未成年人	5pyq5oiQ5bm05Lq6	com.xiaoji.egggame.core/values-zh-rCN/strings.commonMain.cvr	6
com.xiaoji.egggame.core	string	core_anti_addiction_btn_back	返回	6L+U5Zue	com.xiaoji.egggame.core/values-zh-rCN/strings.commonMain.cvr	7
com.xiaoji.egggame.core	string	core_anti_addiction_btn_certify_now	立即认证	56uL5Y2z6K6k6K+B	com.xiaoji.egggame.core/values-zh-rCN/strings.commonMain.cvr	8
com.xiaoji.egggame.core	string	core_anti_addiction_btn_logout_account	退出账号	6YCA5Ye66LSm5Y+3	com.xiaoji.egggame.core/values-zh-rCN/strings.commonMain.cvr	9
com.xiaoji.egggame.core	string	core_anti_addiction_btn_recertify	重新认证	6YeN5paw6K6k6K+B	com.xiaoji.egggame.core/values-zh-rCN/strings.commonMain.cvr	10
com.xiaoji.egggame.core	string	core_anti_addiction_charge_amount_yuan_format	%1$s	JTEkcw==	com.xiaoji.egggame.core/values-zh-rCN/strings.commonMain.cvr	11
com.xiaoji.egggame.core	string	core_anti_addiction_charge_block_title	充值失败	5YWF5YC85aSx6LSl	com.xiaoji.egggame.core/values-zh-rCN/strings.commonMain.cvr	12
com.xiaoji.egggame.core	string	core_anti_addiction_charge_monthly_exceed_highlight	每月累计充值不得超过%1$s元	5q+P5pyI57Sv6K6h5YWF5YC85LiN5b6X6LaF6L+HJTEkc+WFgw==	com.xiaoji.egggame.core/values-zh-rCN/strings.commonMain.cvr	13
com.xiaoji.egggame.core	string	core_anti_addiction_charge_monthly_exceed_message	根据国家规定，%1$s未成年人\n每月累计充值不得超过%2$s元	5qC55o2u5Zu95a626KeE5a6a77yMJTEkc+acquaIkOW5tOS6ugrmr4/mnIjntK/orqHlhYXlgLzkuI3lvpfotoXov4clMiRz5YWD	com.xiaoji.egggame.core/values-zh-rCN/strings.commonMain.cvr	14
com.xiaoji.egggame.core	string	core_anti_addiction_charge_monthly_exceed_sub_message	本月已充值：¥%1$s\n本次充值：¥%2$s，将超出月度上限	5pys5pyI5bey5YWF5YC877yawqUlMSRzCuacrOasoeWFheWAvO+8msKlJTIkc++8jOWwhui2heWHuuaciOW6puS4iumZkA==	com.xiaoji.egggame.core/values-zh-rCN/strings.commonMain.cvr	15
com.xiaoji.egggame.core	string	core_anti_addiction_charge_primary	返回修改	6L+U5Zue5L+u5pS5	com.xiaoji.egggame.core/values-zh-rCN/strings.commonMain.cvr	16
com.xiaoji.egggame.core	string	core_anti_addiction_charge_single_exceed_highlight	单次充值不得超过%1$s元	5Y2V5qyh5YWF5YC85LiN5b6X6LaF6L+HJTEkc+WFgw==	com.xiaoji.egggame.core/values-zh-rCN/strings.commonMain.cvr	17
com.xiaoji.egggame.core	string	core_anti_addiction_charge_single_exceed_message	根据国家规定，%1$s未成年人\n单次充值不得超过%2$s元	5qC55o2u5Zu95a626KeE5a6a77yMJTEkc+acquaIkOW5tOS6ugrljZXmrKHlhYXlgLzkuI3lvpfotoXov4clMiRz5YWD	com.xiaoji.egggame.core/values-zh-rCN/strings.commonMain.cvr	18
com.xiaoji.egggame.core	string	core_anti_addiction_charge_single_exceed_sub_message	当前金额：¥%1$s，超出单次限制	5b2T5YmN6YeR6aKd77yawqUlMSRz77yM6LaF5Ye65Y2V5qyh6ZmQ5Yi2	com.xiaoji.egggame.core/values-zh-rCN/strings.commonMain.cvr	19
com.xiaoji.egggame.core	string	core_anti_addiction_charge_under_8_highlight	8周岁以下未成年人不得\n进行充值	OOWRqOWygeS7peS4i+acquaIkOW5tOS6uuS4jeW+lwrov5vooYzlhYXlgLw=	com.xiaoji.egggame.core/values-zh-rCN/strings.commonMain.cvr	20
com.xiaoji.egggame.core	string	core_anti_addiction_charge_under_8_message	根据国家规定，8周岁以下未成年人不得\n进行充值	5qC55o2u5Zu95a626KeE5a6a77yMOOWRqOWygeS7peS4i+acquaIkOW5tOS6uuS4jeW+lwrov5vooYzlhYXlgLw=	com.xiaoji.egggame.core/values-zh-rCN/strings.commonMain.cvr	21
com.xiaoji.egggame.core	string	core_anti_addiction_curfew_highlight	周五、周六、周日及法定节假日\n20:00-21:00	5ZGo5LqU44CB5ZGo5YWt44CB5ZGo5pel5Y+K5rOV5a6a6IqC5YGH5pelCjIwOjAwLTIxOjAw	com.xiaoji.egggame.core/values-zh-rCN/strings.commonMain.cvr	22
com.xiaoji.egggame.core	string	core_anti_addiction_curfew_message	根据国家防沉迷规定，未成年人仅允许在\n周五、周六、周日及法定节假日\n20:00-21:00 进行游戏。	5qC55o2u5Zu95a626Ziy5rKJ6L+36KeE5a6a77yM5pyq5oiQ5bm05Lq65LuF5YWB6K645ZyoCuWRqOS6lOOAgeWRqOWFreOAgeWRqOaXpeWPiuazleWumuiKguWBh+aXpQoyMDowMC0yMTowMCDov5vooYzmuLjmiI/jgII=	com.xiaoji.egggame.core/values-zh-rCN/strings.commonMain.cvr	23
com.xiaoji.egggame.core	string	core_anti_addiction_curfew_sub_message	当前不在可玩时段内	5b2T5YmN5LiN5Zyo5Y+v546p5pe25q615YaF	com.xiaoji.egggame.core/values-zh-rCN/strings.commonMain.cvr	24
com.xiaoji.egggame.core	string	core_anti_addiction_curfew_title	未成年人限制	5pyq5oiQ5bm05Lq66ZmQ5Yi2	com.xiaoji.egggame.core/values-zh-rCN/strings.commonMain.cvr	25
com.xiaoji.egggame.core	string	core_anti_addiction_force_exit_highlight	20:00-21:00	MjA6MDAtMjE6MDA=	com.xiaoji.egggame.core/values-zh-rCN/strings.commonMain.cvr	26
com.xiaoji.egggame.core	string	core_anti_addiction_force_exit_message	根据国家防沉迷规定，未成年人本次可玩时段 20:00-21:00 已结束。	5qC55o2u5Zu95a626Ziy5rKJ6L+36KeE5a6a77yM5pyq5oiQ5bm05Lq65pys5qyh5Y+v546p5pe25q61IDIwOjAwLTIxOjAwIOW3sue7k+adn+OAgg==	com.xiaoji.egggame.core/values-zh-rCN/strings.commonMain.cvr	27
com.xiaoji.egggame.core	string	core_anti_addiction_force_exit_primary	退出游戏	6YCA5Ye65ri45oiP	com.xiaoji.egggame.core/values-zh-rCN/strings.commonMain.cvr	28
com.xiaoji.egggame.core	string	core_anti_addiction_force_exit_sub_message	下次可玩时间：下一个周五/周六/周日 20:00	5LiL5qyh5Y+v546p5pe26Ze077ya5LiL5LiA5Liq5ZGo5LqUL+WRqOWFrS/lkajml6UgMjA6MDA=	com.xiaoji.egggame.core/values-zh-rCN/strings.commonMain.cvr	29
com.xiaoji.egggame.core	string	core_anti_addiction_force_exit_title	游戏时段已结束	5ri45oiP5pe25q615bey57uT5p2f	com.xiaoji.egggame.core/values-zh-rCN/strings.commonMain.cvr	30
com.xiaoji.egggame.core	string	core_anti_addiction_realname_invalid_message	您的实名信息无法通过国家系统验证，请重新认证后继续使用云游戏服务。	5oKo55qE5a6e5ZCN5L+h5oGv5peg5rOV6YCa6L+H5Zu95a6257O757uf6aqM6K+B77yM6K+36YeN5paw6K6k6K+B5ZCO57un57ut5L2/55So5LqR5ri45oiP5pyN5Yqh44CC	com.xiaoji.egggame.core/values-zh-rCN/strings.commonMain.cvr	31
com.xiaoji.egggame.core	string	core_anti_addiction_realname_invalid_title	实名信息异常	5a6e5ZCN5L+h5oGv5byC5bi4	com.xiaoji.egggame.core/values-zh-rCN/strings.commonMain.cvr	32
com.xiaoji.egggame.core	string	core_anti_addiction_realname_message	根据国家新闻出版署《关于防止未成年人沉迷网络游戏的通知》规定，使用云游戏服务前需完成实名认证。	5qC55o2u5Zu95a625paw6Ze75Ye654mI572y44CK5YWz5LqO6Ziy5q2i5pyq5oiQ5bm05Lq65rKJ6L+3572R57uc5ri45oiP55qE6YCa55+l44CL6KeE5a6a77yM5L2/55So5LqR5ri45oiP5pyN5Yqh5YmN6ZyA5a6M5oiQ5a6e5ZCN6K6k6K+B44CC	com.xiaoji.egggame.core/values-zh-rCN/strings.commonMain.cvr	33
com.xiaoji.egggame.core	string	core_anti_addiction_realname_submit	提交认证	5o+Q5Lqk6K6k6K+B	com.xiaoji.egggame.core/values-zh-rCN/strings.commonMain.cvr	34
com.xiaoji.egggame.core	string	core_anti_addiction_realname_title	实名认证	5a6e5ZCN6K6k6K+B	com.xiaoji.egggame.core/values-zh-rCN/strings.commonMain.cvr	35
com.xiaoji.egggame.core	string	core_anti_addiction_warning_toast	您的游戏时长还剩%1$d分钟，届时将自动退出	5oKo55qE5ri45oiP5pe26ZW/6L+Y5YmpJTEkZOWIhumSn++8jOWxiuaXtuWwhuiHquWKqOmAgOWHug==	com.xiaoji.egggame.core/values-zh-rCN/strings.commonMain.cvr	36
com.xiaoji.egggame.core	string	core_bottom_sheet_remember_option	记住此选项	6K6w5L2P5q2k6YCJ6aG5	com.xiaoji.egggame.core/values-zh-rCN/strings.commonMain.cvr	37
com.xiaoji.egggame.core	string	core_compensation_body	亲爱的玩家\n由于云游戏全新架构与旧版数据无法兼容，原有的云游戏存档无法继续使用。\n我们深知存档背后的心血，对此我们深表歉意。\n为了弥补损失，我们将根据您6.0版本上线前的"历史总消耗付费时长"，为您补偿永久时长	5Lqy54ix55qE546p5a62CueUseS6juS6kea4uOaIj+WFqOaWsOaetuaehOS4juaXp+eJiOaVsOaNruaXoOazleWFvOWuue+8jOWOn+acieeahOS6kea4uOaIj+WtmOaho+aXoOazlee7p+e7reS9v+eUqOOAggrmiJHku6zmt7Hnn6XlrZjmoaPog4zlkI7nmoTlv4PooYDvvIzlr7nmraTmiJHku6zmt7HooajmrYnmhI/jgIIK5Li65LqG5byl6KGl5o2f5aSx77yM5oiR5Lus5bCG5qC55o2u5oKoNi4w54mI5pys5LiK57q/5YmN55qEIuWOhuWPsuaAu+a2iOiAl+S7mOi0ueaXtumVvyLvvIzkuLrmgqjooaXlgb/msLjkuYXml7bplb8=	com.xiaoji.egggame.core/values-zh-rCN/strings.commonMain.cvr	38
com.xiaoji.egggame.core	string	core_compensation_claim_success	领取成功，时长已入账	6aKG5Y+W5oiQ5Yqf77yM5pe26ZW/5bey5YWl6LSm	com.xiaoji.egggame.core/values-zh-rCN/strings.commonMain.cvr	39
com.xiaoji.egggame.core	string	core_compensation_confirm	同意并领取时长	5ZCM5oSP5bm26aKG5Y+W5pe26ZW/	com.xiaoji.egggame.core/values-zh-rCN/strings.commonMain.cvr	40
com.xiaoji.egggame.core	string	core_compensation_contact_service	不同意结果，联系客服	5LiN5ZCM5oSP57uT5p6c77yM6IGU57O75a6i5pyN	com.xiaoji.egggame.core/values-zh-rCN/strings.commonMain.cvr	41
com.xiaoji.egggame.core	string	core_compensation_copied_service_qq	已复制客服QQ：1311711252	5bey5aSN5Yi25a6i5pyNUVHvvJoxMzExNzExMjUy	com.xiaoji.egggame.core/values-zh-rCN/strings.commonMain.cvr	42
com.xiaoji.egggame.core	string	core_compensation_history_info	您历史消耗付费时长：%1$s小时%2$s分钟\n本次为您核算补偿时长	5oKo5Y6G5Y+y5raI6ICX5LuY6LS55pe26ZW/77yaJTEkc+Wwj+aXtiUyJHPliIbpkp8K5pys5qyh5Li65oKo5qC4566X6KGl5YG/5pe26ZW/	com.xiaoji.egggame.core/values-zh-rCN/strings.commonMain.cvr	43
com.xiaoji.egggame.core	string	core_compensation_title	关于云存档异常的补偿	5YWz5LqO5LqR5a2Y5qGj5byC5bi455qE6KGl5YG/	com.xiaoji.egggame.core/values-zh-rCN/strings.commonMain.cvr	44
com.xiaoji.egggame.core	string	core_compensation_unit_hours	小时	5bCP5pe2	com.xiaoji.egggame.core/values-zh-rCN/strings.commonMain.cvr	45
com.xiaoji.egggame.core	string	core_compensation_unit_minutes	分钟	5YiG6ZKf	com.xiaoji.egggame.core/values-zh-rCN/strings.commonMain.cvr	46
com.xiaoji.egggame.core	string	core_create_room_confirm	创建并进入房间	5Yib5bu65bm26L+b5YWl5oi/6Ze0	com.xiaoji.egggame.core/values-zh-rCN/strings.commonMain.cvr	47
com.xiaoji.egggame.core	string	core_create_room_description	创建后你成为房主，可分享房间链接。房间未满时仍会被同游戏匹配用户补入。	5Yib5bu65ZCO5L2g5oiQ5Li65oi/5Li777yM5Y+v5YiG5Lqr5oi/6Ze06ZO+5o6l44CC5oi/6Ze05pyq5ruh5pe25LuN5Lya6KKr5ZCM5ri45oiP5Yy56YWN55So5oi36KGl5YWl44CC	com.xiaoji.egggame.core/values-zh-rCN/strings.commonMain.cvr	48
com.xiaoji.egggame.core	string	core_create_room_name_label	房间名称	5oi/6Ze05ZCN56ew	com.xiaoji.egggame.core/values-zh-rCN/strings.commonMain.cvr	49
com.xiaoji.egggame.core	string	core_create_room_name_placeholder	来不及解释了，快加入房间！	5p2l5LiN5Y+K6Kej6YeK5LqG77yM5b+r5Yqg5YWl5oi/6Ze077yB	com.xiaoji.egggame.core/values-zh-rCN/strings.commonMain.cvr	50
com.xiaoji.egggame.core	string	core_create_room_no_games	暂无可选游戏	5pqC5peg5Y+v6YCJ5ri45oiP	com.xiaoji.egggame.core/values-zh-rCN/strings.commonMain.cvr	51
com.xiaoji.egggame.core	string	core_create_room_password_label	房间密码（选填）	5oi/6Ze05a+G56CB77yI6YCJ5aGr77yJ	com.xiaoji.egggame.core/values-zh-rCN/strings.commonMain.cvr	52
com.xiaoji.egggame.core	string	core_create_room_recharge_guide_cancel	稍后再说	56iN5ZCO5YaN6K+0	com.xiaoji.egggame.core/values-zh-rCN/strings.commonMain.cvr	53
com.xiaoji.egggame.core	string	core_create_room_recharge_guide_confirm	立即充值	56uL5Y2z5YWF5YC8	com.xiaoji.egggame.core/values-zh-rCN/strings.commonMain.cvr	54
com.xiaoji.egggame.core	string	core_create_room_recharge_guide_message	当前剩余时长不足10分钟,请先充值。	5b2T5YmN5Ymp5L2Z5pe26ZW/5LiN6LazMTDliIbpkp8s6K+35YWI5YWF5YC844CC	com.xiaoji.egggame.core/values-zh-rCN/strings.commonMain.cvr	55
com.xiaoji.egggame.core	string	core_create_room_recharge_guide_title	秒玩时长不足	56eS546p5pe26ZW/5LiN6Laz	com.xiaoji.egggame.core/values-zh-rCN/strings.commonMain.cvr	56
com.xiaoji.egggame.core	string	core_create_room_title	创建组队房间	5Yib5bu657uE6Zif5oi/6Ze0	com.xiaoji.egggame.core/values-zh-rCN/strings.commonMain.cvr	57
com.xiaoji.egggame.core	string	core_dialog_common_cancel	取消	5Y+W5raI	com.xiaoji.egggame.core/values-zh-rCN/strings.commonMain.cvr	58
com.xiaoji.egggame.core	string	core_dialog_common_confirm	确认	56Gu6K6k	com.xiaoji.egggame.core/values-zh-rCN/strings.commonMain.cvr	59
com.xiaoji.egggame.core	string	core_dialog_common_empty_list_tips	暂无数据	5pqC5peg5pWw5o2u	com.xiaoji.egggame.core/values-zh-rCN/strings.commonMain.cvr	60
com.xiaoji.egggame.core	string	core_dialog_common_retry	重试	6YeN6K+V	com.xiaoji.egggame.core/values-zh-rCN/strings.commonMain.cvr	61
com.xiaoji.egggame.core	string	core_dialog_common_title	提示	5o+Q56S6	com.xiaoji.egggame.core/values-zh-rCN/strings.commonMain.cvr	62
com.xiaoji.egggame.core	string	core_dialog_more_menu	更多菜单	5pu05aSa6I+c5Y2V	com.xiaoji.egggame.core/values-zh-rCN/strings.commonMain.cvr	63
com.xiaoji.egggame.core	string	core_download_complete_switch_manual	下载完成，可手动切换	5LiL6L295a6M5oiQ77yM5Y+v5omL5Yqo5YiH5o2i	com.xiaoji.egggame.core/values-zh-rCN/strings.commonMain.cvr	64
com.xiaoji.egggame.core	string	core_download_fail	下载失败，请重试	5LiL6L295aSx6LSl77yM6K+36YeN6K+V	com.xiaoji.egggame.core/values-zh-rCN/strings.commonMain.cvr	65
com.xiaoji.egggame.core	string	core_download_mobile_data_dialog_continue	继续	57un57ut	com.xiaoji.egggame.core/values-zh-rCN/strings.commonMain.cvr	66
com.xiaoji.egggame.core	string	core_download_mobile_data_dialog_message	当前使用移动数据，是否继续下载？	5b2T5YmN5L2/55So56e75Yqo5pWw5o2u77yM5piv5ZCm57un57ut5LiL6L2977yf	com.xiaoji.egggame.core/values-zh-rCN/strings.commonMain.cvr	67
com.xiaoji.egggame.core	string	core_download_mobile_data_toast	正在使用移动网络，请注意流量消耗	5q2j5Zyo5L2/55So56e75Yqo572R57uc77yM6K+35rOo5oSP5rWB6YeP5raI6ICX	com.xiaoji.egggame.core/values-zh-rCN/strings.commonMain.cvr	68
com.xiaoji.egggame.core	string	core_download_network_interrupted_paused	网络中断，下载已暂停	572R57uc5Lit5pat77yM5LiL6L295bey5pqC5YGc	com.xiaoji.egggame.core/values-zh-rCN/strings.commonMain.cvr	69
com.xiaoji.egggame.core	string	core_error_auth_required	需要身份验证	6ZyA6KaB6Lqr5Lu96aqM6K+B	com.xiaoji.egggame.core/values-zh-rCN/strings.commonMain.cvr	70
com.xiaoji.egggame.core	string	core_error_http	请求失败	6K+35rGC5aSx6LSl	com.xiaoji.egggame.core/values-zh-rCN/strings.commonMain.cvr	71
com.xiaoji.egggame.core	string	core_error_network	网络异常，请检查网络后重试	572R57uc5byC5bi477yM6K+35qOA5p+l572R57uc5ZCO6YeN6K+V	com.xiaoji.egggame.core/values-zh-rCN/strings.commonMain.cvr	72
com.xiaoji.egggame.core	string	core_error_parse	数据解析异常，请稍后重试	5pWw5o2u6Kej5p6Q5byC5bi477yM6K+356iN5ZCO6YeN6K+V	com.xiaoji.egggame.core/values-zh-rCN/strings.commonMain.cvr	73
com.xiaoji.egggame.core	string	core_error_unexpected_body	响应格式异常，请稍后重试	5ZON5bqU5qC85byP5byC5bi477yM6K+356iN5ZCO6YeN6K+V	com.xiaoji.egggame.core/values-zh-rCN/strings.commonMain.cvr	74
com.xiaoji.egggame.core	string	core_error_unknown	请求失败，请稍后重试	6K+35rGC5aSx6LSl77yM6K+356iN5ZCO6YeN6K+V	com.xiaoji.egggame.core/values-zh-rCN/strings.commonMain.cvr	75
com.xiaoji.egggame.core	string	core_format_download_compact	%1$s%2$s	JTEkcyUyJHM=	com.xiaoji.egggame.core/values-zh-rCN/strings.commonMain.cvr	76
com.xiaoji.egggame.core	string	core_format_unit_b	B	Qg==	com.xiaoji.egggame.core/values-zh-rCN/strings.commonMain.cvr	77
com.xiaoji.egggame.core	string	core_format_unit_k	K	Sw==	com.xiaoji.egggame.core/values-zh-rCN/strings.commonMain.cvr	78
com.xiaoji.egggame.core	string	core_format_unit_m	M	TQ==	com.xiaoji.egggame.core/values-zh-rCN/strings.commonMain.cvr	79
com.xiaoji.egggame.core	string	core_format_unit_t	T	VA==	com.xiaoji.egggame.core/values-zh-rCN/strings.commonMain.cvr	80
com.xiaoji.egggame.core	string	core_format_unit_wan_yi	万亿	5LiH5Lq/	com.xiaoji.egggame.core/values-zh-rCN/strings.commonMain.cvr	81
com.xiaoji.egggame.core	string	core_format_unit_wan	万	5LiH	com.xiaoji.egggame.core/values-zh-rCN/strings.commonMain.cvr	82
com.xiaoji.egggame.core	string	core_format_unit_yi	亿	5Lq/	com.xiaoji.egggame.core/values-zh-rCN/strings.commonMain.cvr	83
com.xiaoji.egggame.core	string	core_land_status_battery_charging	充电中	5YWF55S15Lit	com.xiaoji.egggame.core/values-zh-rCN/strings.commonMain.cvr	84
com.xiaoji.egggame.core	string	core_land_status_battery_level	电量 %1$s	55S16YePICUxJHM=	com.xiaoji.egggame.core/values-zh-rCN/strings.commonMain.cvr	85
com.xiaoji.egggame.core	string	core_land_status_device	设备	6K6+5aSH	com.xiaoji.egggame.core/values-zh-rCN/strings.commonMain.cvr	86
com.xiaoji.egggame.core	string	core_land_status_network_mobile	移动网络	56e75Yqo572R57uc	com.xiaoji.egggame.core/values-zh-rCN/strings.commonMain.cvr	87
com.xiaoji.egggame.core	string	core_land_status_network_none	无网络	5peg572R57uc	com.xiaoji.egggame.core/values-zh-rCN/strings.commonMain.cvr	88
com.xiaoji.egggame.core	string	core_land_status_network_wifi	Wi-Fi	V2ktRmk=	com.xiaoji.egggame.core/values-zh-rCN/strings.commonMain.cvr	89
com.xiaoji.egggame.core	string	core_land_status_switch_to_landscape	切换为横屏	5YiH5o2i5Li65qiq5bGP	com.xiaoji.egggame.core/values-zh-rCN/strings.commonMain.cvr	90
com.xiaoji.egggame.core	string	core_land_status_switch_to_portrait	切换为竖屏	5YiH5o2i5Li656uW5bGP	com.xiaoji.egggame.core/values-zh-rCN/strings.commonMain.cvr	91
com.xiaoji.egggame.core	string	core_list_reached_bottom	已经到底部了~	5bey57uP5Yiw5bqV6YOo5LqGfg==	com.xiaoji.egggame.core/values-zh-rCN/strings.commonMain.cvr	92
com.xiaoji.egggame.core	string	core_page_empty_data_default	暂无数据	5pqC5peg5pWw5o2u	com.xiaoji.egggame.core/values-zh-rCN/strings.commonMain.cvr	93
com.xiaoji.egggame.core	string	core_page_login_required_action	去登录	5Y6755m75b2V	com.xiaoji.egggame.core/values-zh-rCN/strings.commonMain.cvr	94
com.xiaoji.egggame.core	string	core_page_login_required_message	登录后查看	55m75b2V5ZCO5p+l55yL	com.xiaoji.egggame.core/values-zh-rCN/strings.commonMain.cvr	95
com.xiaoji.egggame.core	string	core_page_retry_network_message	网络连接断开，请检查网络~	572R57uc6L+e5o6l5pat5byA77yM6K+35qOA5p+l572R57ucfg==	com.xiaoji.egggame.core/values-zh-rCN/strings.commonMain.cvr	96
com.xiaoji.egggame.core	string	core_pay_launch_failed	支付失败	5pSv5LuY5aSx6LSl	com.xiaoji.egggame.core/values-zh-rCN/strings.commonMain.cvr	97
com.xiaoji.egggame.core	string	core_pay_wx_not_installed	请先安装微信	6K+35YWI5a6J6KOF5b6u5L+h	com.xiaoji.egggame.core/values-zh-rCN/strings.commonMain.cvr	98
com.xiaoji.egggame.core	string	core_profile_guest_name	游客模式	5ri45a6i5qih5byP	com.xiaoji.egggame.core/values-zh-rCN/strings.commonMain.cvr	99
com.xiaoji.egggame.core	string	core_rewarded_ad_failed	广告奖励处理失败，请稍后再试	5bm/5ZGK5aWW5Yqx5aSE55CG5aSx6LSl77yM6K+356iN5ZCO5YaN6K+V	com.xiaoji.egggame.core/values-zh-rCN/strings.commonMain.cvr	100
com.xiaoji.egggame.core	string	core_rewarded_ad_reward_granted	奖励已发放	5aWW5Yqx5bey5Y+R5pS+	com.xiaoji.egggame.core/values-zh-rCN/strings.commonMain.cvr	101
com.xiaoji.egggame.core	string	core_rewarded_ad_reward_not_granted	播放未完成，奖励未发放	5pKt5pS+5pyq5a6M5oiQ77yM5aWW5Yqx5pyq5Y+R5pS+	com.xiaoji.egggame.core/values-zh-rCN/strings.commonMain.cvr	102
com.xiaoji.egggame.core	string	core_rewarded_ad_unavailable	暂无可用广告，请稍后再试	5pqC5peg5Y+v55So5bm/5ZGK77yM6K+356iN5ZCO5YaN6K+V	com.xiaoji.egggame.core/values-zh-rCN/strings.commonMain.cvr	103
com.xiaoji.egggame.core	string	core_shortcut_created	快捷方式已创建	5b+r5o235pa55byP5bey5Yib5bu6	com.xiaoji.egggame.core/values-zh-rCN/strings.commonMain.cvr	104
com.xiaoji.egggame.core	string	core_shortcut_failed_message	快捷方式创建失败，请在系统设置中允许创建快捷方式。	5b+r5o235pa55byP5Yib5bu65aSx6LSl77yM6K+35Zyo57O757uf6K6+572u5Lit5YWB6K645Yib5bu65b+r5o235pa55byP44CC	com.xiaoji.egggame.core/values-zh-rCN/strings.commonMain.cvr	105
com.xiaoji.egggame.core	string	core_shortcut_go_to_settings	前往设置	5YmN5b6A6K6+572u	com.xiaoji.egggame.core/values-zh-rCN/strings.commonMain.cvr	106
com.xiaoji.egggame.core	string	core_shortcut_updated	快捷方式已更新	5b+r5o235pa55byP5bey5pu05paw	com.xiaoji.egggame.core/values-zh-rCN/strings.commonMain.cvr	107
com.xiaoji.egggame.core	string	core_steam_auth_error_credentials_expired	Steam 登录已失效，请重新登录	U3RlYW0g55m75b2V5bey5aSx5pWI77yM6K+36YeN5paw55m75b2V	com.xiaoji.egggame.core/values-zh-rCN/strings.commonMain.cvr	108
com.xiaoji.egggame.core	string	core_steam_auth_error_generic	Steam 登录失败，请重试	U3RlYW0g55m75b2V5aSx6LSl77yM6K+36YeN6K+V	com.xiaoji.egggame.core/values-zh-rCN/strings.commonMain.cvr	109
com.xiaoji.egggame.core	string	core_steam_auth_error_invalid_password	Steam 账号或密码错误	U3RlYW0g6LSm5Y+35oiW5a+G56CB6ZSZ6K+v	com.xiaoji.egggame.core/values-zh-rCN/strings.commonMain.cvr	110
com.xiaoji.egggame.core	string	core_steam_auth_error_network	无法连接到 Steam，请检查网络	5peg5rOV6L+e5o6l5YiwIFN0ZWFt77yM6K+35qOA5p+l572R57uc	com.xiaoji.egggame.core/values-zh-rCN/strings.commonMain.cvr	111
com.xiaoji.egggame.core	string	core_steam_auth_error_rate_limited	Steam 登录尝试过于频繁，请稍后再试	U3RlYW0g55m75b2V5bCd6K+V6L+H5LqO6aKR57mB77yM6K+356iN5ZCO5YaN6K+V	com.xiaoji.egggame.core/values-zh-rCN/strings.commonMain.cvr	112
com.xiaoji.egggame.core	string	core_steam_auth_error_verification_required	Steam 需要验证，请重新登录	U3RlYW0g6ZyA6KaB6aqM6K+B77yM6K+36YeN5paw55m75b2V	com.xiaoji.egggame.core/values-zh-rCN/strings.commonMain.cvr	113
com.xiaoji.egggame.core	string	core_steam_invite_join_expired	邀请已过期，请联系好友重新发送	6YKA6K+35bey6L+H5pyf77yM6K+36IGU57O75aW95Y+L6YeN5paw5Y+R6YCB	com.xiaoji.egggame.core/values-zh-rCN/strings.commonMain.cvr	114
com.xiaoji.egggame.core	string	core_steam_invite_join_invalid	邀请链接已失效	6YKA6K+36ZO+5o6l5bey5aSx5pWI	com.xiaoji.egggame.core/values-zh-rCN/strings.commonMain.cvr	115
com.xiaoji.egggame.core	string	core_steam_invite_join_network	网络异常，请稍后重试	572R57uc5byC5bi477yM6K+356iN5ZCO6YeN6K+V	com.xiaoji.egggame.core/values-zh-rCN/strings.commonMain.cvr	116
com.xiaoji.egggame.core	string	core_steam_login_disabled_message	Steam登录状态失效，请重新登录	U3RlYW3nmbvlvZXnirbmgIHlpLHmlYjvvIzor7fph43mlrDnmbvlvZU=	com.xiaoji.egggame.core/values-zh-rCN/strings.commonMain.cvr	117
com.xiaoji.egggame.core	string	core_team_room_game_members_format	%1$d人	JTEkZOS6ug==	com.xiaoji.egggame.core/values-zh-rCN/strings.commonMain.cvr	118
com.xiaoji.egggame.core	string	core_zero_duration_message	当前云游戏时长不足，暂时无法启动游戏。为保障您的进度，避免存档丢失或重置，请及时补充时长	5b2T5YmN5LqR5ri45oiP5pe26ZW/5LiN6Laz77yM5pqC5pe25peg5rOV5ZCv5Yqo5ri45oiP44CC5Li65L+d6Zqc5oKo55qE6L+b5bqm77yM6YG/5YWN5a2Y5qGj5Lii5aSx5oiW6YeN572u77yM6K+35Y+K5pe26KGl5YWF5pe26ZW/	com.xiaoji.egggame.core/values-zh-rCN/strings.commonMain.cvr	119
com.xiaoji.egggame.core	string	core_zero_duration_reward_hint	看完整广告，领%1$d分钟秒玩时长	55yL5a6M5pW05bm/5ZGK77yM6aKGJTEkZOWIhumSn+enkueOqeaXtumVvw==	com.xiaoji.egggame.core/values-zh-rCN/strings.commonMain.cvr	120
com.xiaoji.egggame.core	string	core_zero_duration_title	游戏时长不足	5ri45oiP5pe26ZW/5LiN6Laz	com.xiaoji.egggame.core/values-zh-rCN/strings.commonMain.cvr	121
com.xiaoji.egggame.core	string	core_zero_duration_watch_ad	看广告得%1$d分钟	55yL5bm/5ZGK5b6XJTEkZOWIhumSnw==	com.xiaoji.egggame.core/values-zh-rCN/strings.commonMain.cvr	122
com.xiaoji.egggame.core	string	features_game_no_image	暂无图片	5pqC5peg5Zu+54mH	com.xiaoji.egggame.core/values-zh-rCN/strings.commonMain.cvr	123
com.xiaoji.egggame.core	string	features_game_pc_settings	PC引擎设置	UEPlvJXmk47orr7nva4=	com.xiaoji.egggame.core/values-zh-rCN/strings.commonMain.cvr	124
com.xiaoji.egggame.features.appupdate	string	features_app_update_content	更新内容：	5pu05paw5YaF5a6577ya	com.xiaoji.egggame.features.appupdate/values-zh-rCN/strings.commonMain.cvr	2
com.xiaoji.egggame.features.appupdate	string	features_app_update_dialog_cancel	取消	5Y+W5raI	com.xiaoji.egggame.features.appupdate/values-zh-rCN/strings.commonMain.cvr	3
com.xiaoji.egggame.features.appupdate	string	features_app_update_download_progress	下载中: %1$d%	5LiL6L295LitOiAlMSRkJQ==	com.xiaoji.egggame.features.appupdate/values-zh-rCN/strings.commonMain.cvr	4
com.xiaoji.egggame.features.appupdate	string	features_app_update_downloading	下载中...	5LiL6L295LitLi4u	com.xiaoji.egggame.features.appupdate/values-zh-rCN/strings.commonMain.cvr	5
com.xiaoji.egggame.features.appupdate	string	features_app_update_file_size	大小：%1$s	5aSn5bCP77yaJTEkcw==	com.xiaoji.egggame.features.appupdate/values-zh-rCN/strings.commonMain.cvr	6
com.xiaoji.egggame.features.appupdate	string	features_app_update_install_now	立即安装	56uL5Y2z5a6J6KOF	com.xiaoji.egggame.features.appupdate/values-zh-rCN/strings.commonMain.cvr	7
com.xiaoji.egggame.features.appupdate	string	features_app_update_new_version	发现新版本	5Y+R546w5paw54mI5pys	com.xiaoji.egggame.features.appupdate/values-zh-rCN/strings.commonMain.cvr	8
com.xiaoji.egggame.features.appupdate	string	features_app_update_retry	重试	6YeN6K+V	com.xiaoji.egggame.features.appupdate/values-zh-rCN/strings.commonMain.cvr	9
com.xiaoji.egggame.features.appupdate	string	features_app_update_update_now	立即更新	56uL5Y2z5pu05paw	com.xiaoji.egggame.features.appupdate/values-zh-rCN/strings.commonMain.cvr	10
com.xiaoji.egggame.features.appupdate	string	features_app_update_update_sure	确认	56Gu6K6k	com.xiaoji.egggame.features.appupdate/values-zh-rCN/strings.commonMain.cvr	11
com.xiaoji.egggame.features.appupdate	string	features_app_update_version_number	版本号：%1$s	54mI5pys5Y+377yaJTEkcw==	com.xiaoji.egggame.features.appupdate/values-zh-rCN/strings.commonMain.cvr	12
com.xiaoji.egggame.features.auth	string	features_auth_agreement_prefix	未注册的账号将在登录时自动注册，且代表您已经同意%1$s和%2$s	5pyq5rOo5YaM55qE6LSm5Y+35bCG5Zyo55m75b2V5pe26Ieq5Yqo5rOo5YaM77yM5LiU5Luj6KGo5oKo5bey57uP5ZCM5oSPJTEkc+WSjCUyJHM=	com.xiaoji.egggame.features.auth/values-zh-rCN/strings.commonMain.cvr	2
com.xiaoji.egggame.features.auth	string	features_auth_apple_error_firebase_error	Firebase 登录失败	RmlyZWJhc2Ug55m75b2V5aSx6LSl	com.xiaoji.egggame.features.auth/values-zh-rCN/strings.commonMain.cvr	3
com.xiaoji.egggame.features.auth	string	features_auth_apple_error_not_supported_on_this_platform	当前平台不支持 Apple 登录	5b2T5YmN5bmz5Y+w5LiN5pSv5oyBIEFwcGxlIOeZu+W9lQ==	com.xiaoji.egggame.features.auth/values-zh-rCN/strings.commonMain.cvr	4
com.xiaoji.egggame.features.auth	string	features_auth_apple_error_sdk_error	Apple 登录 SDK 错误	QXBwbGUg55m75b2VIFNESyDplJnor68=	com.xiaoji.egggame.features.auth/values-zh-rCN/strings.commonMain.cvr	5
com.xiaoji.egggame.features.auth	string	features_auth_apple_error_unknown	Apple 登录失败	QXBwbGUg55m75b2V5aSx6LSl	com.xiaoji.egggame.features.auth/values-zh-rCN/strings.commonMain.cvr	6
com.xiaoji.egggame.features.auth	string	features_auth_apple_error_user_canceled	用户取消了 Apple 登录	55So5oi35Y+W5raI5LqGIEFwcGxlIOeZu+W9lQ==	com.xiaoji.egggame.features.auth/values-zh-rCN/strings.commonMain.cvr	7
com.xiaoji.egggame.features.auth	string	features_auth_email_code_placeholder	邮箱验证码	6YKu566x6aqM6K+B56CB	com.xiaoji.egggame.features.auth/values-zh-rCN/strings.commonMain.cvr	8
com.xiaoji.egggame.features.auth	string	features_auth_email_send_code	发送验证码	5Y+R6YCB6aqM6K+B56CB	com.xiaoji.egggame.features.auth/values-zh-rCN/strings.commonMain.cvr	9
com.xiaoji.egggame.features.auth	string	features_auth_google_error_firebase_error	Firebase 登录失败	RmlyZWJhc2Ug55m75b2V5aSx6LSl	com.xiaoji.egggame.features.auth/values-zh-rCN/strings.commonMain.cvr	10
com.xiaoji.egggame.features.auth	string	features_auth_google_error_no_credential_available	未找到可用的 Google 账号	5pyq5om+5Yiw5Y+v55So55qEIEdvb2dsZSDotKblj7c=	com.xiaoji.egggame.features.auth/values-zh-rCN/strings.commonMain.cvr	11
com.xiaoji.egggame.features.auth	string	features_auth_google_error_no_foreground_activity	当前无前台页面，无法发起 Google 登录	5b2T5YmN5peg5YmN5Y+w6aG16Z2i77yM5peg5rOV5Y+R6LW3IEdvb2dsZSDnmbvlvZU=	com.xiaoji.egggame.features.auth/values-zh-rCN/strings.commonMain.cvr	12
com.xiaoji.egggame.features.auth	string	features_auth_google_error_sdk_error	Google 登录 SDK 错误	R29vZ2xlIOeZu+W9lSBTREsg6ZSZ6K+v	com.xiaoji.egggame.features.auth/values-zh-rCN/strings.commonMain.cvr	13
com.xiaoji.egggame.features.auth	string	features_auth_google_error_unknown	Google 登录失败	R29vZ2xlIOeZu+W9leWksei0pQ==	com.xiaoji.egggame.features.auth/values-zh-rCN/strings.commonMain.cvr	14
com.xiaoji.egggame.features.auth	string	features_auth_google_error_web_client_id_not_configured	Google WEB_CLIENT_ID 未配置	R29vZ2xlIFdFQl9DTElFTlRfSUQg5pyq6YWN572u	com.xiaoji.egggame.features.auth/values-zh-rCN/strings.commonMain.cvr	15
com.xiaoji.egggame.features.auth	string	features_auth_guest_bind_conflict_cancel	取消	5Y+W5raI	com.xiaoji.egggame.features.auth/values-zh-rCN/strings.commonMain.cvr	16
com.xiaoji.egggame.features.auth	string	features_auth_guest_bind_conflict_confirm	确认切换	56Gu6K6k5YiH5o2i	com.xiaoji.egggame.features.auth/values-zh-rCN/strings.commonMain.cvr	17
com.xiaoji.egggame.features.auth	string	features_auth_guest_bind_conflict_default_username	未知账号	5pyq55+l6LSm5Y+3	com.xiaoji.egggame.features.auth/values-zh-rCN/strings.commonMain.cvr	18
com.xiaoji.egggame.features.auth	string	features_auth_guest_bind_conflict_message	当前登录方式已绑定账号 %1$s，切换后，当前游客数据将丢失。	5b2T5YmN55m75b2V5pa55byP5bey57uR5a6a6LSm5Y+3ICUxJHPvvIzliIfmjaLlkI7vvIzlvZPliY3muLjlrqLmlbDmja7lsIbkuKLlpLHjgII=	com.xiaoji.egggame.features.auth/values-zh-rCN/strings.commonMain.cvr	19
com.xiaoji.egggame.features.auth	string	features_auth_guest_bind_conflict_title	账号已存在	6LSm5Y+35bey5a2Y5Zyo	com.xiaoji.egggame.features.auth/values-zh-rCN/strings.commonMain.cvr	20
com.xiaoji.egggame.features.auth	string	features_auth_guest_mode_entry	游客模式，先体验一下	5ri45a6i5qih5byP77yM5YWI5L2T6aqM5LiA5LiL	com.xiaoji.egggame.features.auth/values-zh-rCN/strings.commonMain.cvr	21
com.xiaoji.egggame.features.auth	string	features_auth_guest_upgrade_activity_desc	登录后即可继续操作	55m75b2V5ZCO5Y2z5Y+v57un57ut5pON5L2c	com.xiaoji.egggame.features.auth/values-zh-rCN/strings.commonMain.cvr	22
com.xiaoji.egggame.features.auth	string	features_auth_guest_upgrade_activity_title	登录以继续操作	55m75b2V5Lul57un57ut5pON5L2c	com.xiaoji.egggame.features.auth/values-zh-rCN/strings.commonMain.cvr	23
com.xiaoji.egggame.features.auth	string	features_auth_guest_upgrade_cloud_save_desc	登录后可同步游戏进度	55m75b2V5ZCO5Y+v5ZCM5q2l5ri45oiP6L+b5bqm	com.xiaoji.egggame.features.auth/values-zh-rCN/strings.commonMain.cvr	24
com.xiaoji.egggame.features.auth	string	features_auth_guest_upgrade_cloud_save_title	登录以使用云存档	55m75b2V5Lul5L2/55So5LqR5a2Y5qGj	com.xiaoji.egggame.features.auth/values-zh-rCN/strings.commonMain.cvr	25
com.xiaoji.egggame.features.auth	string	features_auth_guest_upgrade_cloud_team_desc	登录后可创建&加入房间	55m75b2V5ZCO5Y+v5Yib5bu6JuWKoOWFpeaIv+mXtA==	com.xiaoji.egggame.features.auth/values-zh-rCN/strings.commonMain.cvr	26
com.xiaoji.egggame.features.auth	string	features_auth_guest_upgrade_cloud_team_title	登录以使用云游组队功能	55m75b2V5Lul5L2/55So5LqR5ri457uE6Zif5Yqf6IO9	com.xiaoji.egggame.features.auth/values-zh-rCN/strings.commonMain.cvr	27
com.xiaoji.egggame.features.auth	string	features_auth_guest_upgrade_pay_desc	登录后可使用付费充值功能	55m75b2V5ZCO5Y+v5L2/55So5LuY6LS55YWF5YC85Yqf6IO9	com.xiaoji.egggame.features.auth/values-zh-rCN/strings.commonMain.cvr	28
com.xiaoji.egggame.features.auth	string	features_auth_guest_upgrade_pay_title	登录以使用充值功能	55m75b2V5Lul5L2/55So5YWF5YC85Yqf6IO9	com.xiaoji.egggame.features.auth/values-zh-rCN/strings.commonMain.cvr	29
com.xiaoji.egggame.features.auth	string	features_auth_guest_upgrade_skip	暂不登录	5pqC5LiN55m75b2V	com.xiaoji.egggame.features.auth/values-zh-rCN/strings.commonMain.cvr	30
com.xiaoji.egggame.features.auth	string	features_auth_guest_upgrade_social_desc	登录后可发布动态	55m75b2V5ZCO5Y+v5Y+R5biD5Yqo5oCB	com.xiaoji.egggame.features.auth/values-zh-rCN/strings.commonMain.cvr	31
com.xiaoji.egggame.features.auth	string	features_auth_guest_upgrade_social_title	登录以使用社交功能	55m75b2V5Lul5L2/55So56S+5Lqk5Yqf6IO9	com.xiaoji.egggame.features.auth/values-zh-rCN/strings.commonMain.cvr	32
com.xiaoji.egggame.features.auth	string	features_auth_guest_upgrade_steam_desc	登录后可同步你的 Steam/Epic 游戏库，一键下载&启动游戏	55m75b2V5ZCO5Y+v5ZCM5q2l5L2g55qEIFN0ZWFtL0VwaWMg5ri45oiP5bqT77yM5LiA6ZSu5LiL6L29JuWQr+WKqOa4uOaIjw==	com.xiaoji.egggame.features.auth/values-zh-rCN/strings.commonMain.cvr	33
com.xiaoji.egggame.features.auth	string	features_auth_guest_upgrade_steam_title	登录以连接 Steam / Epic	55m75b2V5Lul6L+e5o6lIFN0ZWFtIC8gRXBpYw==	com.xiaoji.egggame.features.auth/values-zh-rCN/strings.commonMain.cvr	34
com.xiaoji.egggame.features.auth	string	features_auth_login_button	登录/注册	55m75b2VL+azqOWGjA==	com.xiaoji.egggame.features.auth/values-zh-rCN/strings.commonMain.cvr	35
com.xiaoji.egggame.features.auth	string	features_auth_login_social_title	第三方登录	56ys5LiJ5pa555m75b2V	com.xiaoji.egggame.features.auth/values-zh-rCN/strings.commonMain.cvr	36
com.xiaoji.egggame.features.auth	string	features_auth_login_title	登录	55m75b2V	com.xiaoji.egggame.features.auth/values-zh-rCN/strings.commonMain.cvr	37
com.xiaoji.egggame.features.auth	string	features_auth_onekey_login_button	本机号码一键登录	5pys5py65Y+356CB5LiA6ZSu55m75b2V	com.xiaoji.egggame.features.auth/values-zh-rCN/strings.commonMain.cvr	38
com.xiaoji.egggame.features.auth	string	features_auth_onekey_other_methods	更多登录方式	5pu05aSa55m75b2V5pa55byP	com.xiaoji.egggame.features.auth/values-zh-rCN/strings.commonMain.cvr	39
com.xiaoji.egggame.features.auth	string	features_auth_phone_code_placeholder	输入手机验证码	6L6T5YWl5omL5py66aqM6K+B56CB	com.xiaoji.egggame.features.auth/values-zh-rCN/strings.commonMain.cvr	40
com.xiaoji.egggame.features.auth	string	features_auth_phone_label	手机号	5omL5py65Y+3	com.xiaoji.egggame.features.auth/values-zh-rCN/strings.commonMain.cvr	41
com.xiaoji.egggame.features.auth	string	features_auth_phone_placeholder	请输入手机号	6K+36L6T5YWl5omL5py65Y+3	com.xiaoji.egggame.features.auth/values-zh-rCN/strings.commonMain.cvr	42
com.xiaoji.egggame.features.auth	string	features_auth_privacy_policy_title	隐私政策	6ZqQ56eB5pS/562W	com.xiaoji.egggame.features.auth/values-zh-rCN/strings.commonMain.cvr	43
com.xiaoji.egggame.features.auth	string	features_auth_privacy_policy	《隐私政策》	44CK6ZqQ56eB5pS/562W44CL	com.xiaoji.egggame.features.auth/values-zh-rCN/strings.commonMain.cvr	44
com.xiaoji.egggame.features.auth	string	features_auth_qq_error_app_id_not_configured	QQ登录配置异常，请稍后重试或联系管理员	UVHnmbvlvZXphY3nva7lvILluLjvvIzor7fnqI3lkI7ph43or5XmiJbogZTns7vnrqHnkIblkZg=	com.xiaoji.egggame.features.auth/values-zh-rCN/strings.commonMain.cvr	45
com.xiaoji.egggame.features.auth	string	features_auth_qq_error_app_not_installed	未检测到已安装的QQ客户端	5pyq5qOA5rWL5Yiw5bey5a6J6KOF55qEUVHlrqLmiLfnq68=	com.xiaoji.egggame.features.auth/values-zh-rCN/strings.commonMain.cvr	46
com.xiaoji.egggame.features.auth	string	features_auth_qq_error_sdk_error	QQ客户端返回错误，请稍后重试	UVHlrqLmiLfnq6/ov5Tlm57plJnor6/vvIzor7fnqI3lkI7ph43or5U=	com.xiaoji.egggame.features.auth/values-zh-rCN/strings.commonMain.cvr	47
com.xiaoji.egggame.features.auth	string	features_auth_qq_error_send_request_failed	无法拉起QQ，请稍后重试	5peg5rOV5ouJ6LW3UVHvvIzor7fnqI3lkI7ph43or5U=	com.xiaoji.egggame.features.auth/values-zh-rCN/strings.commonMain.cvr	48
com.xiaoji.egggame.features.auth	string	features_auth_qq_error_unknown	QQ登录失败，请稍后重试	UVHnmbvlvZXlpLHotKXvvIzor7fnqI3lkI7ph43or5U=	com.xiaoji.egggame.features.auth/values-zh-rCN/strings.commonMain.cvr	49
com.xiaoji.egggame.features.auth	string	features_auth_qrcode_refresh	刷新二维码	5Yi35paw5LqM57u056CB	com.xiaoji.egggame.features.auth/values-zh-rCN/strings.commonMain.cvr	50
com.xiaoji.egggame.features.auth	string	features_auth_qrcode_tab_qq	QQ登录	UVHnmbvlvZU=	com.xiaoji.egggame.features.auth/values-zh-rCN/strings.commonMain.cvr	51
com.xiaoji.egggame.features.auth	string	features_auth_qrcode_tab_wechat	微信登录	5b6u5L+h55m75b2V	com.xiaoji.egggame.features.auth/values-zh-rCN/strings.commonMain.cvr	52
com.xiaoji.egggame.features.auth	string	features_auth_qrcode_tip_qq	请使用 QQ 扫码登录	6K+35L2/55SoIFFRIOaJq+eggeeZu+W9lQ==	com.xiaoji.egggame.features.auth/values-zh-rCN/strings.commonMain.cvr	53
com.xiaoji.egggame.features.auth	string	features_auth_qrcode_tip_wechat	请使用微信扫码登录	6K+35L2/55So5b6u5L+h5omr56CB55m75b2V	com.xiaoji.egggame.features.auth/values-zh-rCN/strings.commonMain.cvr	54
com.xiaoji.egggame.features.auth	string	features_auth_resend_code_timer	重新获取(%1$ds)	6YeN5paw6I635Y+WKCUxJGRzKQ==	com.xiaoji.egggame.features.auth/values-zh-rCN/strings.commonMain.cvr	55
com.xiaoji.egggame.features.auth	string	features_auth_resend_code	重新获取	6YeN5paw6I635Y+W	com.xiaoji.egggame.features.auth/values-zh-rCN/strings.commonMain.cvr	56
com.xiaoji.egggame.features.auth	string	features_auth_send_code	获取验证码	6I635Y+W6aqM6K+B56CB	com.xiaoji.egggame.features.auth/values-zh-rCN/strings.commonMain.cvr	57
com.xiaoji.egggame.features.auth	string	features_auth_sending	发送中…	5Y+R6YCB5Lit4oCm	com.xiaoji.egggame.features.auth/values-zh-rCN/strings.commonMain.cvr	58
com.xiaoji.egggame.features.auth	string	features_auth_skip_login	暂时跳过登录	5pqC5pe26Lez6L+H55m75b2V	com.xiaoji.egggame.features.auth/values-zh-rCN/strings.commonMain.cvr	59
com.xiaoji.egggame.features.auth	string	features_auth_toast_account_switch_success	切换成功	5YiH5o2i5oiQ5Yqf	com.xiaoji.egggame.features.auth/values-zh-rCN/strings.commonMain.cvr	60
com.xiaoji.egggame.features.auth	string	features_auth_toast_code_incorrect	验证码不正确	6aqM6K+B56CB5LiN5q2j56Gu	com.xiaoji.egggame.features.auth/values-zh-rCN/strings.commonMain.cvr	61
com.xiaoji.egggame.features.auth	string	features_auth_toast_code_sent	验证码已发送	6aqM6K+B56CB5bey5Y+R6YCB	com.xiaoji.egggame.features.auth/values-zh-rCN/strings.commonMain.cvr	62
com.xiaoji.egggame.features.auth	string	features_auth_toast_entered_guest	已进入游客模式	5bey6L+b5YWl5ri45a6i5qih5byP	com.xiaoji.egggame.features.auth/values-zh-rCN/strings.commonMain.cvr	63
com.xiaoji.egggame.features.auth	string	features_auth_toast_invalid_phone	请输入正确的手机号	6K+36L6T5YWl5q2j56Gu55qE5omL5py65Y+3	com.xiaoji.egggame.features.auth/values-zh-rCN/strings.commonMain.cvr	64
com.xiaoji.egggame.features.auth	string	features_auth_toast_login_success_guest_upgrade	登录成功，已升级为正式账号	55m75b2V5oiQ5Yqf77yM5bey5Y2H57qn5Li65q2j5byP6LSm5Y+3	com.xiaoji.egggame.features.auth/values-zh-rCN/strings.commonMain.cvr	65
com.xiaoji.egggame.features.auth	string	features_auth_toast_login_success	登录成功	55m75b2V5oiQ5Yqf	com.xiaoji.egggame.features.auth/values-zh-rCN/strings.commonMain.cvr	66
com.xiaoji.egggame.features.auth	string	features_auth_toast_need_agree	请先同意并勾选相关协议	6K+35YWI5ZCM5oSP5bm25Yu+6YCJ55u45YWz5Y2P6K6u	com.xiaoji.egggame.features.auth/values-zh-rCN/strings.commonMain.cvr	67
com.xiaoji.egggame.features.auth	string	features_auth_toast_onekey_unavailable	一键登录暂不可用，请使用其他方式登录	5LiA6ZSu55m75b2V5pqC5LiN5Y+v55So77yM6K+35L2/55So5YW25LuW5pa55byP55m75b2V	com.xiaoji.egggame.features.auth/values-zh-rCN/strings.commonMain.cvr	68
com.xiaoji.egggame.features.auth	string	features_auth_toast_please_get_code	请先获取验证码	6K+35YWI6I635Y+W6aqM6K+B56CB	com.xiaoji.egggame.features.auth/values-zh-rCN/strings.commonMain.cvr	69
com.xiaoji.egggame.features.auth	string	features_auth_toast_please_input_code	请输入验证码	6K+36L6T5YWl6aqM6K+B56CB	com.xiaoji.egggame.features.auth/values-zh-rCN/strings.commonMain.cvr	70
com.xiaoji.egggame.features.auth	string	features_auth_toast_send_failed	发送失败，请稍后重试	5Y+R6YCB5aSx6LSl77yM6K+356iN5ZCO6YeN6K+V	com.xiaoji.egggame.features.auth/values-zh-rCN/strings.commonMain.cvr	71
com.xiaoji.egggame.features.auth	string	features_auth_user_agreement_title	用户协议	55So5oi35Y2P6K6u	com.xiaoji.egggame.features.auth/values-zh-rCN/strings.commonMain.cvr	72
com.xiaoji.egggame.features.auth	string	features_auth_user_agreement	《用户协议》	44CK55So5oi35Y2P6K6u44CL	com.xiaoji.egggame.features.auth/values-zh-rCN/strings.commonMain.cvr	73
com.xiaoji.egggame.features.auth	string	features_auth_verify_sent_to	已发送至 %1$s %2$s	5bey5Y+R6YCB6IezICUxJHMgJTIkcw==	com.xiaoji.egggame.features.auth/values-zh-rCN/strings.commonMain.cvr	74
com.xiaoji.egggame.features.auth	string	features_auth_verify_title	请输入验证码	6K+36L6T5YWl6aqM6K+B56CB	com.xiaoji.egggame.features.auth/values-zh-rCN/strings.commonMain.cvr	75
com.xiaoji.egggame.features.auth	string	features_auth_wechat_error_app_id_not_configured	微信登录配置异常，请稍后重试或联系管理员	5b6u5L+h55m75b2V6YWN572u5byC5bi477yM6K+356iN5ZCO6YeN6K+V5oiW6IGU57O7566h55CG5ZGY	com.xiaoji.egggame.features.auth/values-zh-rCN/strings.commonMain.cvr	76
com.xiaoji.egggame.features.auth	string	features_auth_wechat_error_app_not_installed	未检测到已安装的微信客户端	5pyq5qOA5rWL5Yiw5bey5a6J6KOF55qE5b6u5L+h5a6i5oi356uv	com.xiaoji.egggame.features.auth/values-zh-rCN/strings.commonMain.cvr	77
com.xiaoji.egggame.features.auth	string	features_auth_wechat_error_sdk_error	微信客户端返回错误，请稍后重试	5b6u5L+h5a6i5oi356uv6L+U5Zue6ZSZ6K+v77yM6K+356iN5ZCO6YeN6K+V	com.xiaoji.egggame.features.auth/values-zh-rCN/strings.commonMain.cvr	78
com.xiaoji.egggame.features.auth	string	features_auth_wechat_error_send_request_failed	无法拉起微信，请稍后重试	5peg5rOV5ouJ6LW35b6u5L+h77yM6K+356iN5ZCO6YeN6K+V	com.xiaoji.egggame.features.auth/values-zh-rCN/strings.commonMain.cvr	79
com.xiaoji.egggame.features.auth	string	features_auth_wechat_error_unknown	微信登录失败，请稍后重试	5b6u5L+h55m75b2V5aSx6LSl77yM6K+356iN5ZCO6YeN6K+V	com.xiaoji.egggame.features.auth/values-zh-rCN/strings.commonMain.cvr	80
com.xiaoji.egggame.features.auth	string	features_auth_welcome_title	欢迎来到盖世游戏	5qyi6L+O5p2l5Yiw55uW5LiW5ri45oiP	com.xiaoji.egggame.features.auth/values-zh-rCN/strings.commonMain.cvr	81
com.xiaoji.egggame.features.auth	string	features_profile_send_email_input_hint	请输入邮箱地址	6K+36L6T5YWl6YKu566x5Zyw5Z2A	com.xiaoji.egggame.features.auth/values-zh-rCN/strings.commonMain.cvr	82
com.xiaoji.egggame.features.auth	string	features_profile_send_email_invalid	请输入正确的邮箱	6K+36L6T5YWl5q2j56Gu55qE6YKu566x	com.xiaoji.egggame.features.auth/values-zh-rCN/strings.commonMain.cvr	83
com.xiaoji.egggame.features.cdkey	string	features_cdkey_activation_account_confirm_message	系统即将把游戏激活至以下Steam账号	57O757uf5Y2z5bCG5oqK5ri45oiP5r+A5rS76Iez5Lul5LiLU3RlYW3otKblj7c=	com.xiaoji.egggame.features.cdkey/values-zh-rCN/strings.commonMain.cvr	2
com.xiaoji.egggame.features.cdkey	string	features_cdkey_activation_account_confirm_title	确认收货账号	56Gu6K6k5pS26LSn6LSm5Y+3	com.xiaoji.egggame.features.cdkey/values-zh-rCN/strings.commonMain.cvr	3
com.xiaoji.egggame.features.cdkey	string	features_cdkey_activation_account	Steam 账号	U3RlYW0g6LSm5Y+3	com.xiaoji.egggame.features.cdkey/values-zh-rCN/strings.commonMain.cvr	4
com.xiaoji.egggame.features.cdkey	string	features_cdkey_activation_action_manual	手动激活	5omL5Yqo5r+A5rS7	com.xiaoji.egggame.features.cdkey/values-zh-rCN/strings.commonMain.cvr	5
com.xiaoji.egggame.features.cdkey	string	features_cdkey_activation_action_retry	重试激活	6YeN6K+V5r+A5rS7	com.xiaoji.egggame.features.cdkey/values-zh-rCN/strings.commonMain.cvr	6
com.xiaoji.egggame.features.cdkey	string	features_cdkey_activation_action_view_library	前往游戏库查看	5YmN5b6A5ri45oiP5bqT5p+l55yL	com.xiaoji.egggame.features.cdkey/values-zh-rCN/strings.commonMain.cvr	7
com.xiaoji.egggame.features.cdkey	string	features_cdkey_activation_activated_message	兑换成功！游戏已入库	5YWR5o2i5oiQ5Yqf77yB5ri45oiP5bey5YWl5bqT	com.xiaoji.egggame.features.cdkey/values-zh-rCN/strings.commonMain.cvr	8
com.xiaoji.egggame.features.cdkey	string	features_cdkey_activation_activated_title	激活成功	5r+A5rS75oiQ5Yqf	com.xiaoji.egggame.features.cdkey/values-zh-rCN/strings.commonMain.cvr	9
com.xiaoji.egggame.features.cdkey	string	features_cdkey_activation_activating	正在激活并同步游戏库…	5q2j5Zyo5r+A5rS75bm25ZCM5q2l5ri45oiP5bqT4oCm	com.xiaoji.egggame.features.cdkey/values-zh-rCN/strings.commonMain.cvr	10
com.xiaoji.egggame.features.cdkey	string	features_cdkey_activation_cancel	取消	5Y+W5raI	com.xiaoji.egggame.features.cdkey/values-zh-rCN/strings.commonMain.cvr	11
com.xiaoji.egggame.features.cdkey	string	features_cdkey_activation_close	关闭	5YWz6Zet	com.xiaoji.egggame.features.cdkey/values-zh-rCN/strings.commonMain.cvr	12
com.xiaoji.egggame.features.cdkey	string	features_cdkey_activation_confirm	确认激活	56Gu6K6k5r+A5rS7	com.xiaoji.egggame.features.cdkey/values-zh-rCN/strings.commonMain.cvr	13
com.xiaoji.egggame.features.cdkey	string	features_cdkey_activation_failed_title	激活失败	5r+A5rS75aSx6LSl	com.xiaoji.egggame.features.cdkey/values-zh-rCN/strings.commonMain.cvr	14
com.xiaoji.egggame.features.cdkey	string	features_cdkey_activation_failure_account	此 Steam 账号不符合该产品的激活条件。	5q2kIFN0ZWFtIOi0puWPt+S4jeespuWQiOivpeS6p+WTgeeahOa/gOa0u+adoeS7tuOAgg==	com.xiaoji.egggame.features.cdkey/values-zh-rCN/strings.commonMain.cvr	15
com.xiaoji.egggame.features.cdkey	string	features_cdkey_activation_failure_already_owned	此 Steam 账号已拥有该产品。	5q2kIFN0ZWFtIOi0puWPt+W3suaLpeacieivpeS6p+WTgeOAgg==	com.xiaoji.egggame.features.cdkey/values-zh-rCN/strings.commonMain.cvr	16
com.xiaoji.egggame.features.cdkey	string	features_cdkey_activation_failure_already_redeemed	该产品密钥已被兑换。	6K+l5Lqn5ZOB5a+G6ZKl5bey6KKr5YWR5o2i44CC	com.xiaoji.egggame.features.cdkey/values-zh-rCN/strings.commonMain.cvr	17
com.xiaoji.egggame.features.cdkey	string	features_cdkey_activation_failure_client	当前客户端不支持激活此产品密钥。	5b2T5YmN5a6i5oi356uv5LiN5pSv5oyB5r+A5rS75q2k5Lqn5ZOB5a+G6ZKl44CC	com.xiaoji.egggame.features.cdkey/values-zh-rCN/strings.commonMain.cvr	18
com.xiaoji.egggame.features.cdkey	string	features_cdkey_activation_failure_generic	激活失败，请核对账号与密钥后重试。	5r+A5rS75aSx6LSl77yM6K+35qC45a+56LSm5Y+35LiO5a+G6ZKl5ZCO6YeN6K+V44CC	com.xiaoji.egggame.features.cdkey/values-zh-rCN/strings.commonMain.cvr	19
com.xiaoji.egggame.features.cdkey	string	features_cdkey_activation_failure_invalid	该产品密钥无效。	6K+l5Lqn5ZOB5a+G6ZKl5peg5pWI44CC	com.xiaoji.egggame.features.cdkey/values-zh-rCN/strings.commonMain.cvr	20
com.xiaoji.egggame.features.cdkey	string	features_cdkey_activation_failure_pos	卖家尚未启用该产品密钥。	5Y2W5a625bCa5pyq5ZCv55So6K+l5Lqn5ZOB5a+G6ZKl44CC	com.xiaoji.egggame.features.cdkey/values-zh-rCN/strings.commonMain.cvr	21
com.xiaoji.egggame.features.cdkey	string	features_cdkey_activation_failure_rate	激活尝试过于频繁，请稍后再试。	5r+A5rS75bCd6K+V6L+H5LqO6aKR57mB77yM6K+356iN5ZCO5YaN6K+V44CC	com.xiaoji.egggame.features.cdkey/values-zh-rCN/strings.commonMain.cvr	22
com.xiaoji.egggame.features.cdkey	string	features_cdkey_activation_failure_region	该产品密钥无法在当前账号地区激活。	6K+l5Lqn5ZOB5a+G6ZKl5peg5rOV5Zyo5b2T5YmN6LSm5Y+35Zyw5Yy65r+A5rS744CC	com.xiaoji.egggame.features.cdkey/values-zh-rCN/strings.commonMain.cvr	23
com.xiaoji.egggame.features.cdkey	string	features_cdkey_activation_failure_requirements	此账号未满足激活要求。	5q2k6LSm5Y+35pyq5ruh6Laz5r+A5rS76KaB5rGC44CC	com.xiaoji.egggame.features.cdkey/values-zh-rCN/strings.commonMain.cvr	24
com.xiaoji.egggame.features.cdkey	string	features_cdkey_activation_result_unknown	Steam 未返回明确结果，密钥可能已被消耗。请先检查游戏库，再决定后续操作。	U3RlYW0g5pyq6L+U5Zue5piO56Gu57uT5p6c77yM5a+G6ZKl5Y+v6IO95bey6KKr5raI6ICX44CC6K+35YWI5qOA5p+l5ri45oiP5bqT77yM5YaN5Yaz5a6a5ZCO57ut5pON5L2c44CC	com.xiaoji.egggame.features.cdkey/values-zh-rCN/strings.commonMain.cvr	25
com.xiaoji.egggame.features.cdkey	string	features_cdkey_activation_select_account_first	请先选择 Steam 账号	6K+35YWI6YCJ5oupIFN0ZWFtIOi0puWPtw==	com.xiaoji.egggame.features.cdkey/values-zh-rCN/strings.commonMain.cvr	26
com.xiaoji.egggame.features.cdkey	string	features_cdkey_activation_switch_account_title	选择 Steam 账号	6YCJ5oupIFN0ZWFtIOi0puWPtw==	com.xiaoji.egggame.features.cdkey/values-zh-rCN/strings.commonMain.cvr	27
com.xiaoji.egggame.features.cdkey	string	features_cdkey_activation_switch_account	切换	5YiH5o2i	com.xiaoji.egggame.features.cdkey/values-zh-rCN/strings.commonMain.cvr	28
com.xiaoji.egggame.features.cdkey	string	features_cdkey_delivery_action_view_order	查看订单详情	5p+l55yL6K6i5Y2V6K+m5oOF	com.xiaoji.egggame.features.cdkey/values-zh-rCN/strings.commonMain.cvr	29
com.xiaoji.egggame.features.cdkey	string	features_cdkey_delivery_desc_delivered	CDKEY已发放，请去订单详情一键激活。	Q0RLRVnlt7Llj5HmlL7vvIzor7fljrvorqLljZXor6bmg4XkuIDplK7mv4DmtLvjgII=	com.xiaoji.egggame.features.cdkey/values-zh-rCN/strings.commonMain.cvr	30
com.xiaoji.egggame.features.cdkey	string	features_cdkey_delivery_desc_failed	请稍后通过订单中心查询发货结果。	6K+356iN5ZCO6YCa6L+H6K6i5Y2V5Lit5b+D5p+l6K+i5Y+R6LSn57uT5p6c44CC	com.xiaoji.egggame.features.cdkey/values-zh-rCN/strings.commonMain.cvr	31
com.xiaoji.egggame.features.cdkey	string	features_cdkey_delivery_status_delivering	正在发放...	5q2j5Zyo5Y+R5pS+Li4u	com.xiaoji.egggame.features.cdkey/values-zh-rCN/strings.commonMain.cvr	32
com.xiaoji.egggame.features.cdkey	string	features_cdkey_delivery_title_delivered	发货成功	5Y+R6LSn5oiQ5Yqf	com.xiaoji.egggame.features.cdkey/values-zh-rCN/strings.commonMain.cvr	33
com.xiaoji.egggame.features.cdkey	string	features_cdkey_delivery_title_delivering	发货中	5Y+R6LSn5Lit	com.xiaoji.egggame.features.cdkey/values-zh-rCN/strings.commonMain.cvr	34
com.xiaoji.egggame.features.cdkey	string	features_cdkey_delivery_title_failed	发货失败	5Y+R6LSn5aSx6LSl	com.xiaoji.egggame.features.cdkey/values-zh-rCN/strings.commonMain.cvr	35
com.xiaoji.egggame.features.cdkey	string	features_cdkey_gamepad_hint_confirm	确认	56Gu6K6k	com.xiaoji.egggame.features.cdkey/values-zh-rCN/strings.commonMain.cvr	36
com.xiaoji.egggame.features.cdkey	string	features_cdkey_order_account	收货账号	5pS26LSn6LSm5Y+3	com.xiaoji.egggame.features.cdkey/values-zh-rCN/strings.commonMain.cvr	37
com.xiaoji.egggame.features.cdkey	string	features_cdkey_order_action_activate	一键激活	5LiA6ZSu5r+A5rS7	com.xiaoji.egggame.features.cdkey/values-zh-rCN/strings.commonMain.cvr	38
com.xiaoji.egggame.features.cdkey	string	features_cdkey_order_action_cancel	取消订单	5Y+W5raI6K6i5Y2V	com.xiaoji.egggame.features.cdkey/values-zh-rCN/strings.commonMain.cvr	39
com.xiaoji.egggame.features.cdkey	string	features_cdkey_order_action_continue_payment	继续支付	57un57ut5pSv5LuY	com.xiaoji.egggame.features.cdkey/values-zh-rCN/strings.commonMain.cvr	40
com.xiaoji.egggame.features.cdkey	string	features_cdkey_order_action_delete	删除订单	5Yig6Zmk6K6i5Y2V	com.xiaoji.egggame.features.cdkey/values-zh-rCN/strings.commonMain.cvr	41
com.xiaoji.egggame.features.cdkey	string	features_cdkey_order_action_reorder	重新下单	6YeN5paw5LiL5Y2V	com.xiaoji.egggame.features.cdkey/values-zh-rCN/strings.commonMain.cvr	42
com.xiaoji.egggame.features.cdkey	string	features_cdkey_order_cancel_success	订单已取消	6K6i5Y2V5bey5Y+W5raI	com.xiaoji.egggame.features.cdkey/values-zh-rCN/strings.commonMain.cvr	43
com.xiaoji.egggame.features.cdkey	string	features_cdkey_order_cdkey_copy_success	已复制到粘贴板	5bey5aSN5Yi25Yiw57KY6LS05p2/	com.xiaoji.egggame.features.cdkey/values-zh-rCN/strings.commonMain.cvr	44
com.xiaoji.egggame.features.cdkey	string	features_cdkey_order_cdkey_copy	复制	5aSN5Yi2	com.xiaoji.egggame.features.cdkey/values-zh-rCN/strings.commonMain.cvr	45
com.xiaoji.egggame.features.cdkey	string	features_cdkey_order_cdkey	CDKEY码	Q0RLRVnnoIE=	com.xiaoji.egggame.features.cdkey/values-zh-rCN/strings.commonMain.cvr	46
com.xiaoji.egggame.features.cdkey	string	features_cdkey_order_center_title	订单中心	6K6i5Y2V5Lit5b+D	com.xiaoji.egggame.features.cdkey/values-zh-rCN/strings.commonMain.cvr	47
com.xiaoji.egggame.features.cdkey	string	features_cdkey_order_confirm_cancel_message	确认取消该订单？	56Gu6K6k5Y+W5raI6K+l6K6i5Y2V77yf	com.xiaoji.egggame.features.cdkey/values-zh-rCN/strings.commonMain.cvr	48
com.xiaoji.egggame.features.cdkey	string	features_cdkey_order_confirm_cancel	确认取消	56Gu6K6k5Y+W5raI	com.xiaoji.egggame.features.cdkey/values-zh-rCN/strings.commonMain.cvr	49
com.xiaoji.egggame.features.cdkey	string	features_cdkey_order_confirm_delete_message	确认删除该订单？	56Gu6K6k5Yig6Zmk6K+l6K6i5Y2V77yf	com.xiaoji.egggame.features.cdkey/values-zh-rCN/strings.commonMain.cvr	50
com.xiaoji.egggame.features.cdkey	string	features_cdkey_order_confirm_delete	确认删除	56Gu6K6k5Yig6Zmk	com.xiaoji.egggame.features.cdkey/values-zh-rCN/strings.commonMain.cvr	51
com.xiaoji.egggame.features.cdkey	string	features_cdkey_order_delete_success	订单已删除	6K6i5Y2V5bey5Yig6Zmk	com.xiaoji.egggame.features.cdkey/values-zh-rCN/strings.commonMain.cvr	52
com.xiaoji.egggame.features.cdkey	string	features_cdkey_order_detail_title	订单详情	6K6i5Y2V6K+m5oOF	com.xiaoji.egggame.features.cdkey/values-zh-rCN/strings.commonMain.cvr	53
com.xiaoji.egggame.features.cdkey	string	features_cdkey_order_filter_all	全部订单	5YWo6YOo6K6i5Y2V	com.xiaoji.egggame.features.cdkey/values-zh-rCN/strings.commonMain.cvr	54
com.xiaoji.egggame.features.cdkey	string	features_cdkey_order_fulfillment_cdkey	仅CDKEY	5LuFQ0RLRVk=	com.xiaoji.egggame.features.cdkey/values-zh-rCN/strings.commonMain.cvr	55
com.xiaoji.egggame.features.cdkey	string	features_cdkey_order_fulfillment_direct	CDKEY直接激活	Q0RLRVnnm7TmjqXmv4DmtLs=	com.xiaoji.egggame.features.cdkey/values-zh-rCN/strings.commonMain.cvr	56
com.xiaoji.egggame.features.cdkey	string	features_cdkey_order_fulfillment	发货方式	5Y+R6LSn5pa55byP	com.xiaoji.egggame.features.cdkey/values-zh-rCN/strings.commonMain.cvr	57
com.xiaoji.egggame.features.cdkey	string	features_cdkey_order_number_label	订单编号	6K6i5Y2V57yW5Y+3	com.xiaoji.egggame.features.cdkey/values-zh-rCN/strings.commonMain.cvr	58
com.xiaoji.egggame.features.cdkey	string	features_cdkey_order_number	订单编号：%1$s	6K6i5Y2V57yW5Y+377yaJTEkcw==	com.xiaoji.egggame.features.cdkey/values-zh-rCN/strings.commonMain.cvr	59
com.xiaoji.egggame.features.cdkey	string	features_cdkey_order_ordered_at	下单时间	5LiL5Y2V5pe26Ze0	com.xiaoji.egggame.features.cdkey/values-zh-rCN/strings.commonMain.cvr	60
com.xiaoji.egggame.features.cdkey	string	features_cdkey_order_payment_countdown	请在%1$s内完成支付	6K+35ZyoJTEkc+WGheWujOaIkOaUr+S7mA==	com.xiaoji.egggame.features.cdkey/values-zh-rCN/strings.commonMain.cvr	61
com.xiaoji.egggame.features.cdkey	string	features_cdkey_order_product_type	商品类型	5ZWG5ZOB57G75Z6L	com.xiaoji.egggame.features.cdkey/values-zh-rCN/strings.commonMain.cvr	62
com.xiaoji.egggame.features.cdkey	string	features_cdkey_order_region	适用范围	6YCC55So6IyD5Zu0	com.xiaoji.egggame.features.cdkey/values-zh-rCN/strings.commonMain.cvr	63
com.xiaoji.egggame.features.cdkey	string	features_cdkey_order_status_activation_description	您的订单当前处于可使用状态	5oKo55qE6K6i5Y2V5b2T5YmN5aSE5LqO5Y+v5L2/55So54q25oCB	com.xiaoji.egggame.features.cdkey/values-zh-rCN/strings.commonMain.cvr	64
com.xiaoji.egggame.features.cdkey	string	features_cdkey_order_status_activation	订单可使用	6K6i5Y2V5Y+v5L2/55So	com.xiaoji.egggame.features.cdkey/values-zh-rCN/strings.commonMain.cvr	65
com.xiaoji.egggame.features.cdkey	string	features_cdkey_order_status_cancelled_description	您的订单已取消	5oKo55qE6K6i5Y2V5bey5Y+W5raI	com.xiaoji.egggame.features.cdkey/values-zh-rCN/strings.commonMain.cvr	66
com.xiaoji.egggame.features.cdkey	string	features_cdkey_order_status_cancelled_title	订单已取消	6K6i5Y2V5bey5Y+W5raI	com.xiaoji.egggame.features.cdkey/values-zh-rCN/strings.commonMain.cvr	67
com.xiaoji.egggame.features.cdkey	string	features_cdkey_order_status_cancelled	已取消	5bey5Y+W5raI	com.xiaoji.egggame.features.cdkey/values-zh-rCN/strings.commonMain.cvr	68
com.xiaoji.egggame.features.cdkey	string	features_cdkey_order_status_completed_description	您的订单当前已完成	5oKo55qE6K6i5Y2V5b2T5YmN5bey5a6M5oiQ	com.xiaoji.egggame.features.cdkey/values-zh-rCN/strings.commonMain.cvr	69
com.xiaoji.egggame.features.cdkey	string	features_cdkey_order_status_completed_title	订单已完成	6K6i5Y2V5bey5a6M5oiQ	com.xiaoji.egggame.features.cdkey/values-zh-rCN/strings.commonMain.cvr	70
com.xiaoji.egggame.features.cdkey	string	features_cdkey_order_status_completed	已完成	5bey5a6M5oiQ	com.xiaoji.egggame.features.cdkey/values-zh-rCN/strings.commonMain.cvr	71
com.xiaoji.egggame.features.cdkey	string	features_cdkey_order_status_label	订单状态	6K6i5Y2V54q25oCB	com.xiaoji.egggame.features.cdkey/values-zh-rCN/strings.commonMain.cvr	72
com.xiaoji.egggame.features.cdkey	string	features_cdkey_order_status_pending_activation	可使用	5Y+v5L2/55So	com.xiaoji.egggame.features.cdkey/values-zh-rCN/strings.commonMain.cvr	73
com.xiaoji.egggame.features.cdkey	string	features_cdkey_order_status_pending_description	剩余 %1$s 自动关闭订单	5Ymp5L2ZICUxJHMg6Ieq5Yqo5YWz6Zet6K6i5Y2V	com.xiaoji.egggame.features.cdkey/values-zh-rCN/strings.commonMain.cvr	74
com.xiaoji.egggame.features.cdkey	string	features_cdkey_order_status_pending_payment	待支付	5b6F5pSv5LuY	com.xiaoji.egggame.features.cdkey/values-zh-rCN/strings.commonMain.cvr	75
com.xiaoji.egggame.features.cdkey	string	features_cdkey_order_status_pending	订单待支付	6K6i5Y2V5b6F5pSv5LuY	com.xiaoji.egggame.features.cdkey/values-zh-rCN/strings.commonMain.cvr	76
com.xiaoji.egggame.features.cdkey	string	features_cdkey_order_status_refunded_description	您的订单已退款完毕	5oKo55qE6K6i5Y2V5bey6YCA5qy+5a6M5q+V	com.xiaoji.egggame.features.cdkey/values-zh-rCN/strings.commonMain.cvr	77
com.xiaoji.egggame.features.cdkey	string	features_cdkey_order_status_refunded_title	订单已退款	6K6i5Y2V5bey6YCA5qy+	com.xiaoji.egggame.features.cdkey/values-zh-rCN/strings.commonMain.cvr	78
com.xiaoji.egggame.features.cdkey	string	features_cdkey_order_status_refunded	已退款	5bey6YCA5qy+	com.xiaoji.egggame.features.cdkey/values-zh-rCN/strings.commonMain.cvr	79
com.xiaoji.egggame.features.cdkey	string	features_cdkey_payment_agreement_title	支付协议	5pSv5LuY5Y2P6K6u	com.xiaoji.egggame.features.cdkey/values-zh-rCN/strings.commonMain.cvr	80
com.xiaoji.egggame.features.cdkey	string	features_cdkey_payment_agreement	《支付协议》	44CK5pSv5LuY5Y2P6K6u44CL	com.xiaoji.egggame.features.cdkey/values-zh-rCN/strings.commonMain.cvr	81
com.xiaoji.egggame.features.cdkey	string	features_cdkey_payment_alipay	支付宝	5pSv5LuY5a6d	com.xiaoji.egggame.features.cdkey/values-zh-rCN/strings.commonMain.cvr	82
com.xiaoji.egggame.features.cdkey	string	features_cdkey_payment_amount	需支付 %1$s	6ZyA5pSv5LuYICUxJHM=	com.xiaoji.egggame.features.cdkey/values-zh-rCN/strings.commonMain.cvr	83
com.xiaoji.egggame.features.cdkey	string	features_cdkey_payment_cancelled	支付已取消	5pSv5LuY5bey5Y+W5raI	com.xiaoji.egggame.features.cdkey/values-zh-rCN/strings.commonMain.cvr	84
com.xiaoji.egggame.features.cdkey	string	features_cdkey_payment_failed	支付失败，请重试	5pSv5LuY5aSx6LSl77yM6K+36YeN6K+V	com.xiaoji.egggame.features.cdkey/values-zh-rCN/strings.commonMain.cvr	85
com.xiaoji.egggame.features.cdkey	string	features_cdkey_payment_select_method	选择支付方式	6YCJ5oup5pSv5LuY5pa55byP	com.xiaoji.egggame.features.cdkey/values-zh-rCN/strings.commonMain.cvr	86
com.xiaoji.egggame.features.cdkey	string	features_cdkey_payment_success	支付成功	5pSv5LuY5oiQ5Yqf	com.xiaoji.egggame.features.cdkey/values-zh-rCN/strings.commonMain.cvr	87
com.xiaoji.egggame.features.cdkey	string	features_cdkey_payment_wechat	微信支付	5b6u5L+h5pSv5LuY	com.xiaoji.egggame.features.cdkey/values-zh-rCN/strings.commonMain.cvr	88
com.xiaoji.egggame.features.cdkey	string	features_cdkey_purchase_account_already_owned	已有游戏	5bey5pyJ5ri45oiP	com.xiaoji.egggame.features.cdkey/values-zh-rCN/strings.commonMain.cvr	89
com.xiaoji.egggame.features.cdkey	string	features_cdkey_purchase_account_region_mismatch	地区不符	5Zyw5Yy65LiN56ym	com.xiaoji.egggame.features.cdkey/values-zh-rCN/strings.commonMain.cvr	90
com.xiaoji.egggame.features.cdkey	string	features_cdkey_purchase_action_pay_now	立即购买	56uL5Y2z6LSt5Lmw	com.xiaoji.egggame.features.cdkey/values-zh-rCN/strings.commonMain.cvr	91
com.xiaoji.egggame.features.cdkey	string	features_cdkey_purchase_add_new_account	添加新账号	5re75Yqg5paw6LSm5Y+3	com.xiaoji.egggame.features.cdkey/values-zh-rCN/strings.commonMain.cvr	92
com.xiaoji.egggame.features.cdkey	string	features_cdkey_purchase_delivery_cdkey_activate	CDKEY直接激活	Q0RLRVnnm7TmjqXmv4DmtLs=	com.xiaoji.egggame.features.cdkey/values-zh-rCN/strings.commonMain.cvr	93
com.xiaoji.egggame.features.cdkey	string	features_cdkey_purchase_delivery_cdkey_only	仅CDKEY	5LuFQ0RLRVk=	com.xiaoji.egggame.features.cdkey/values-zh-rCN/strings.commonMain.cvr	94
com.xiaoji.egggame.features.cdkey	string	features_cdkey_purchase_dialog_action_confirm_pay	确认支付	56Gu6K6k5pSv5LuY	com.xiaoji.egggame.features.cdkey/values-zh-rCN/strings.commonMain.cvr	95
com.xiaoji.egggame.features.cdkey	string	features_cdkey_purchase_dialog_back	返回	6L+U5Zue	com.xiaoji.egggame.features.cdkey/values-zh-rCN/strings.commonMain.cvr	96
com.xiaoji.egggame.features.cdkey	string	features_cdkey_purchase_dialog_pay_hint	支付后会直接将CDKEY激活至收货账号下	5pSv5LuY5ZCO5Lya55u05o6l5bCGQ0RLRVnmv4DmtLvoh7PmlLbotKfotKblj7fkuIs=	com.xiaoji.egggame.features.cdkey/values-zh-rCN/strings.commonMain.cvr	97
com.xiaoji.egggame.features.cdkey	string	features_cdkey_purchase_dialog_title_order_info	订单信息	6K6i5Y2V5L+h5oGv	com.xiaoji.egggame.features.cdkey/values-zh-rCN/strings.commonMain.cvr	98
com.xiaoji.egggame.features.cdkey	string	features_cdkey_purchase_field_account	收货账号	5pS26LSn6LSm5Y+3	com.xiaoji.egggame.features.cdkey/values-zh-rCN/strings.commonMain.cvr	99
com.xiaoji.egggame.features.cdkey	string	features_cdkey_purchase_field_amount	需支付	6ZyA5pSv5LuY	com.xiaoji.egggame.features.cdkey/values-zh-rCN/strings.commonMain.cvr	100
com.xiaoji.egggame.features.cdkey	string	features_cdkey_purchase_field_delivery	发货方式	5Y+R6LSn5pa55byP	com.xiaoji.egggame.features.cdkey/values-zh-rCN/strings.commonMain.cvr	101
com.xiaoji.egggame.features.cdkey	string	features_cdkey_purchase_field_payment_amount	支付金额	5pSv5LuY6YeR6aKd	com.xiaoji.egggame.features.cdkey/values-zh-rCN/strings.commonMain.cvr	102
com.xiaoji.egggame.features.cdkey	string	features_cdkey_purchase_field_payment	支付方式	5pSv5LuY5pa55byP	com.xiaoji.egggame.features.cdkey/values-zh-rCN/strings.commonMain.cvr	103
com.xiaoji.egggame.features.cdkey	string	features_cdkey_purchase_field_product_type	商品类型	5ZWG5ZOB57G75Z6L	com.xiaoji.egggame.features.cdkey/values-zh-rCN/strings.commonMain.cvr	104
com.xiaoji.egggame.features.cdkey	string	features_cdkey_purchase_field_product	商品内容	5ZWG5ZOB5YaF5a65	com.xiaoji.egggame.features.cdkey/values-zh-rCN/strings.commonMain.cvr	105
com.xiaoji.egggame.features.cdkey	string	features_cdkey_purchase_field_region	适用范围	6YCC55So6IyD5Zu0	com.xiaoji.egggame.features.cdkey/values-zh-rCN/strings.commonMain.cvr	106
com.xiaoji.egggame.features.cdkey	string	features_cdkey_purchase_goods_empty	暂无可购买的商品	5pqC5peg5Y+v6LSt5Lmw55qE5ZWG5ZOB	com.xiaoji.egggame.features.cdkey/values-zh-rCN/strings.commonMain.cvr	107
com.xiaoji.egggame.features.cdkey	string	features_cdkey_purchase_payment_launch_failed	无法打开支付页面，请稍后重试	5peg5rOV5omT5byA5pSv5LuY6aG16Z2i77yM6K+356iN5ZCO6YeN6K+V	com.xiaoji.egggame.features.cdkey/values-zh-rCN/strings.commonMain.cvr	108
com.xiaoji.egggame.features.cdkey	string	features_cdkey_purchase_region_cn	国区账号	5Zu95Yy66LSm5Y+3	com.xiaoji.egggame.features.cdkey/values-zh-rCN/strings.commonMain.cvr	109
com.xiaoji.egggame.features.cdkey	string	features_cdkey_purchase_section_product_detail	商品详情	5ZWG5ZOB6K+m5oOF	com.xiaoji.egggame.features.cdkey/values-zh-rCN/strings.commonMain.cvr	110
com.xiaoji.egggame.features.cdkey	string	features_cdkey_purchase_switch_account_title	切换Steam账号	5YiH5o2iU3RlYW3otKblj7c=	com.xiaoji.egggame.features.cdkey/values-zh-rCN/strings.commonMain.cvr	111
com.xiaoji.egggame.features.cdkey	string	features_cdkey_purchase_title	确认订单	56Gu6K6k6K6i5Y2V	com.xiaoji.egggame.features.cdkey/values-zh-rCN/strings.commonMain.cvr	112
com.xiaoji.egggame.features.cloud	string	cloud_cc_bitrate	码率	56CB546H	com.xiaoji.egggame.features.cloud/values-zh-rCN/strings.commonMain.cvr	2
com.xiaoji.egggame.features.cloud	string	cloud_cc_device_activate	是否开启手柄震动	5piv5ZCm5byA5ZCv5omL5p+E6ZyH5Yqo	com.xiaoji.egggame.features.cloud/values-zh-rCN/strings.commonMain.cvr	3
com.xiaoji.egggame.features.cloud	string	cloud_cc_fps	帧率	5bin546H	com.xiaoji.egggame.features.cloud/values-zh-rCN/strings.commonMain.cvr	4
com.xiaoji.egggame.features.cloud	string	cloud_cc_idle	启用长时间未操作提醒功能	5ZCv55So6ZW/5pe26Ze05pyq5pON5L2c5o+Q6YaS5Yqf6IO9	com.xiaoji.egggame.features.cloud/values-zh-rCN/strings.commonMain.cvr	5
com.xiaoji.egggame.features.cloud	string	cloud_cc_jitter	动态码率	5Yqo5oCB56CB546H	com.xiaoji.egggame.features.cloud/values-zh-rCN/strings.commonMain.cvr	6
com.xiaoji.egggame.features.cloud	string	cloud_cc_resolution_desc	预设画质，自动匹配最佳帧率与码率	6aKE6K6+55S76LSo77yM6Ieq5Yqo5Yy56YWN5pyA5L2z5bin546H5LiO56CB546H	com.xiaoji.egggame.features.cloud/values-zh-rCN/strings.commonMain.cvr	7
com.xiaoji.egggame.features.cloud	string	cloud_cc_resolution	清晰度	5riF5pmw5bqm	com.xiaoji.egggame.features.cloud/values-zh-rCN/strings.commonMain.cvr	8
com.xiaoji.egggame.features.cloud	string	cloud_cc_streaming_mode_desc	开启后网络波动时自动降画质防卡顿，关闭则死保画质	5byA5ZCv5ZCO572R57uc5rOi5Yqo5pe26Ieq5Yqo6ZmN55S76LSo6Ziy5Y2h6aG/77yM5YWz6Zet5YiZ5q275L+d55S76LSo	com.xiaoji.egggame.features.cloud/values-zh-rCN/strings.commonMain.cvr	9
com.xiaoji.egggame.features.cloud	string	cloud_cc_streaming_mode	弱网流畅优先（动态码率）	5byx572R5rWB55WF5LyY5YWI77yI5Yqo5oCB56CB546H77yJ	com.xiaoji.egggame.features.cloud/values-zh-rCN/strings.commonMain.cvr	10
com.xiaoji.egggame.features.cloud	string	cloud_cc_use_xbox_mouse	是否开启手柄鼠标功能	5piv5ZCm5byA5ZCv5omL5p+E6byg5qCH5Yqf6IO9	com.xiaoji.egggame.features.cloud/values-zh-rCN/strings.commonMain.cvr	11
com.xiaoji.egggame.features.cloud	string	cloud_cc_video_codece	解码器	6Kej56CB5Zmo	com.xiaoji.egggame.features.cloud/values-zh-rCN/strings.commonMain.cvr	12
com.xiaoji.egggame.features.cloud	string	cloud_cloud_get_free_time	获得%1$d分钟的免费游戏时长	6I635b6XJTEkZOWIhumSn+eahOWFjei0uea4uOaIj+aXtumVvw==	com.xiaoji.egggame.features.cloud/values-zh-rCN/strings.commonMain.cvr	13
com.xiaoji.egggame.features.cloud	string	cloud_controller_back	后退	5ZCO6YCA	com.xiaoji.egggame.features.cloud/values-zh-rCN/strings.commonMain.cvr	14
com.xiaoji.egggame.features.cloud	string	cloud_controller_enable_gamepad	启用虚拟手柄	5ZCv55So6Jma5ouf5omL5p+E	com.xiaoji.egggame.features.cloud/values-zh-rCN/strings.commonMain.cvr	15
com.xiaoji.egggame.features.cloud	string	cloud_controller_exit	退出云游戏	6YCA5Ye65LqR5ri45oiP	com.xiaoji.egggame.features.cloud/values-zh-rCN/strings.commonMain.cvr	16
com.xiaoji.egggame.features.cloud	string	cloud_controller_keyboard	键盘	6ZSu55uY	com.xiaoji.egggame.features.cloud/values-zh-rCN/strings.commonMain.cvr	17
com.xiaoji.egggame.features.cloud	string	cloud_controller_more	更多布局	5pu05aSa5biD5bGA	com.xiaoji.egggame.features.cloud/values-zh-rCN/strings.commonMain.cvr	18
com.xiaoji.egggame.features.cloud	string	cloud_controller_setting	设置	6K6+572u	com.xiaoji.egggame.features.cloud/values-zh-rCN/strings.commonMain.cvr	19
com.xiaoji.egggame.features.cloud	string	cloud_controller_start	开始	5byA5aeL	com.xiaoji.egggame.features.cloud/values-zh-rCN/strings.commonMain.cvr	20
com.xiaoji.egggame.features.cloud	string	cloud_controller_switch_touch_layout	切换触屏按键布局	5YiH5o2i6Kem5bGP5oyJ6ZSu5biD5bGA	com.xiaoji.egggame.features.cloud/values-zh-rCN/strings.commonMain.cvr	21
com.xiaoji.egggame.features.cloud	string	cloud_controller_touch_input_mode	屏幕触摸方式	5bGP5bmV6Kem5pG45pa55byP	com.xiaoji.egggame.features.cloud/values-zh-rCN/strings.commonMain.cvr	22
com.xiaoji.egggame.features.cloud	string	cloud_controller_touch_opacity	触屏按键透明度	6Kem5bGP5oyJ6ZSu6YCP5piO5bqm	com.xiaoji.egggame.features.cloud/values-zh-rCN/strings.commonMain.cvr	23
com.xiaoji.egggame.features.cloud	string	cloud_drawer_guide_button	我知道了	5oiR55+l6YGT5LqG	com.xiaoji.egggame.features.cloud/values-zh-rCN/strings.commonMain.cvr	24
com.xiaoji.egggame.features.cloud	string	cloud_drawer_guide_message	左侧滑出设置菜单，随时设置&退出游戏	5bem5L6n5ruR5Ye66K6+572u6I+c5Y2V77yM6ZqP5pe26K6+572uJumAgOWHuua4uOaIjw==	com.xiaoji.egggame.features.cloud/values-zh-rCN/strings.commonMain.cvr	25
com.xiaoji.egggame.features.cloud	string	cloud_dynamic_queue_info_tips_minute	分钟	5YiG6ZKf	com.xiaoji.egggame.features.cloud/values-zh-rCN/strings.commonMain.cvr	26
com.xiaoji.egggame.features.cloud	string	cloud_dynamic_queue_info_tips	前方还有 %1$d 位，预计等待时间	5YmN5pa56L+Y5pyJICUxJGQg5L2N77yM6aKE6K6h562J5b6F5pe26Ze0	com.xiaoji.egggame.features.cloud/values-zh-rCN/strings.commonMain.cvr	27
com.xiaoji.egggame.features.cloud	string	cloud_enter_game	进入游戏	6L+b5YWl5ri45oiP	com.xiaoji.egggame.features.cloud/values-zh-rCN/strings.commonMain.cvr	28
com.xiaoji.egggame.features.cloud	string	cloud_exit_confirm	好的	5aW955qE	com.xiaoji.egggame.features.cloud/values-zh-rCN/strings.commonMain.cvr	29
com.xiaoji.egggame.features.cloud	string	cloud_exit_tips	游戏连接超时，请退出并重新启动游戏	5ri45oiP6L+e5o6l6LaF5pe277yM6K+36YCA5Ye65bm26YeN5paw5ZCv5Yqo5ri45oiP	com.xiaoji.egggame.features.cloud/values-zh-rCN/strings.commonMain.cvr	30
com.xiaoji.egggame.features.cloud	string	cloud_faq	常见问题	5bi46KeB6Zeu6aKY	com.xiaoji.egggame.features.cloud/values-zh-rCN/strings.commonMain.cvr	31
com.xiaoji.egggame.features.cloud	string	cloud_free_channel_busy	当前免费通道拥挤，推荐切换高峰通道快速进入	5b2T5YmN5YWN6LS56YCa6YGT5oul5oyk77yM5o6o6I2Q5YiH5o2i6auY5bOw6YCa6YGT5b+r6YCf6L+b5YWl	com.xiaoji.egggame.features.cloud/values-zh-rCN/strings.commonMain.cvr	32
com.xiaoji.egggame.features.cloud	string	cloud_friday	五	5LqU	com.xiaoji.egggame.features.cloud/values-zh-rCN/strings.commonMain.cvr	33
com.xiaoji.egggame.features.cloud	string	cloud_full	爆满	54iG5ruh	com.xiaoji.egggame.features.cloud/values-zh-rCN/strings.commonMain.cvr	34
com.xiaoji.egggame.features.cloud	string	cloud_game_duration_insufficient_message	当前云游戏时长不足，暂时无法启动游戏。为保障您的进度，避免存档丢失或重置，请及时补充时长	5b2T5YmN5LqR5ri45oiP5pe26ZW/5LiN6Laz77yM5pqC5pe25peg5rOV5ZCv5Yqo5ri45oiP44CC5Li65L+d6Zqc5oKo55qE6L+b5bqm77yM6YG/5YWN5a2Y5qGj5Lii5aSx5oiW6YeN572u77yM6K+35Y+K5pe26KGl5YWF5pe26ZW/	com.xiaoji.egggame.features.cloud/values-zh-rCN/strings.commonMain.cvr	35
com.xiaoji.egggame.features.cloud	string	cloud_game_duration_insufficient_title	游戏时长不足	5ri45oiP5pe26ZW/5LiN6Laz	com.xiaoji.egggame.features.cloud/values-zh-rCN/strings.commonMain.cvr	36
com.xiaoji.egggame.features.cloud	string	cloud_game_duration_reward_hint	看完整广告，领%1$d分钟秒玩时长	55yL5a6M5pW05bm/5ZGK77yM6aKGJTEkZOWIhumSn+enkueOqeaXtumVvw==	com.xiaoji.egggame.features.cloud/values-zh-rCN/strings.commonMain.cvr	37
com.xiaoji.egggame.features.cloud	string	cloud_game_duration_watch_ad	看广告得%1$d分钟	55yL5bm/5ZGK5b6XJTEkZOWIhumSnw==	com.xiaoji.egggame.features.cloud/values-zh-rCN/strings.commonMain.cvr	38
com.xiaoji.egggame.features.cloud	string	cloud_game_queue_hint	排队中前面还有%1$d位	5o6S6Zif5Lit5YmN6Z2i6L+Y5pyJJTEkZOS9jQ==	com.xiaoji.egggame.features.cloud/values-zh-rCN/strings.commonMain.cvr	39
com.xiaoji.egggame.features.cloud	string	cloud_game_setting	秒玩设置	56eS546p6K6+572u	com.xiaoji.egggame.features.cloud/values-zh-rCN/strings.commonMain.cvr	40
com.xiaoji.egggame.features.cloud	string	cloud_game_start	云游戏启动中......	5LqR5ri45oiP5ZCv5Yqo5LitLi4uLi4u	com.xiaoji.egggame.features.cloud/values-zh-rCN/strings.commonMain.cvr	41
com.xiaoji.egggame.features.cloud	string	cloud_has_restore	已经恢复默认配置	5bey57uP5oGi5aSN6buY6K6k6YWN572u	com.xiaoji.egggame.features.cloud/values-zh-rCN/strings.commonMain.cvr	42
com.xiaoji.egggame.features.cloud	string	cloud_idle	空闲	56m66Zey	com.xiaoji.egggame.features.cloud/values-zh-rCN/strings.commonMain.cvr	43
com.xiaoji.egggame.features.cloud	string	cloud_keep_waiting	继续排队	57un57ut5o6S6Zif	com.xiaoji.egggame.features.cloud/values-zh-rCN/strings.commonMain.cvr	44
com.xiaoji.egggame.features.cloud	string	cloud_limit_queue_time	剩余高峰时长：%1$s小时%2$s分钟	5Ymp5L2Z6auY5bOw5pe26ZW/77yaJTEkc+Wwj+aXtiUyJHPliIbpkp8=	com.xiaoji.egggame.features.cloud/values-zh-rCN/strings.commonMain.cvr	45
com.xiaoji.egggame.features.cloud	string	cloud_monday	一	5LiA	com.xiaoji.egggame.features.cloud/values-zh-rCN/strings.commonMain.cvr	46
com.xiaoji.egggame.features.cloud	string	cloud_peak_channel	高峰通道	6auY5bOw6YCa6YGT	com.xiaoji.egggame.features.cloud/values-zh-rCN/strings.commonMain.cvr	47
com.xiaoji.egggame.features.cloud	string	cloud_peak_time_benefit	获取高峰时长可享排队提速，加速排队秒进游戏	6I635Y+W6auY5bOw5pe26ZW/5Y+v5Lqr5o6S6Zif5o+Q6YCf77yM5Yqg6YCf5o6S6Zif56eS6L+b5ri45oiP	com.xiaoji.egggame.features.cloud/values-zh-rCN/strings.commonMain.cvr	48
com.xiaoji.egggame.features.cloud	string	cloud_popup_continue_game	继续游戏	57un57ut5ri45oiP	com.xiaoji.egggame.features.cloud/values-zh-rCN/strings.commonMain.cvr	49
com.xiaoji.egggame.features.cloud	string	cloud_popup_continue_queuing	继续排队	57un57ut5o6S6Zif	com.xiaoji.egggame.features.cloud/values-zh-rCN/strings.commonMain.cvr	50
com.xiaoji.egggame.features.cloud	string	cloud_popup_exit_confirm	确认退出	56Gu6K6k6YCA5Ye6	com.xiaoji.egggame.features.cloud/values-zh-rCN/strings.commonMain.cvr	51
com.xiaoji.egggame.features.cloud	string	cloud_popup_exit_game	退出游戏	6YCA5Ye65ri45oiP	com.xiaoji.egggame.features.cloud/values-zh-rCN/strings.commonMain.cvr	52
com.xiaoji.egggame.features.cloud	string	cloud_popup_exit_queue_info_tips	马上就到您啦！当前仅剩【%1$d位】等待，离开后需重新排队哦！	6ams5LiK5bCx5Yiw5oKo5ZWm77yB5b2T5YmN5LuF5Ymp44CQJTEkZOS9jeOAkeetieW+he+8jOemu+W8gOWQjumcgOmHjeaWsOaOkumYn+WTpu+8gQ==	com.xiaoji.egggame.features.cloud/values-zh-rCN/strings.commonMain.cvr	53
com.xiaoji.egggame.features.cloud	string	cloud_popup_exit_queue_title	排队过程中请勿退出页面，否则会导致重新排队	5o6S6Zif6L+H56iL5Lit6K+35Yu/6YCA5Ye66aG16Z2i77yM5ZCm5YiZ5Lya5a+86Ie06YeN5paw5o6S6Zif	com.xiaoji.egggame.features.cloud/values-zh-rCN/strings.commonMain.cvr	54
com.xiaoji.egggame.features.cloud	string	cloud_popup_exit_queue	退出排队	6YCA5Ye65o6S6Zif	com.xiaoji.egggame.features.cloud/values-zh-rCN/strings.commonMain.cvr	55
com.xiaoji.egggame.features.cloud	string	cloud_popup_exit_title	是否结束游戏	5piv5ZCm57uT5p2f5ri45oiP	com.xiaoji.egggame.features.cloud/values-zh-rCN/strings.commonMain.cvr	56
com.xiaoji.egggame.features.cloud	string	cloud_popup_hot_tip	温馨提示	5rip6aao5o+Q56S6	com.xiaoji.egggame.features.cloud/values-zh-rCN/strings.commonMain.cvr	57
com.xiaoji.egggame.features.cloud	string	cloud_popup_no_time_title	您的游戏时长已用完，请及时充值~	5oKo55qE5ri45oiP5pe26ZW/5bey55So5a6M77yM6K+35Y+K5pe25YWF5YC8fg==	com.xiaoji.egggame.features.cloud/values-zh-rCN/strings.commonMain.cvr	58
com.xiaoji.egggame.features.cloud	string	cloud_popup_team_host_exit	房主已退出游戏，游戏已结束，即将退出游戏	5oi/5Li75bey6YCA5Ye65ri45oiP77yM5ri45oiP5bey57uT5p2f77yM5Y2z5bCG6YCA5Ye65ri45oiP	com.xiaoji.egggame.features.cloud/values-zh-rCN/strings.commonMain.cvr	59
com.xiaoji.egggame.features.cloud	string	cloud_popup_time_charge	前往充值	5YmN5b6A5YWF5YC8	com.xiaoji.egggame.features.cloud/values-zh-rCN/strings.commonMain.cvr	60
com.xiaoji.egggame.features.cloud	string	cloud_popup_tip	提示	5o+Q56S6	com.xiaoji.egggame.features.cloud/values-zh-rCN/strings.commonMain.cvr	61
com.xiaoji.egggame.features.cloud	string	cloud_popup_user_statistics	由于您长时间未操作，请确定是否继续游戏	55Sx5LqO5oKo6ZW/5pe26Ze05pyq5pON5L2c77yM6K+356Gu5a6a5piv5ZCm57un57ut5ri45oiP	com.xiaoji.egggame.features.cloud/values-zh-rCN/strings.commonMain.cvr	62
com.xiaoji.egggame.features.cloud	string	cloud_popup_wait_continue	继续等待	57un57ut562J5b6F	com.xiaoji.egggame.features.cloud/values-zh-rCN/strings.commonMain.cvr	63
com.xiaoji.egggame.features.cloud	string	cloud_queue_calendar	排队日历	5o6S6Zif5pel5Y6G	com.xiaoji.egggame.features.cloud/values-zh-rCN/strings.commonMain.cvr	64
com.xiaoji.egggame.features.cloud	string	cloud_queue_change_success	切换成功	5YiH5o2i5oiQ5Yqf	com.xiaoji.egggame.features.cloud/values-zh-rCN/strings.commonMain.cvr	65
com.xiaoji.egggame.features.cloud	string	cloud_queue_free_hours	每日18小时免费畅玩	5q+P5pelMTjlsI/ml7blhY3otLnnlYXnjqk=	com.xiaoji.egggame.features.cloud/values-zh-rCN/strings.commonMain.cvr	66
com.xiaoji.egggame.features.cloud	string	cloud_queue_holiday_busy	节假日忙时:每天0-24点	6IqC5YGH5pel5b+Z5pe2Ouavj+WkqTAtMjTngrk=	com.xiaoji.egggame.features.cloud/values-zh-rCN/strings.commonMain.cvr	67
com.xiaoji.egggame.features.cloud	string	cloud_queue_instructions	排队说明	5o6S6Zif6K+05piO	com.xiaoji.egggame.features.cloud/values-zh-rCN/strings.commonMain.cvr	68
com.xiaoji.egggame.features.cloud	string	cloud_queue_quirkily	加速排队	5Yqg6YCf5o6S6Zif	com.xiaoji.egggame.features.cloud/values-zh-rCN/strings.commonMain.cvr	69
com.xiaoji.egggame.features.cloud	string	cloud_queue_success_message	排到您了，游戏将在 %1$d 秒后自动结束，请尽快进入游戏，否则视为放弃，需重新排队哦！	5o6S5Yiw5oKo5LqG77yM5ri45oiP5bCG5ZyoICUxJGQg56eS5ZCO6Ieq5Yqo57uT5p2f77yM6K+35bC95b+r6L+b5YWl5ri45oiP77yM5ZCm5YiZ6KeG5Li65pS+5byD77yM6ZyA6YeN5paw5o6S6Zif5ZOm77yB	com.xiaoji.egggame.features.cloud/values-zh-rCN/strings.commonMain.cvr	70
com.xiaoji.egggame.features.cloud	string	cloud_queue_tip	Tip: 免费通道越早排队越快进入	VGlwOiDlhY3otLnpgJrpgZPotorml6nmjpLpmJ/otorlv6vov5vlhaU=	com.xiaoji.egggame.features.cloud/values-zh-rCN/strings.commonMain.cvr	71
com.xiaoji.egggame.features.cloud	string	cloud_queue_watch_ad	看广告领时长	55yL5bm/5ZGK6aKG5pe26ZW/	com.xiaoji.egggame.features.cloud/values-zh-rCN/strings.commonMain.cvr	72
com.xiaoji.egggame.features.cloud	string	cloud_queue_weekday_busy	工作日忙时:每天18点-0点	5bel5L2c5pel5b+Z5pe2Ouavj+WkqTE454K5LTDngrk=	com.xiaoji.egggame.features.cloud/values-zh-rCN/strings.commonMain.cvr	73
com.xiaoji.egggame.features.cloud	string	cloud_queue_weekday_idle	工作日闲时:每天0点-18点	5bel5L2c5pel6Zey5pe2Ouavj+WkqTDngrktMTjngrk=	com.xiaoji.egggame.features.cloud/values-zh-rCN/strings.commonMain.cvr	74
com.xiaoji.egggame.features.cloud	string	cloud_recharge_restarting	充值成功，重启游戏以激活排队特权...	5YWF5YC85oiQ5Yqf77yM6YeN5ZCv5ri45oiP5Lul5r+A5rS75o6S6Zif54m55p2DLi4u	com.xiaoji.egggame.features.cloud/values-zh-rCN/strings.commonMain.cvr	75
com.xiaoji.egggame.features.cloud	string	cloud_restore_default	恢复默认	5oGi5aSN6buY6K6k	com.xiaoji.egggame.features.cloud/values-zh-rCN/strings.commonMain.cvr	76
com.xiaoji.egggame.features.cloud	string	cloud_rewarded_ad_not_ready	广告暂未准备好，请稍后再试	5bm/5ZGK5pqC5pyq5YeG5aSH5aW977yM6K+356iN5ZCO5YaN6K+V	com.xiaoji.egggame.features.cloud/values-zh-rCN/strings.commonMain.cvr	77
com.xiaoji.egggame.features.cloud	string	cloud_s_update_auto_one	总是优先自动更新此游戏	5oC75piv5LyY5YWI6Ieq5Yqo5pu05paw5q2k5ri45oiP	com.xiaoji.egggame.features.cloud/values-zh-rCN/strings.commonMain.cvr	78
com.xiaoji.egggame.features.cloud	string	cloud_saturday	六	5YWt	com.xiaoji.egggame.features.cloud/values-zh-rCN/strings.commonMain.cvr	79
com.xiaoji.egggame.features.cloud	string	cloud_setting_decoder_hardware	硬解码	56Gs6Kej56CB	com.xiaoji.egggame.features.cloud/values-zh-rCN/strings.commonMain.cvr	80
com.xiaoji.egggame.features.cloud	string	cloud_setting_decoder_software	软解码	6L2v6Kej56CB	com.xiaoji.egggame.features.cloud/values-zh-rCN/strings.commonMain.cvr	81
com.xiaoji.egggame.features.cloud	string	cloud_setting_game_mode	参数预设	5Y+C5pWw6aKE6K6+	com.xiaoji.egggame.features.cloud/values-zh-rCN/strings.commonMain.cvr	82
com.xiaoji.egggame.features.cloud	string	cloud_setting_page_title	秒玩设置	56eS546p6K6+572u	com.xiaoji.egggame.features.cloud/values-zh-rCN/strings.commonMain.cvr	83
com.xiaoji.egggame.features.cloud	string	cloud_setting_resolution_hd_720p	高清 720P	6auY5riFIDcyMFA=	com.xiaoji.egggame.features.cloud/values-zh-rCN/strings.commonMain.cvr	84
com.xiaoji.egggame.features.cloud	string	cloud_setting_resolution_sd	标清	5qCH5riF	com.xiaoji.egggame.features.cloud/values-zh-rCN/strings.commonMain.cvr	85
com.xiaoji.egggame.features.cloud	string	cloud_setting_resolution_smooth	流畅	5rWB55WF	com.xiaoji.egggame.features.cloud/values-zh-rCN/strings.commonMain.cvr	86
com.xiaoji.egggame.features.cloud	string	cloud_setting_resolution_ultra_hd_1080p	超清 1080P	6LaF5riFIDEwODBQ	com.xiaoji.egggame.features.cloud/values-zh-rCN/strings.commonMain.cvr	87
com.xiaoji.egggame.features.cloud	string	cloud_setting_streaming_mode_fluency	流畅度优先	5rWB55WF5bqm5LyY5YWI	com.xiaoji.egggame.features.cloud/values-zh-rCN/strings.commonMain.cvr	88
com.xiaoji.egggame.features.cloud	string	cloud_setting_streaming_mode_image_quality	画质优先	55S76LSo5LyY5YWI	com.xiaoji.egggame.features.cloud/values-zh-rCN/strings.commonMain.cvr	89
com.xiaoji.egggame.features.cloud	string	cloud_speed_up	去加速	5Y675Yqg6YCf	com.xiaoji.egggame.features.cloud/values-zh-rCN/strings.commonMain.cvr	90
com.xiaoji.egggame.features.cloud	string	cloud_sunday	日	5pel	com.xiaoji.egggame.features.cloud/values-zh-rCN/strings.commonMain.cvr	91
com.xiaoji.egggame.features.cloud	string	cloud_switch_to_local_confirm	切换到本地	5YiH5o2i5Yiw5pys5Zyw	com.xiaoji.egggame.features.cloud/values-zh-rCN/strings.commonMain.cvr	92
com.xiaoji.egggame.features.cloud	string	cloud_switch_to_local_continue	继续游玩	57un57ut5ri4546p	com.xiaoji.egggame.features.cloud/values-zh-rCN/strings.commonMain.cvr	93
com.xiaoji.egggame.features.cloud	string	cloud_switch_to_local_desc	将关闭云游戏并切换到本地运行	5bCG5YWz6Zet5LqR5ri45oiP5bm25YiH5o2i5Yiw5pys5Zyw6L+Q6KGM	com.xiaoji.egggame.features.cloud/values-zh-rCN/strings.commonMain.cvr	94
com.xiaoji.egggame.features.cloud	string	cloud_switch_to_local_failed	切换失败，请重试	5YiH5o2i5aSx6LSl77yM6K+36YeN6K+V	com.xiaoji.egggame.features.cloud/values-zh-rCN/strings.commonMain.cvr	95
com.xiaoji.egggame.features.cloud	string	cloud_switch_to_local_game_size	游戏大小	5ri45oiP5aSn5bCP	com.xiaoji.egggame.features.cloud/values-zh-rCN/strings.commonMain.cvr	96
com.xiaoji.egggame.features.cloud	string	cloud_switch_to_local_save_sync_available	可同步	5Y+v5ZCM5q2l	com.xiaoji.egggame.features.cloud/values-zh-rCN/strings.commonMain.cvr	97
com.xiaoji.egggame.features.cloud	string	cloud_switch_to_local_save_sync_unavailable	不可同步	5LiN5Y+v5ZCM5q2l	com.xiaoji.egggame.features.cloud/values-zh-rCN/strings.commonMain.cvr	98
com.xiaoji.egggame.features.cloud	string	cloud_switch_to_local_save_sync	存档同步	5a2Y5qGj5ZCM5q2l	com.xiaoji.egggame.features.cloud/values-zh-rCN/strings.commonMain.cvr	99
com.xiaoji.egggame.features.cloud	string	cloud_switch_to_local_success	已切换到本地运行，不再产生云游戏费用	5bey5YiH5o2i5Yiw5pys5Zyw6L+Q6KGM77yM5LiN5YaN5Lqn55Sf5LqR5ri45oiP6LS555So	com.xiaoji.egggame.features.cloud/values-zh-rCN/strings.commonMain.cvr	100
com.xiaoji.egggame.features.cloud	string	cloud_switch_to_local_title	切换到本地运行	5YiH5o2i5Yiw5pys5Zyw6L+Q6KGM	com.xiaoji.egggame.features.cloud/values-zh-rCN/strings.commonMain.cvr	101
com.xiaoji.egggame.features.cloud	string	cloud_switch_to_local_warning_confirm	确认	56Gu6K6k	com.xiaoji.egggame.features.cloud/values-zh-rCN/strings.commonMain.cvr	102
com.xiaoji.egggame.features.cloud	string	cloud_switch_to_local_warning_desc	切换后将关闭云游戏会话，未保存的进度可能丢失	5YiH5o2i5ZCO5bCG5YWz6Zet5LqR5ri45oiP5Lya6K+d77yM5pyq5L+d5a2Y55qE6L+b5bqm5Y+v6IO95Lii5aSx	com.xiaoji.egggame.features.cloud/values-zh-rCN/strings.commonMain.cvr	103
com.xiaoji.egggame.features.cloud	string	cloud_switch_to_local_warning_title	请先确保当前游玩已存档	6K+35YWI56Gu5L+d5b2T5YmN5ri4546p5bey5a2Y5qGj	com.xiaoji.egggame.features.cloud/values-zh-rCN/strings.commonMain.cvr	104
com.xiaoji.egggame.features.cloud	string	cloud_team_chat_area_opacity	聊天区透明度	6IGK5aSp5Yy66YCP5piO5bqm	com.xiaoji.egggame.features.cloud/values-zh-rCN/strings.commonMain.cvr	105
com.xiaoji.egggame.features.cloud	string	cloud_team_chat_blocked	内容包含违规词，请修改后发送	5YaF5a655YyF5ZCr6L+d6KeE6K+N77yM6K+35L+u5pS55ZCO5Y+R6YCB	com.xiaoji.egggame.features.cloud/values-zh-rCN/strings.commonMain.cvr	106
com.xiaoji.egggame.features.cloud	string	cloud_team_drawer_guide_message_after_sidebar	左侧滑出设置菜单，随时设置&调整队伍/对话框位置	5bem5L6n5ruR5Ye66K6+572u6I+c5Y2V77yM6ZqP5pe26K6+572uJuiwg+aVtOmYn+S8jS/lr7nor53moYbkvY3nva4=	com.xiaoji.egggame.features.cloud/values-zh-rCN/strings.commonMain.cvr	107
com.xiaoji.egggame.features.cloud	string	cloud_team_drawer_guide_message_full	左侧滑出设置菜单，随时设置&调整队伍/对话框位置&退出游戏	5bem5L6n5ruR5Ye66K6+572u6I+c5Y2V77yM6ZqP5pe26K6+572uJuiwg+aVtOmYn+S8jS/lr7nor53moYbkvY3nva4m6YCA5Ye65ri45oiP	com.xiaoji.egggame.features.cloud/values-zh-rCN/strings.commonMain.cvr	108
com.xiaoji.egggame.features.cloud	string	cloud_team_lock_guide_confirm	我知道了	5oiR55+l6YGT5LqG	com.xiaoji.egggame.features.cloud/values-zh-rCN/strings.commonMain.cvr	109
com.xiaoji.egggame.features.cloud	string	cloud_team_lock_guide_message	队伍和对话框位置已锁定，如需调整可左滑打开侧边栏解锁拖动	6Zif5LyN5ZKM5a+56K+d5qGG5L2N572u5bey6ZSB5a6a77yM5aaC6ZyA6LCD5pW05Y+v5bem5ruR5omT5byA5L6n6L655qCP6Kej6ZSB5ouW5Yqo	com.xiaoji.egggame.features.cloud/values-zh-rCN/strings.commonMain.cvr	110
com.xiaoji.egggame.features.cloud	string	cloud_team_position_locked	队伍和对话框固定	6Zif5LyN5ZKM5a+56K+d5qGG5Zu65a6a	com.xiaoji.egggame.features.cloud/values-zh-rCN/strings.commonMain.cvr	111
com.xiaoji.egggame.features.cloud	string	cloud_team_voice_room_id_empty	语音房间号为空	6K+t6Z+z5oi/6Ze05Y+35Li656m6	com.xiaoji.egggame.features.cloud/values-zh-rCN/strings.commonMain.cvr	112
com.xiaoji.egggame.features.cloud	string	cloud_thursday	四	5Zub	com.xiaoji.egggame.features.cloud/values-zh-rCN/strings.commonMain.cvr	113
com.xiaoji.egggame.features.cloud	string	cloud_title_controller	控制器	5o6n5Yi25Zmo	com.xiaoji.egggame.features.cloud/values-zh-rCN/strings.commonMain.cvr	114
com.xiaoji.egggame.features.cloud	string	cloud_title_general	通用	6YCa55So	com.xiaoji.egggame.features.cloud/values-zh-rCN/strings.commonMain.cvr	115
com.xiaoji.egggame.features.cloud	string	cloud_toast_queue_failed	排队时发生错误，请重试	5o6S6Zif5pe25Y+R55Sf6ZSZ6K+v77yM6K+36YeN6K+V	com.xiaoji.egggame.features.cloud/values-zh-rCN/strings.commonMain.cvr	116
com.xiaoji.egggame.features.cloud	string	cloud_toast_renew_error	云游戏异常，请联系客服	5LqR5ri45oiP5byC5bi477yM6K+36IGU57O75a6i5pyN	com.xiaoji.egggame.features.cloud/values-zh-rCN/strings.commonMain.cvr	117
com.xiaoji.egggame.features.cloud	string	cloud_toast_start_game_error	云游戏启动失败	5LqR5ri45oiP5ZCv5Yqo5aSx6LSl	com.xiaoji.egggame.features.cloud/values-zh-rCN/strings.commonMain.cvr	118
com.xiaoji.egggame.features.cloud	string	cloud_toast_time_limit_1	游戏时长不足%1$d分钟！请及时充值	5ri45oiP5pe26ZW/5LiN6LazJTEkZOWIhumSn++8geivt+WPiuaXtuWFheWAvA==	com.xiaoji.egggame.features.cloud/values-zh-rCN/strings.commonMain.cvr	119
com.xiaoji.egggame.features.cloud	string	cloud_toast_time_limit_2	游戏将在%1$d秒后退出	5ri45oiP5bCG5ZyoJTEkZOenkuWQjumAgOWHug==	com.xiaoji.egggame.features.cloud/values-zh-rCN/strings.commonMain.cvr	120
com.xiaoji.egggame.features.cloud	string	cloud_touch_input_disabled	停用	5YGc55So	com.xiaoji.egggame.features.cloud/values-zh-rCN/strings.commonMain.cvr	121
com.xiaoji.egggame.features.cloud	string	cloud_touch_input_touchscreen	触屏	6Kem5bGP	com.xiaoji.egggame.features.cloud/values-zh-rCN/strings.commonMain.cvr	122
com.xiaoji.egggame.features.cloud	string	cloud_touch_input_trackpad	触摸板	6Kem5pG45p2/	com.xiaoji.egggame.features.cloud/values-zh-rCN/strings.commonMain.cvr	123
com.xiaoji.egggame.features.cloud	string	cloud_tuesday	二	5LqM	com.xiaoji.egggame.features.cloud/values-zh-rCN/strings.commonMain.cvr	124
com.xiaoji.egggame.features.cloud	string	cloud_user_limit_play_time	剩余游戏时长：%1$d小时%2$d分钟	5Ymp5L2Z5ri45oiP5pe26ZW/77yaJTEkZOWwj+aXtiUyJGTliIbpkp8=	com.xiaoji.egggame.features.cloud/values-zh-rCN/strings.commonMain.cvr	125
com.xiaoji.egggame.features.cloud	string	cloud_wednesday	三	5LiJ	com.xiaoji.egggame.features.cloud/values-zh-rCN/strings.commonMain.cvr	126
com.xiaoji.egggame.features.cloud	string	comm_cancel	取消	5Y+W5raI	com.xiaoji.egggame.features.cloud/values-zh-rCN/strings.commonMain.cvr	127
com.xiaoji.egggame.features.cloud	string	comm_network_connect_and_check	网络已恢复，正在重连...	572R57uc5bey5oGi5aSN77yM5q2j5Zyo6YeN6L+eLi4u	com.xiaoji.egggame.features.cloud/values-zh-rCN/strings.commonMain.cvr	128
com.xiaoji.egggame.features.cloud	string	comm_network_disconnect_and_check	网络连接失败，请检查网络	572R57uc6L+e5o6l5aSx6LSl77yM6K+35qOA5p+l572R57uc	com.xiaoji.egggame.features.cloud/values-zh-rCN/strings.commonMain.cvr	129
com.xiaoji.egggame.features.cloud	string	comm_ok	确认	56Gu6K6k	com.xiaoji.egggame.features.cloud/values-zh-rCN/strings.commonMain.cvr	130
com.xiaoji.egggame.features.cloud	string	features_cloud_confirm_pay	确认支付	56Gu6K6k5pSv5LuY	com.xiaoji.egggame.features.cloud/values-zh-rCN/strings.commonMain.cvr	131
com.xiaoji.egggame.features.cloud	string	features_cloud_duration_desc_content	1.云游戏时长属于虚拟商品,充值成功后不支持退款和时长转移\n2.您可以在菜单-个人中心里查看剩余时长、充值订单、时长使用明细等	MS7kupHmuLjmiI/ml7bplb/lsZ7kuo7omZrmi5/llYblk4Es5YWF5YC85oiQ5Yqf5ZCO5LiN5pSv5oyB6YCA5qy+5ZKM5pe26ZW/6L2s56e7CjIu5oKo5Y+v5Lul5Zyo6I+c5Y2VLeS4quS6uuS4reW/g+mHjOafpeeci+WJqeS9meaXtumVv+OAgeWFheWAvOiuouWNleOAgeaXtumVv+S9v+eUqOaYjue7huetiQ==	com.xiaoji.egggame.features.cloud/values-zh-rCN/strings.commonMain.cvr	132
com.xiaoji.egggame.features.cloud	string	features_cloud_duration_desc_title	时长说明	5pe26ZW/6K+05piO	com.xiaoji.egggame.features.cloud/values-zh-rCN/strings.commonMain.cvr	133
com.xiaoji.egggame.features.cloud	string	features_cloud_exclusive_benefits	专享权益	5LiT5Lqr5p2D55uK	com.xiaoji.egggame.features.cloud/values-zh-rCN/strings.commonMain.cvr	134
com.xiaoji.egggame.features.cloud	string	features_cloud_exclusive_hd	专属高画质	5LiT5bGe6auY55S76LSo	com.xiaoji.egggame.features.cloud/values-zh-rCN/strings.commonMain.cvr	135
com.xiaoji.egggame.features.cloud	string	features_cloud_fast_launch	极速启动	5p6B6YCf5ZCv5Yqo	com.xiaoji.egggame.features.cloud/values-zh-rCN/strings.commonMain.cvr	136
com.xiaoji.egggame.features.cloud	string	features_cloud_game_detail_back	返回	6L+U5Zue	com.xiaoji.egggame.features.cloud/values-zh-rCN/strings.commonMain.cvr	137
com.xiaoji.egggame.features.cloud	string	features_cloud_game_detail_device_busy	已有其他设备再运行游戏	5bey5pyJ5YW25LuW6K6+5aSH5YaN6L+Q6KGM5ri45oiP	com.xiaoji.egggame.features.cloud/values-zh-rCN/strings.commonMain.cvr	138
com.xiaoji.egggame.features.cloud	string	features_cloud_game_detail_no_play_time	没有游戏时长	5rKh5pyJ5ri45oiP5pe26ZW/	com.xiaoji.egggame.features.cloud/values-zh-rCN/strings.commonMain.cvr	139
com.xiaoji.egggame.features.cloud	string	features_cloud_game_detail_start_game	启动云游	5ZCv5Yqo5LqR5ri4	com.xiaoji.egggame.features.cloud/values-zh-rCN/strings.commonMain.cvr	140
com.xiaoji.egggame.features.cloud	string	features_cloud_game_detail_token_success	token获取成功	dG9rZW7ojrflj5bmiJDlip8=	com.xiaoji.egggame.features.cloud/values-zh-rCN/strings.commonMain.cvr	141
com.xiaoji.egggame.features.cloud	string	features_cloud_game_detail_view_not_init	游戏视图未初始化	5ri45oiP6KeG5Zu+5pyq5Yid5aeL5YyW	com.xiaoji.egggame.features.cloud/values-zh-rCN/strings.commonMain.cvr	142
com.xiaoji.egggame.features.cloud	string	features_cloud_hour_mintu_fmt	%1$d小时%2$d分钟	JTEkZOWwj+aXtiUyJGTliIbpkp8=	com.xiaoji.egggame.features.cloud/values-zh-rCN/strings.commonMain.cvr	143
com.xiaoji.egggame.features.cloud	string	features_cloud_invalid_package	无效的套餐	5peg5pWI55qE5aWX6aSQ	com.xiaoji.egggame.features.cloud/values-zh-rCN/strings.commonMain.cvr	144
com.xiaoji.egggame.features.cloud	string	features_cloud_long_duration	超长时长	6LaF6ZW/5pe26ZW/	com.xiaoji.egggame.features.cloud/values-zh-rCN/strings.commonMain.cvr	145
com.xiaoji.egggame.features.cloud	string	features_cloud_new_user_alipay	支付宝	5pSv5LuY5a6d	com.xiaoji.egggame.features.cloud/values-zh-rCN/strings.commonMain.cvr	146
com.xiaoji.egggame.features.cloud	string	features_cloud_new_user_apple_in_app_purchase	Apple 内购	QXBwbGUg5YaF6LSt	com.xiaoji.egggame.features.cloud/values-zh-rCN/strings.commonMain.cvr	147
com.xiaoji.egggame.features.cloud	string	features_cloud_new_user_benefit_daily	后续%1$d天每天领%2$s	5ZCO57utJTEkZOWkqeavj+WkqemihiUyJHM=	com.xiaoji.egggame.features.cloud/values-zh-rCN/strings.commonMain.cvr	148
com.xiaoji.egggame.features.cloud	string	features_cloud_new_user_benefit_instant	立即到账%1$s	56uL5Y2z5Yiw6LSmJTEkcw==	com.xiaoji.egggame.features.cloud/values-zh-rCN/strings.commonMain.cvr	149
com.xiaoji.egggame.features.cloud	string	features_cloud_new_user_bullet_line	•%1$s	4oCiJTEkcw==	com.xiaoji.egggame.features.cloud/values-zh-rCN/strings.commonMain.cvr	150
com.xiaoji.egggame.features.cloud	string	features_cloud_new_user_check_in_day	第%1$d天	56ysJTEkZOWkqQ==	com.xiaoji.egggame.features.cloud/values-zh-rCN/strings.commonMain.cvr	151
com.xiaoji.egggame.features.cloud	string	features_cloud_new_user_check_in_notice	断签不补发，当天未打开APP则当天奖励作废\n有效期:自获取后顺延30自然天，过期时长作废	5pat562+5LiN6KGl5Y+R77yM5b2T5aSp5pyq5omT5byAQVBQ5YiZ5b2T5aSp5aWW5Yqx5L2c5bqfCuacieaViOacnzroh6rojrflj5blkI7pobrlu7YzMOiHqueEtuWkqe+8jOi/h+acn+aXtumVv+S9nOW6nw==	com.xiaoji.egggame.features.cloud/values-zh-rCN/strings.commonMain.cvr	152
com.xiaoji.egggame.features.cloud	string	features_cloud_new_user_choose_payment_method	选择支付方式	6YCJ5oup5pSv5LuY5pa55byP	com.xiaoji.egggame.features.cloud/values-zh-rCN/strings.commonMain.cvr	153
com.xiaoji.egggame.features.cloud	string	features_cloud_new_user_confirm_payment	确认支付	56Gu6K6k5pSv5LuY	com.xiaoji.egggame.features.cloud/values-zh-rCN/strings.commonMain.cvr	154
com.xiaoji.egggame.features.cloud	string	features_cloud_new_user_countdown_day	天	5aSp	com.xiaoji.egggame.features.cloud/values-zh-rCN/strings.commonMain.cvr	155
com.xiaoji.egggame.features.cloud	string	features_cloud_new_user_countdown_remaining	剩余	5Ymp5L2Z	com.xiaoji.egggame.features.cloud/values-zh-rCN/strings.commonMain.cvr	156
com.xiaoji.egggame.features.cloud	string	features_cloud_new_user_countdown_separator	:	Og==	com.xiaoji.egggame.features.cloud/values-zh-rCN/strings.commonMain.cvr	157
com.xiaoji.egggame.features.cloud	string	features_cloud_new_user_currency_yuan	¥	wqU=	com.xiaoji.egggame.features.cloud/values-zh-rCN/strings.commonMain.cvr	158
com.xiaoji.egggame.features.cloud	string	features_cloud_new_user_decimal_separator	.	Lg==	com.xiaoji.egggame.features.cloud/values-zh-rCN/strings.commonMain.cvr	159
com.xiaoji.egggame.features.cloud	string	features_cloud_new_user_duration_hours_minutes	%1$d小时%2$d分钟	JTEkZOWwj+aXtiUyJGTliIbpkp8=	com.xiaoji.egggame.features.cloud/values-zh-rCN/strings.commonMain.cvr	160
com.xiaoji.egggame.features.cloud	string	features_cloud_new_user_duration_hours	%1$d小时	JTEkZOWwj+aXtg==	com.xiaoji.egggame.features.cloud/values-zh-rCN/strings.commonMain.cvr	161
com.xiaoji.egggame.features.cloud	string	features_cloud_new_user_duration_minutes	%1$d分钟	JTEkZOWIhumSnw==	com.xiaoji.egggame.features.cloud/values-zh-rCN/strings.commonMain.cvr	162
com.xiaoji.egggame.features.cloud	string	features_cloud_new_user_earned_this_time	本次获得	5pys5qyh6I635b6X	com.xiaoji.egggame.features.cloud/values-zh-rCN/strings.commonMain.cvr	163
com.xiaoji.egggame.features.cloud	string	features_cloud_new_user_earned_total	累计获得	57Sv6K6h6I635b6X	com.xiaoji.egggame.features.cloud/values-zh-rCN/strings.commonMain.cvr	164
com.xiaoji.egggame.features.cloud	string	features_cloud_new_user_floating_benefits	新人福利	5paw5Lq656aP5Yip	com.xiaoji.egggame.features.cloud/values-zh-rCN/strings.commonMain.cvr	165
com.xiaoji.egggame.features.cloud	string	features_cloud_new_user_floating_duration	套餐时长	5aWX6aSQ5pe26ZW/	com.xiaoji.egggame.features.cloud/values-zh-rCN/strings.commonMain.cvr	166
com.xiaoji.egggame.features.cloud	string	features_cloud_new_user_help_symbol	?	Pw==	com.xiaoji.egggame.features.cloud/values-zh-rCN/strings.commonMain.cvr	167
com.xiaoji.egggame.features.cloud	string	features_cloud_new_user_not_eligible	抱歉，您不符合该套餐购买条件	5oqx5q2J77yM5oKo5LiN56ym5ZCI6K+l5aWX6aSQ6LSt5Lmw5p2h5Lu2	com.xiaoji.egggame.features.cloud/values-zh-rCN/strings.commonMain.cvr	168
com.xiaoji.egggame.features.cloud	string	features_cloud_new_user_notify_enable	去开启	5Y675byA5ZCv	com.xiaoji.egggame.features.cloud/values-zh-rCN/strings.commonMain.cvr	169
com.xiaoji.egggame.features.cloud	string	features_cloud_new_user_notify_later	稍后	56iN5ZCO	com.xiaoji.egggame.features.cloud/values-zh-rCN/strings.commonMain.cvr	170
com.xiaoji.egggame.features.cloud	string	features_cloud_new_user_notify_message	开启通知后，每日可及时收到新人套餐领取提醒。	5byA5ZCv6YCa55+l5ZCO77yM5q+P5pel5Y+v5Y+K5pe25pS25Yiw5paw5Lq65aWX6aSQ6aKG5Y+W5o+Q6YaS44CC	com.xiaoji.egggame.features.cloud/values-zh-rCN/strings.commonMain.cvr	171
com.xiaoji.egggame.features.cloud	string	features_cloud_new_user_notify_title	开启领取提醒	5byA5ZCv6aKG5Y+W5o+Q6YaS	com.xiaoji.egggame.features.cloud/values-zh-rCN/strings.commonMain.cvr	172
com.xiaoji.egggame.features.cloud	string	features_cloud_new_user_offer_help_tip	购买后解锁6天签到，每天打开APP\n自动到账，无需手动领取，断签不补\n发，时长获得后有效期顺延30自然天	6LSt5Lmw5ZCO6Kej6ZSBNuWkqeetvuWIsO+8jOavj+WkqeaJk+W8gEFQUAroh6rliqjliLDotKbvvIzml6DpnIDmiYvliqjpooblj5bvvIzmlq3nrb7kuI3ooaUK5Y+R77yM5pe26ZW/6I635b6X5ZCO5pyJ5pWI5pyf6aG65bu2MzDoh6rnhLblpKk=	com.xiaoji.egggame.features.cloud/values-zh-rCN/strings.commonMain.cvr	173
com.xiaoji.egggame.features.cloud	string	features_cloud_new_user_package_duration	共%1$s，立即到账%2$s	5YWxJTEkc++8jOeri+WNs+WIsOi0piUyJHM=	com.xiaoji.egggame.features.cloud/values-zh-rCN/strings.commonMain.cvr	174
com.xiaoji.egggame.features.cloud	string	features_cloud_new_user_package_tag_exclusive	新人专享	5paw5Lq65LiT5Lqr	com.xiaoji.egggame.features.cloud/values-zh-rCN/strings.commonMain.cvr	175
com.xiaoji.egggame.features.cloud	string	features_cloud_new_user_package_tag_play	畅玩专享	55WF546p5LiT5Lqr	com.xiaoji.egggame.features.cloud/values-zh-rCN/strings.commonMain.cvr	176
com.xiaoji.egggame.features.cloud	string	features_cloud_new_user_package_tag_trial	尝鲜特惠	5bCd6bKc54m55oOg	com.xiaoji.egggame.features.cloud/values-zh-rCN/strings.commonMain.cvr	177
com.xiaoji.egggame.features.cloud	string	features_cloud_new_user_package_title	%1$s体验套餐	JTEkc+S9k+mqjOWll+mkkA==	com.xiaoji.egggame.features.cloud/values-zh-rCN/strings.commonMain.cvr	178
com.xiaoji.egggame.features.cloud	string	features_cloud_new_user_payment_agreement_link	《%1$s》	44CKJTEkc+OAiw==	com.xiaoji.egggame.features.cloud/values-zh-rCN/strings.commonMain.cvr	179
com.xiaoji.egggame.features.cloud	string	features_cloud_new_user_payment_amount_due	需支付 %1$s	6ZyA5pSv5LuYICUxJHM=	com.xiaoji.egggame.features.cloud/values-zh-rCN/strings.commonMain.cvr	180
com.xiaoji.egggame.features.cloud	string	features_cloud_new_user_payment_processing	支付中...	5pSv5LuY5LitLi4u	com.xiaoji.egggame.features.cloud/values-zh-rCN/strings.commonMain.cvr	181
com.xiaoji.egggame.features.cloud	string	features_cloud_new_user_reason_all_claimed	签到已全部完成	562+5Yiw5bey5YWo6YOo5a6M5oiQ	com.xiaoji.egggame.features.cloud/values-zh-rCN/strings.commonMain.cvr	182
com.xiaoji.egggame.features.cloud	string	features_cloud_new_user_reason_expired	用户的活动参与窗口已过期	55So5oi355qE5rS75Yqo5Y+C5LiO56qX5Y+j5bey6L+H5pyf	com.xiaoji.egggame.features.cloud/values-zh-rCN/strings.commonMain.cvr	183
com.xiaoji.egggame.features.cloud	string	features_cloud_new_user_reason_no_activity	当前没有上架的有效活动	5b2T5YmN5rKh5pyJ5LiK5p6255qE5pyJ5pWI5rS75Yqo	com.xiaoji.egggame.features.cloud/values-zh-rCN/strings.commonMain.cvr	184
com.xiaoji.egggame.features.cloud	string	features_cloud_new_user_reason_not_newcomer	用户已购买过时长，不符合新用户资格	55So5oi35bey6LSt5Lmw6L+H5pe26ZW/77yM5LiN56ym5ZCI5paw55So5oi36LWE5qC8	com.xiaoji.egggame.features.cloud/values-zh-rCN/strings.commonMain.cvr	185
com.xiaoji.egggame.features.cloud	string	features_cloud_new_user_reason_overseas_channel	海外渠道，不展示活动	5rW35aSW5rig6YGT77yM5LiN5bGV56S65rS75Yqo	com.xiaoji.egggame.features.cloud/values-zh-rCN/strings.commonMain.cvr	186
com.xiaoji.egggame.features.cloud	string	features_cloud_new_user_value_unavailable	--	LS0=	com.xiaoji.egggame.features.cloud/values-zh-rCN/strings.commonMain.cvr	187
com.xiaoji.egggame.features.cloud	string	features_cloud_new_user_wechat_pay	微信支付	5b6u5L+h5pSv5LuY	com.xiaoji.egggame.features.cloud/values-zh-rCN/strings.commonMain.cvr	188
com.xiaoji.egggame.features.cloud	string	features_cloud_new_user_wechat	微信	5b6u5L+h	com.xiaoji.egggame.features.cloud/values-zh-rCN/strings.commonMain.cvr	189
com.xiaoji.egggame.features.cloud	string	features_cloud_order_duration_days_hours	%1$d天 %2$d小时	JTEkZOWkqSAlMiRk5bCP5pe2	com.xiaoji.egggame.features.cloud/values-zh-rCN/strings.commonMain.cvr	190
com.xiaoji.egggame.features.cloud	string	features_cloud_order_expires_in	（%1$s后过期）	77yIJTEkc+WQjui/h+acn++8iQ==	com.xiaoji.egggame.features.cloud/values-zh-rCN/strings.commonMain.cvr	191
com.xiaoji.egggame.features.cloud	string	features_cloud_order_label_expiry_time	失效时间	5aSx5pWI5pe26Ze0	com.xiaoji.egggame.features.cloud/values-zh-rCN/strings.commonMain.cvr	192
com.xiaoji.egggame.features.cloud	string	features_cloud_order_label_order_amount	订单金额	6K6i5Y2V6YeR6aKd	com.xiaoji.egggame.features.cloud/values-zh-rCN/strings.commonMain.cvr	193
com.xiaoji.egggame.features.cloud	string	features_cloud_order_label_order_no	订单编号	6K6i5Y2V57yW5Y+3	com.xiaoji.egggame.features.cloud/values-zh-rCN/strings.commonMain.cvr	194
com.xiaoji.egggame.features.cloud	string	features_cloud_order_label_order_time	订单时间	6K6i5Y2V5pe26Ze0	com.xiaoji.egggame.features.cloud/values-zh-rCN/strings.commonMain.cvr	195
com.xiaoji.egggame.features.cloud	string	features_cloud_order_label_redemption_code	兑换码	5YWR5o2i56CB	com.xiaoji.egggame.features.cloud/values-zh-rCN/strings.commonMain.cvr	196
com.xiaoji.egggame.features.cloud	string	features_cloud_order_limited_peak_duration	限时高峰时长	6ZmQ5pe26auY5bOw5pe26ZW/	com.xiaoji.egggame.features.cloud/values-zh-rCN/strings.commonMain.cvr	197
com.xiaoji.egggame.features.cloud	string	features_cloud_order_loading	加载中…	5Yqg6L295Lit4oCm	com.xiaoji.egggame.features.cloud/values-zh-rCN/strings.commonMain.cvr	198
com.xiaoji.egggame.features.cloud	string	features_cloud_order_permanent_peak_duration	永久高峰时长	5rC45LmF6auY5bOw5pe26ZW/	com.xiaoji.egggame.features.cloud/values-zh-rCN/strings.commonMain.cvr	199
com.xiaoji.egggame.features.cloud	string	features_cloud_order_sort_by_expiry	即将到期	5Y2z5bCG5Yiw5pyf	com.xiaoji.egggame.features.cloud/values-zh-rCN/strings.commonMain.cvr	200
com.xiaoji.egggame.features.cloud	string	features_cloud_order_sort_by_recent	最近生效	5pyA6L+R55Sf5pWI	com.xiaoji.egggame.features.cloud/values-zh-rCN/strings.commonMain.cvr	201
com.xiaoji.egggame.features.cloud	string	features_cloud_order_status_expired	已失效	5bey5aSx5pWI	com.xiaoji.egggame.features.cloud/values-zh-rCN/strings.commonMain.cvr	202
com.xiaoji.egggame.features.cloud	string	features_cloud_order_tab_duration_orders	时长订单	5pe26ZW/6K6i5Y2V	com.xiaoji.egggame.features.cloud/values-zh-rCN/strings.commonMain.cvr	203
com.xiaoji.egggame.features.cloud	string	features_cloud_order_tab_usage_details	时长使用明细	5pe26ZW/5L2/55So5piO57uG	com.xiaoji.egggame.features.cloud/values-zh-rCN/strings.commonMain.cvr	204
com.xiaoji.egggame.features.cloud	string	features_cloud_order_title	秒玩时长	56eS546p5pe26ZW/	com.xiaoji.egggame.features.cloud/values-zh-rCN/strings.commonMain.cvr	205
com.xiaoji.egggame.features.cloud	string	features_cloud_order_unit_day	天	5aSp	com.xiaoji.egggame.features.cloud/values-zh-rCN/strings.commonMain.cvr	206
com.xiaoji.egggame.features.cloud	string	features_cloud_order_unit_hour	小时	5bCP5pe2	com.xiaoji.egggame.features.cloud/values-zh-rCN/strings.commonMain.cvr	207
com.xiaoji.egggame.features.cloud	string	features_cloud_order_unit_minute	分钟	5YiG6ZKf	com.xiaoji.egggame.features.cloud/values-zh-rCN/strings.commonMain.cvr	208
com.xiaoji.egggame.features.cloud	string	features_cloud_pay_agreement	支付协议	5pSv5LuY5Y2P6K6u	com.xiaoji.egggame.features.cloud/values-zh-rCN/strings.commonMain.cvr	209
com.xiaoji.egggame.features.cloud	string	features_cloud_pay_alipay	支付宝	5pSv5LuY5a6d	com.xiaoji.egggame.features.cloud/values-zh-rCN/strings.commonMain.cvr	210
com.xiaoji.egggame.features.cloud	string	features_cloud_pay_data_error	支付数据不可用	5pSv5LuY5pWw5o2u5LiN5Y+v55So	com.xiaoji.egggame.features.cloud/values-zh-rCN/strings.commonMain.cvr	211
com.xiaoji.egggame.features.cloud	string	features_cloud_pay_failed	支付失败	5pSv5LuY5aSx6LSl	com.xiaoji.egggame.features.cloud/values-zh-rCN/strings.commonMain.cvr	212
com.xiaoji.egggame.features.cloud	string	features_cloud_pay_network_error	网络异常，请稍后重试	572R57uc5byC5bi477yM6K+356iN5ZCO6YeN6K+V	com.xiaoji.egggame.features.cloud/values-zh-rCN/strings.commonMain.cvr	213
com.xiaoji.egggame.features.cloud	string	features_cloud_pay_success	支付成功	5pSv5LuY5oiQ5Yqf	com.xiaoji.egggame.features.cloud/values-zh-rCN/strings.commonMain.cvr	214
com.xiaoji.egggame.features.cloud	string	features_cloud_pay_wx	微信支付	5b6u5L+h5pSv5LuY	com.xiaoji.egggame.features.cloud/values-zh-rCN/strings.commonMain.cvr	215
com.xiaoji.egggame.features.cloud	string	features_cloud_recharge_agreement	《用户充值协议》	44CK55So5oi35YWF5YC85Y2P6K6u44CL	com.xiaoji.egggame.features.cloud/values-zh-rCN/strings.commonMain.cvr	216
com.xiaoji.egggame.features.cloud	string	features_cloud_recharge_duration_desc_content_v2	1.云游戏时长属于虚拟商品,充值成功后不支持退款和时长转移。\n2.您可以在《玩游戏》-《秒玩时长》查看剩余时长、时长使用明细。	MS7kupHmuLjmiI/ml7bplb/lsZ7kuo7omZrmi5/llYblk4Es5YWF5YC85oiQ5Yqf5ZCO5LiN5pSv5oyB6YCA5qy+5ZKM5pe26ZW/6L2s56e744CCCjIu5oKo5Y+v5Lul5Zyo44CK546p5ri45oiP44CLLeOAiuenkueOqeaXtumVv+OAi+afpeeci+WJqeS9meaXtumVv+OAgeaXtumVv+S9v+eUqOaYjue7huOAgg==	com.xiaoji.egggame.features.cloud/values-zh-rCN/strings.commonMain.cvr	217
com.xiaoji.egggame.features.cloud	string	features_cloud_recharge_goods_name	商品名称：	5ZWG5ZOB5ZCN56ew77ya	com.xiaoji.egggame.features.cloud/values-zh-rCN/strings.commonMain.cvr	218
com.xiaoji.egggame.features.cloud	string	features_cloud_recharge_goods_price	商品价格：	5ZWG5ZOB5Lu35qC877ya	com.xiaoji.egggame.features.cloud/values-zh-rCN/strings.commonMain.cvr	219
com.xiaoji.egggame.features.cloud	string	features_cloud_recharge_multi_buy	多人购买	5aSa5Lq66LSt5Lmw	com.xiaoji.egggame.features.cloud/values-zh-rCN/strings.commonMain.cvr	220
com.xiaoji.egggame.features.cloud	string	features_cloud_recharge_need_pay	需支付 ￥%1$s	6ZyA5pSv5LuYIO+/pSUxJHM=	com.xiaoji.egggame.features.cloud/values-zh-rCN/strings.commonMain.cvr	221
com.xiaoji.egggame.features.cloud	string	features_cloud_recharge_order_info	订单信息	6K6i5Y2V5L+h5oGv	com.xiaoji.egggame.features.cloud/values-zh-rCN/strings.commonMain.cvr	222
com.xiaoji.egggame.features.cloud	string	features_cloud_recharge_read	充值请阅读	5YWF5YC86K+36ZiF6K+7	com.xiaoji.egggame.features.cloud/values-zh-rCN/strings.commonMain.cvr	223
com.xiaoji.egggame.features.cloud	string	features_cloud_recharge_remaining_time_label_new	剩余秒玩时长：	5Ymp5L2Z56eS546p5pe26ZW/77ya	com.xiaoji.egggame.features.cloud/values-zh-rCN/strings.commonMain.cvr	224
com.xiaoji.egggame.features.cloud	string	features_cloud_recharge_remaining_time_label	剩余秒玩时长：	5Ymp5L2Z56eS546p5pe26ZW/77ya	com.xiaoji.egggame.features.cloud/values-zh-rCN/strings.commonMain.cvr	225
com.xiaoji.egggame.features.cloud	string	features_cloud_recharge_select_pay_type	选择支付方式	6YCJ5oup5pSv5LuY5pa55byP	com.xiaoji.egggame.features.cloud/values-zh-rCN/strings.commonMain.cvr	226
com.xiaoji.egggame.features.cloud	string	features_cloud_recharge_title	充值中心	5YWF5YC85Lit5b+D	com.xiaoji.egggame.features.cloud/values-zh-rCN/strings.commonMain.cvr	227
com.xiaoji.egggame.features.cloud	string	llauncher_cloud_channel_free	免费通道	5YWN6LS56YCa6YGT	com.xiaoji.egggame.features.cloud/values-zh-rCN/strings.commonMain.cvr	228
com.xiaoji.egggame.features.cloud	string	llauncher_cloud_channel_peak	高峰通道	6auY5bOw6YCa6YGT	com.xiaoji.egggame.features.cloud/values-zh-rCN/strings.commonMain.cvr	229
com.xiaoji.egggame.features.cloud	string	llauncher_in_queue_position	位	5L2N	com.xiaoji.egggame.features.cloud/values-zh-rCN/strings.commonMain.cvr	230
com.xiaoji.egggame.features.cloud	string	llauncher_in_queue_pre_user	前方还有	5YmN5pa56L+Y5pyJ	com.xiaoji.egggame.features.cloud/values-zh-rCN/strings.commonMain.cvr	231
com.xiaoji.egggame.features.cloud	string	llauncher_in_queue_prefix	第	56ys	com.xiaoji.egggame.features.cloud/values-zh-rCN/strings.commonMain.cvr	232
com.xiaoji.egggame.features.cloud	string	llauncher_in_queue_time	排队中...预估大于%1$d分钟	5o6S6Zif5LitLi4u6aKE5Lyw5aSn5LqOJTEkZOWIhumSnw==	com.xiaoji.egggame.features.cloud/values-zh-rCN/strings.commonMain.cvr	233
com.xiaoji.egggame.features.cloud	string	llauncher_in_queue	排队中	5o6S6Zif5Lit	com.xiaoji.egggame.features.cloud/values-zh-rCN/strings.commonMain.cvr	234
com.xiaoji.egggame.features.community	string	features_community_save_img_failure	保存图片失败	5L+d5a2Y5Zu+54mH5aSx6LSl	com.xiaoji.egggame.features.community/values-zh-rCN/strings.commonMain.cvr	2
com.xiaoji.egggame.features.community	string	features_community_save_img_success	保存图片成功	5L+d5a2Y5Zu+54mH5oiQ5Yqf	com.xiaoji.egggame.features.community/values-zh-rCN/strings.commonMain.cvr	3
com.xiaoji.egggame.features.community	string	features_community_save_img	保存图片	5L+d5a2Y5Zu+54mH	com.xiaoji.egggame.features.community/values-zh-rCN/strings.commonMain.cvr	4
com.xiaoji.egggame.features.controllermapping	string	ctrlmapping_applied	应用中	5bqU55So5Lit	com.xiaoji.egggame.features.controllermapping/values-zh-rCN/strings.commonMain.cvr	2
com.xiaoji.egggame.features.controllermapping	string	ctrlmapping_apply_failed	应用失败，请重试	5bqU55So5aSx6LSl77yM6K+36YeN6K+V	com.xiaoji.egggame.features.controllermapping/values-zh-rCN/strings.commonMain.cvr	3
com.xiaoji.egggame.features.controllermapping	string	ctrlmapping_apply_success	方案已应用	5pa55qGI5bey5bqU55So	com.xiaoji.egggame.features.controllermapping/values-zh-rCN/strings.commonMain.cvr	4
com.xiaoji.egggame.features.controllermapping	string	ctrlmapping_copy_cancel	取消	5Y+W5raI	com.xiaoji.egggame.features.controllermapping/values-zh-rCN/strings.commonMain.cvr	5
com.xiaoji.egggame.features.controllermapping	string	ctrlmapping_copy_confirm	复制	5aSN5Yi2	com.xiaoji.egggame.features.controllermapping/values-zh-rCN/strings.commonMain.cvr	6
com.xiaoji.egggame.features.controllermapping	string	ctrlmapping_copy_description	将复制一份到「我的方案」，可自由编辑。	5bCG5aSN5Yi25LiA5Lu95Yiw44CM5oiR55qE5pa55qGI44CN77yM5Y+v6Ieq55Sx57yW6L6R44CC	com.xiaoji.egggame.features.controllermapping/values-zh-rCN/strings.commonMain.cvr	7
com.xiaoji.egggame.features.controllermapping	string	ctrlmapping_copy_dialog_title	复制到我的方案	5aSN5Yi25Yiw5oiR55qE5pa55qGI	com.xiaoji.egggame.features.controllermapping/values-zh-rCN/strings.commonMain.cvr	8
com.xiaoji.egggame.features.controllermapping	string	ctrlmapping_copy_failed	复制失败，请重试	5aSN5Yi25aSx6LSl77yM6K+36YeN6K+V	com.xiaoji.egggame.features.controllermapping/values-zh-rCN/strings.commonMain.cvr	9
com.xiaoji.egggame.features.controllermapping	string	ctrlmapping_copy_name_empty	名称不能为空	5ZCN56ew5LiN6IO95Li656m6	com.xiaoji.egggame.features.controllermapping/values-zh-rCN/strings.commonMain.cvr	10
com.xiaoji.egggame.features.controllermapping	string	ctrlmapping_copy_name_hint	请输入方案名称	6K+36L6T5YWl5pa55qGI5ZCN56ew	com.xiaoji.egggame.features.controllermapping/values-zh-rCN/strings.commonMain.cvr	11
com.xiaoji.egggame.features.controllermapping	string	ctrlmapping_copy_success	已复制到我的方案	5bey5aSN5Yi25Yiw5oiR55qE5pa55qGI	com.xiaoji.egggame.features.controllermapping/values-zh-rCN/strings.commonMain.cvr	12
com.xiaoji.egggame.features.controllermapping	string	ctrlmapping_create_cancel	取消	5Y+W5raI	com.xiaoji.egggame.features.controllermapping/values-zh-rCN/strings.commonMain.cvr	13
com.xiaoji.egggame.features.controllermapping	string	ctrlmapping_create_confirm	创建	5Yib5bu6	com.xiaoji.egggame.features.controllermapping/values-zh-rCN/strings.commonMain.cvr	14
com.xiaoji.egggame.features.controllermapping	string	ctrlmapping_create_dialog_title	新建映射方案	5paw5bu65pig5bCE5pa55qGI	com.xiaoji.egggame.features.controllermapping/values-zh-rCN/strings.commonMain.cvr	15
com.xiaoji.egggame.features.controllermapping	string	ctrlmapping_create_name_hint	请输入名称	6K+36L6T5YWl5ZCN56ew	com.xiaoji.egggame.features.controllermapping/values-zh-rCN/strings.commonMain.cvr	16
com.xiaoji.egggame.features.controllermapping	string	ctrlmapping_create_type_common	通用布局	6YCa55So5biD5bGA	com.xiaoji.egggame.features.controllermapping/values-zh-rCN/strings.commonMain.cvr	17
com.xiaoji.egggame.features.controllermapping	string	ctrlmapping_create_type_game	游戏布局	5ri45oiP5biD5bGA	com.xiaoji.egggame.features.controllermapping/values-zh-rCN/strings.commonMain.cvr	18
com.xiaoji.egggame.features.controllermapping	string	ctrlmapping_create_type_hint	游戏布局仅当前游戏显示，通用布局所有游戏显示	5ri45oiP5biD5bGA5LuF5b2T5YmN5ri45oiP5pi+56S677yM6YCa55So5biD5bGA5omA5pyJ5ri45oiP5pi+56S6	com.xiaoji.egggame.features.controllermapping/values-zh-rCN/strings.commonMain.cvr	19
com.xiaoji.egggame.features.controllermapping	string	ctrlmapping_create_type_label	布局类型	5biD5bGA57G75Z6L	com.xiaoji.egggame.features.controllermapping/values-zh-rCN/strings.commonMain.cvr	20
com.xiaoji.egggame.features.controllermapping	string	ctrlmapping_delete_cancel	取消	5Y+W5raI	com.xiaoji.egggame.features.controllermapping/values-zh-rCN/strings.commonMain.cvr	21
com.xiaoji.egggame.features.controllermapping	string	ctrlmapping_delete_confirm	删除	5Yig6Zmk	com.xiaoji.egggame.features.controllermapping/values-zh-rCN/strings.commonMain.cvr	22
com.xiaoji.egggame.features.controllermapping	string	ctrlmapping_delete_failed	删除失败，请重试	5Yig6Zmk5aSx6LSl77yM6K+36YeN6K+V	com.xiaoji.egggame.features.controllermapping/values-zh-rCN/strings.commonMain.cvr	23
com.xiaoji.egggame.features.controllermapping	string	ctrlmapping_delete_message	确定删除「%1$s」？此操作不可撤销。	56Gu5a6a5Yig6Zmk44CMJTEkc+OAje+8n+atpOaTjeS9nOS4jeWPr+aSpOmUgOOAgg==	com.xiaoji.egggame.features.controllermapping/values-zh-rCN/strings.commonMain.cvr	24
com.xiaoji.egggame.features.controllermapping	string	ctrlmapping_delete_success	已删除	5bey5Yig6Zmk	com.xiaoji.egggame.features.controllermapping/values-zh-rCN/strings.commonMain.cvr	25
com.xiaoji.egggame.features.controllermapping	string	ctrlmapping_delete_title	删除方案	5Yig6Zmk5pa55qGI	com.xiaoji.egggame.features.controllermapping/values-zh-rCN/strings.commonMain.cvr	26
com.xiaoji.egggame.features.controllermapping	string	ctrlmapping_detail_apply	应用	5bqU55So	com.xiaoji.egggame.features.controllermapping/values-zh-rCN/strings.commonMain.cvr	27
com.xiaoji.egggame.features.controllermapping	string	ctrlmapping_detail_copy	复制	5aSN5Yi2	com.xiaoji.egggame.features.controllermapping/values-zh-rCN/strings.commonMain.cvr	28
com.xiaoji.egggame.features.controllermapping	string	ctrlmapping_detail_delete	删除	5Yig6Zmk	com.xiaoji.egggame.features.controllermapping/values-zh-rCN/strings.commonMain.cvr	29
com.xiaoji.egggame.features.controllermapping	string	ctrlmapping_detail_edit	编辑	57yW6L6R	com.xiaoji.egggame.features.controllermapping/values-zh-rCN/strings.commonMain.cvr	30
com.xiaoji.egggame.features.controllermapping	string	ctrlmapping_detail_sharecode	分享码	5YiG5Lqr56CB	com.xiaoji.egggame.features.controllermapping/values-zh-rCN/strings.commonMain.cvr	31
com.xiaoji.egggame.features.controllermapping	string	ctrlmapping_detail_share	分享	5YiG5Lqr	com.xiaoji.egggame.features.controllermapping/values-zh-rCN/strings.commonMain.cvr	32
com.xiaoji.egggame.features.controllermapping	string	ctrlmapping_edit_failed	加载失败，请重试	5Yqg6L295aSx6LSl77yM6K+36YeN6K+V	com.xiaoji.egggame.features.controllermapping/values-zh-rCN/strings.commonMain.cvr	33
com.xiaoji.egggame.features.controllermapping	string	ctrlmapping_edit_input_a	A 键	QSDplK4=	com.xiaoji.egggame.features.controllermapping/values-zh-rCN/strings.commonMain.cvr	34
com.xiaoji.egggame.features.controllermapping	string	ctrlmapping_edit_input_back	View 键	VmlldyDplK4=	com.xiaoji.egggame.features.controllermapping/values-zh-rCN/strings.commonMain.cvr	35
com.xiaoji.egggame.features.controllermapping	string	ctrlmapping_edit_input_b	B 键	QiDplK4=	com.xiaoji.egggame.features.controllermapping/values-zh-rCN/strings.commonMain.cvr	36
com.xiaoji.egggame.features.controllermapping	string	ctrlmapping_edit_input_dpad_down	方向键下	5pa55ZCR6ZSu5LiL	com.xiaoji.egggame.features.controllermapping/values-zh-rCN/strings.commonMain.cvr	37
com.xiaoji.egggame.features.controllermapping	string	ctrlmapping_edit_input_dpad_left	方向键左	5pa55ZCR6ZSu5bem	com.xiaoji.egggame.features.controllermapping/values-zh-rCN/strings.commonMain.cvr	38
com.xiaoji.egggame.features.controllermapping	string	ctrlmapping_edit_input_dpad_right	方向键右	5pa55ZCR6ZSu5Y+z	com.xiaoji.egggame.features.controllermapping/values-zh-rCN/strings.commonMain.cvr	39
com.xiaoji.egggame.features.controllermapping	string	ctrlmapping_edit_input_dpad_up	方向键上	5pa55ZCR6ZSu5LiK	com.xiaoji.egggame.features.controllermapping/values-zh-rCN/strings.commonMain.cvr	40
com.xiaoji.egggame.features.controllermapping	string	ctrlmapping_edit_input_guide	Guide 键	R3VpZGUg6ZSu	com.xiaoji.egggame.features.controllermapping/values-zh-rCN/strings.commonMain.cvr	41
com.xiaoji.egggame.features.controllermapping	string	ctrlmapping_edit_input_left_shoulder	LB	TEI=	com.xiaoji.egggame.features.controllermapping/values-zh-rCN/strings.commonMain.cvr	42
com.xiaoji.egggame.features.controllermapping	string	ctrlmapping_edit_input_left_stick_down	左摇杆下	5bem5pGH5p2G5LiL	com.xiaoji.egggame.features.controllermapping/values-zh-rCN/strings.commonMain.cvr	43
com.xiaoji.egggame.features.controllermapping	string	ctrlmapping_edit_input_left_stick_left	左摇杆左	5bem5pGH5p2G5bem	com.xiaoji.egggame.features.controllermapping/values-zh-rCN/strings.commonMain.cvr	44
com.xiaoji.egggame.features.controllermapping	string	ctrlmapping_edit_input_left_stick_press	左摇杆按下	5bem5pGH5p2G5oyJ5LiL	com.xiaoji.egggame.features.controllermapping/values-zh-rCN/strings.commonMain.cvr	45
com.xiaoji.egggame.features.controllermapping	string	ctrlmapping_edit_input_left_stick_right	左摇杆右	5bem5pGH5p2G5Y+z	com.xiaoji.egggame.features.controllermapping/values-zh-rCN/strings.commonMain.cvr	46
com.xiaoji.egggame.features.controllermapping	string	ctrlmapping_edit_input_left_stick_up	左摇杆上	5bem5pGH5p2G5LiK	com.xiaoji.egggame.features.controllermapping/values-zh-rCN/strings.commonMain.cvr	47
com.xiaoji.egggame.features.controllermapping	string	ctrlmapping_edit_input_left_trigger	LT	TFQ=	com.xiaoji.egggame.features.controllermapping/values-zh-rCN/strings.commonMain.cvr	48
com.xiaoji.egggame.features.controllermapping	string	ctrlmapping_edit_input_right_shoulder	RB	UkI=	com.xiaoji.egggame.features.controllermapping/values-zh-rCN/strings.commonMain.cvr	49
com.xiaoji.egggame.features.controllermapping	string	ctrlmapping_edit_input_right_stick_down	右摇杆下	5Y+z5pGH5p2G5LiL	com.xiaoji.egggame.features.controllermapping/values-zh-rCN/strings.commonMain.cvr	50
com.xiaoji.egggame.features.controllermapping	string	ctrlmapping_edit_input_right_stick_left	右摇杆左	5Y+z5pGH5p2G5bem	com.xiaoji.egggame.features.controllermapping/values-zh-rCN/strings.commonMain.cvr	51
com.xiaoji.egggame.features.controllermapping	string	ctrlmapping_edit_input_right_stick_press	右摇杆按下	5Y+z5pGH5p2G5oyJ5LiL	com.xiaoji.egggame.features.controllermapping/values-zh-rCN/strings.commonMain.cvr	52
com.xiaoji.egggame.features.controllermapping	string	ctrlmapping_edit_input_right_stick_right	右摇杆右	5Y+z5pGH5p2G5Y+z	com.xiaoji.egggame.features.controllermapping/values-zh-rCN/strings.commonMain.cvr	53
com.xiaoji.egggame.features.controllermapping	string	ctrlmapping_edit_input_right_stick_up	右摇杆上	5Y+z5pGH5p2G5LiK	com.xiaoji.egggame.features.controllermapping/values-zh-rCN/strings.commonMain.cvr	54
com.xiaoji.egggame.features.controllermapping	string	ctrlmapping_edit_input_right_trigger	RT	UlQ=	com.xiaoji.egggame.features.controllermapping/values-zh-rCN/strings.commonMain.cvr	55
com.xiaoji.egggame.features.controllermapping	string	ctrlmapping_edit_input_start	Menu 键	TWVudSDplK4=	com.xiaoji.egggame.features.controllermapping/values-zh-rCN/strings.commonMain.cvr	56
com.xiaoji.egggame.features.controllermapping	string	ctrlmapping_edit_input_x	X 键	WCDplK4=	com.xiaoji.egggame.features.controllermapping/values-zh-rCN/strings.commonMain.cvr	57
com.xiaoji.egggame.features.controllermapping	string	ctrlmapping_edit_input_y	Y 键	WSDplK4=	com.xiaoji.egggame.features.controllermapping/values-zh-rCN/strings.commonMain.cvr	58
com.xiaoji.egggame.features.controllermapping	string	ctrlmapping_edit_mapped_to_format	映射到：%1$s	5pig5bCE5Yiw77yaJTEkcw==	com.xiaoji.egggame.features.controllermapping/values-zh-rCN/strings.commonMain.cvr	59
com.xiaoji.egggame.features.controllermapping	string	ctrlmapping_edit_pick_title	选择映射目标	6YCJ5oup5pig5bCE55uu5qCH	com.xiaoji.egggame.features.controllermapping/values-zh-rCN/strings.commonMain.cvr	60
com.xiaoji.egggame.features.controllermapping	string	ctrlmapping_edit_reset_default	恢复默认	5oGi5aSN6buY6K6k	com.xiaoji.egggame.features.controllermapping/values-zh-rCN/strings.commonMain.cvr	61
com.xiaoji.egggame.features.controllermapping	string	ctrlmapping_edit_saved	已保存	5bey5L+d5a2Y	com.xiaoji.egggame.features.controllermapping/values-zh-rCN/strings.commonMain.cvr	62
com.xiaoji.egggame.features.controllermapping	string	ctrlmapping_edit_save	保存	5L+d5a2Y	com.xiaoji.egggame.features.controllermapping/values-zh-rCN/strings.commonMain.cvr	63
com.xiaoji.egggame.features.controllermapping	string	ctrlmapping_edit_target_none	-	LQ==	com.xiaoji.egggame.features.controllermapping/values-zh-rCN/strings.commonMain.cvr	64
com.xiaoji.egggame.features.controllermapping	string	ctrlmapping_edit_unsupported	不支持	5LiN5pSv5oyB	com.xiaoji.egggame.features.controllermapping/values-zh-rCN/strings.commonMain.cvr	65
com.xiaoji.egggame.features.controllermapping	string	ctrlmapping_empty	暂无方案	5pqC5peg5pa55qGI	com.xiaoji.egggame.features.controllermapping/values-zh-rCN/strings.commonMain.cvr	66
com.xiaoji.egggame.features.controllermapping	string	ctrlmapping_exit_discard	退出	6YCA5Ye6	com.xiaoji.egggame.features.controllermapping/values-zh-rCN/strings.commonMain.cvr	67
com.xiaoji.egggame.features.controllermapping	string	ctrlmapping_exit_message	将退出当前编辑，是否保存？	5bCG6YCA5Ye65b2T5YmN57yW6L6R77yM5piv5ZCm5L+d5a2Y77yf	com.xiaoji.egggame.features.controllermapping/values-zh-rCN/strings.commonMain.cvr	68
com.xiaoji.egggame.features.controllermapping	string	ctrlmapping_exit_save	保存	5L+d5a2Y	com.xiaoji.egggame.features.controllermapping/values-zh-rCN/strings.commonMain.cvr	69
com.xiaoji.egggame.features.controllermapping	string	ctrlmapping_exit_title	要退出编辑吗？	6KaB6YCA5Ye657yW6L6R5ZCX77yf	com.xiaoji.egggame.features.controllermapping/values-zh-rCN/strings.commonMain.cvr	70
com.xiaoji.egggame.features.controllermapping	string	ctrlmapping_game_more_title	游戏专用方案	5ri45oiP5LiT55So5pa55qGI	com.xiaoji.egggame.features.controllermapping/values-zh-rCN/strings.commonMain.cvr	71
com.xiaoji.egggame.features.controllermapping	string	ctrlmapping_import_cancel	取消	5Y+W5raI	com.xiaoji.egggame.features.controllermapping/values-zh-rCN/strings.commonMain.cvr	72
com.xiaoji.egggame.features.controllermapping	string	ctrlmapping_import_code_hint	输入分享码，如 GS-X7K9M2	6L6T5YWl5YiG5Lqr56CB77yM5aaCIEdTLVg3SzlNMg==	com.xiaoji.egggame.features.controllermapping/values-zh-rCN/strings.commonMain.cvr	73
com.xiaoji.egggame.features.controllermapping	string	ctrlmapping_import_confirm	确认	56Gu6K6k	com.xiaoji.egggame.features.controllermapping/values-zh-rCN/strings.commonMain.cvr	74
com.xiaoji.egggame.features.controllermapping	string	ctrlmapping_import_dialog_title	导入分享码	5a+85YWl5YiG5Lqr56CB	com.xiaoji.egggame.features.controllermapping/values-zh-rCN/strings.commonMain.cvr	75
com.xiaoji.egggame.features.controllermapping	string	ctrlmapping_import_failed_invalid	分享码无效	5YiG5Lqr56CB5peg5pWI	com.xiaoji.egggame.features.controllermapping/values-zh-rCN/strings.commonMain.cvr	76
com.xiaoji.egggame.features.controllermapping	string	ctrlmapping_import_success	导入成功	5a+85YWl5oiQ5Yqf	com.xiaoji.egggame.features.controllermapping/values-zh-rCN/strings.commonMain.cvr	77
com.xiaoji.egggame.features.controllermapping	string	ctrlmapping_layout_game	游戏布局	5ri45oiP5biD5bGA	com.xiaoji.egggame.features.controllermapping/values-zh-rCN/strings.commonMain.cvr	78
com.xiaoji.egggame.features.controllermapping	string	ctrlmapping_layout_general	通用布局	6YCa55So5biD5bGA	com.xiaoji.egggame.features.controllermapping/values-zh-rCN/strings.commonMain.cvr	79
com.xiaoji.egggame.features.controllermapping	string	ctrlmapping_login_required	登录后查看我的方案	55m75b2V5ZCO5p+l55yL5oiR55qE5pa55qGI	com.xiaoji.egggame.features.controllermapping/values-zh-rCN/strings.commonMain.cvr	80
com.xiaoji.egggame.features.controllermapping	string	ctrlmapping_plaza_title	控制器映射	5o6n5Yi25Zmo5pig5bCE	com.xiaoji.egggame.features.controllermapping/values-zh-rCN/strings.commonMain.cvr	81
com.xiaoji.egggame.features.controllermapping	string	ctrlmapping_please_login	请先登录	6K+35YWI55m75b2V	com.xiaoji.egggame.features.controllermapping/values-zh-rCN/strings.commonMain.cvr	82
com.xiaoji.egggame.features.controllermapping	string	ctrlmapping_search_cancel	取消	5Y+W5raI	com.xiaoji.egggame.features.controllermapping/values-zh-rCN/strings.commonMain.cvr	83
com.xiaoji.egggame.features.controllermapping	string	ctrlmapping_search_empty	没有找到相关方案	5rKh5pyJ5om+5Yiw55u45YWz5pa55qGI	com.xiaoji.egggame.features.controllermapping/values-zh-rCN/strings.commonMain.cvr	84
com.xiaoji.egggame.features.controllermapping	string	ctrlmapping_search_hint	搜索映射方案	5pCc57Si5pig5bCE5pa55qGI	com.xiaoji.egggame.features.controllermapping/values-zh-rCN/strings.commonMain.cvr	85
com.xiaoji.egggame.features.controllermapping	string	ctrlmapping_search_result_count	搜索结果：%1$d 个方案	5pCc57Si57uT5p6c77yaJTEkZCDkuKrmlrnmoYg=	com.xiaoji.egggame.features.controllermapping/values-zh-rCN/strings.commonMain.cvr	86
com.xiaoji.egggame.features.controllermapping	string	ctrlmapping_section_all	全部映射方案	5YWo6YOo5pig5bCE5pa55qGI	com.xiaoji.egggame.features.controllermapping/values-zh-rCN/strings.commonMain.cvr	87
com.xiaoji.egggame.features.controllermapping	string	ctrlmapping_section_game	适合当前游戏的映射	6YCC5ZCI5b2T5YmN5ri45oiP55qE5pig5bCE	com.xiaoji.egggame.features.controllermapping/values-zh-rCN/strings.commonMain.cvr	88
com.xiaoji.egggame.features.controllermapping	string	ctrlmapping_share_cancel	取消	5Y+W5raI	com.xiaoji.egggame.features.controllermapping/values-zh-rCN/strings.commonMain.cvr	89
com.xiaoji.egggame.features.controllermapping	string	ctrlmapping_share_confirm	分享	5YiG5Lqr	com.xiaoji.egggame.features.controllermapping/values-zh-rCN/strings.commonMain.cvr	90
com.xiaoji.egggame.features.controllermapping	string	ctrlmapping_share_cover_moderation_failed	封面未通过审核，请更换后重试	5bCB6Z2i5pyq6YCa6L+H5a6h5qC477yM6K+35pu05o2i5ZCO6YeN6K+V	com.xiaoji.egggame.features.controllermapping/values-zh-rCN/strings.commonMain.cvr	91
com.xiaoji.egggame.features.controllermapping	string	ctrlmapping_share_dialog_title	分享到云	5YiG5Lqr5Yiw5LqR	com.xiaoji.egggame.features.controllermapping/values-zh-rCN/strings.commonMain.cvr	92
com.xiaoji.egggame.features.controllermapping	string	ctrlmapping_share_failed	分享失败，请重试	5YiG5Lqr5aSx6LSl77yM6K+36YeN6K+V	com.xiaoji.egggame.features.controllermapping/values-zh-rCN/strings.commonMain.cvr	93
com.xiaoji.egggame.features.controllermapping	string	ctrlmapping_share_game_not_in_cloud	该游戏尚未收录至云端，无法分享游戏布局	6K+l5ri45oiP5bCa5pyq5pS25b2V6Iez5LqR56uv77yM5peg5rOV5YiG5Lqr5ri45oiP5biD5bGA	com.xiaoji.egggame.features.controllermapping/values-zh-rCN/strings.commonMain.cvr	94
com.xiaoji.egggame.features.controllermapping	string	ctrlmapping_share_name_hint	请输入分享名称	6K+36L6T5YWl5YiG5Lqr5ZCN56ew	com.xiaoji.egggame.features.controllermapping/values-zh-rCN/strings.commonMain.cvr	95
com.xiaoji.egggame.features.controllermapping	string	ctrlmapping_share_result_cancel	取消	5Y+W5raI	com.xiaoji.egggame.features.controllermapping/values-zh-rCN/strings.commonMain.cvr	96
com.xiaoji.egggame.features.controllermapping	string	ctrlmapping_share_result_copy	复制分享码	5aSN5Yi25YiG5Lqr56CB	com.xiaoji.egggame.features.controllermapping/values-zh-rCN/strings.commonMain.cvr	97
com.xiaoji.egggame.features.controllermapping	string	ctrlmapping_share_result_desc	将此分享码发送给好友\n对方在「导入分享码」中输入即可	5bCG5q2k5YiG5Lqr56CB5Y+R6YCB57uZ5aW95Y+LCuWvueaWueWcqOOAjOWvvOWFpeWIhuS6q+eggeOAjeS4rei+k+WFpeWNs+WPrw==	com.xiaoji.egggame.features.controllermapping/values-zh-rCN/strings.commonMain.cvr	98
com.xiaoji.egggame.features.controllermapping	string	ctrlmapping_share_result_title	分享码已生成	5YiG5Lqr56CB5bey55Sf5oiQ	com.xiaoji.egggame.features.controllermapping/values-zh-rCN/strings.commonMain.cvr	99
com.xiaoji.egggame.features.controllermapping	string	ctrlmapping_share_success	分享成功	5YiG5Lqr5oiQ5Yqf	com.xiaoji.egggame.features.controllermapping/values-zh-rCN/strings.commonMain.cvr	100
com.xiaoji.egggame.features.controllermapping	string	ctrlmapping_sharecode_close	关闭	5YWz6Zet	com.xiaoji.egggame.features.controllermapping/values-zh-rCN/strings.commonMain.cvr	101
com.xiaoji.egggame.features.controllermapping	string	ctrlmapping_sharecode_copied	已复制到剪贴板	5bey5aSN5Yi25Yiw5Ymq6LS05p2/	com.xiaoji.egggame.features.controllermapping/values-zh-rCN/strings.commonMain.cvr	102
com.xiaoji.egggame.features.controllermapping	string	ctrlmapping_sharecode_copy_hint	复制分享码，分享给好友	5aSN5Yi25YiG5Lqr56CB77yM5YiG5Lqr57uZ5aW95Y+L	com.xiaoji.egggame.features.controllermapping/values-zh-rCN/strings.commonMain.cvr	103
com.xiaoji.egggame.features.controllermapping	string	ctrlmapping_sharecode_copy	复制	5aSN5Yi2	com.xiaoji.egggame.features.controllermapping/values-zh-rCN/strings.commonMain.cvr	104
com.xiaoji.egggame.features.controllermapping	string	ctrlmapping_sharecode_dialog_title	分享码	5YiG5Lqr56CB	com.xiaoji.egggame.features.controllermapping/values-zh-rCN/strings.commonMain.cvr	105
com.xiaoji.egggame.features.controllermapping	string	ctrlmapping_sharecode_import_hint	好友可在「自定义 > 导入」中导入	5aW95Y+L5Y+v5Zyo44CM6Ieq5a6a5LmJID4g5a+85YWl44CN5Lit5a+85YWl	com.xiaoji.egggame.features.controllermapping/values-zh-rCN/strings.commonMain.cvr	106
com.xiaoji.egggame.features.controllermapping	string	ctrlmapping_sharecode_unavailable	暂无分享码	5pqC5peg5YiG5Lqr56CB	com.xiaoji.egggame.features.controllermapping/values-zh-rCN/strings.commonMain.cvr	107
com.xiaoji.egggame.features.controllermapping	string	ctrlmapping_sub_cloud_share	我的云分享	5oiR55qE5LqR5YiG5Lqr	com.xiaoji.egggame.features.controllermapping/values-zh-rCN/strings.commonMain.cvr	108
com.xiaoji.egggame.features.controllermapping	string	ctrlmapping_sub_mine	我的方案	5oiR55qE5pa55qGI	com.xiaoji.egggame.features.controllermapping/values-zh-rCN/strings.commonMain.cvr	109
com.xiaoji.egggame.features.controllermapping	string	ctrlmapping_tab_custom	自定义	6Ieq5a6a5LmJ	com.xiaoji.egggame.features.controllermapping/values-zh-rCN/strings.commonMain.cvr	110
com.xiaoji.egggame.features.controllermapping	string	ctrlmapping_tab_ranking	排行	5o6S6KGM	com.xiaoji.egggame.features.controllermapping/values-zh-rCN/strings.commonMain.cvr	111
com.xiaoji.egggame.features.controllermapping	string	ctrlmapping_tab_recommend	推荐	5o6o6I2Q	com.xiaoji.egggame.features.controllermapping/values-zh-rCN/strings.commonMain.cvr	112
com.xiaoji.egggame.features.controllermapping	string	ctrlmapping_view_more	查看更多	5p+l55yL5pu05aSa	com.xiaoji.egggame.features.controllermapping/values-zh-rCN/strings.commonMain.cvr	113
com.xiaoji.egggame.features.download	string	feature_download_action_back_short	返回	6L+U5Zue	com.xiaoji.egggame.features.download/values-zh-rCN/strings.commonMain.cvr	2
com.xiaoji.egggame.features.download	string	feature_download_action_clear_all	清除全部	5riF6Zmk5YWo6YOo	com.xiaoji.egggame.features.download/values-zh-rCN/strings.commonMain.cvr	3
com.xiaoji.egggame.features.download	string	feature_download_action_options_short	选项	6YCJ6aG5	com.xiaoji.egggame.features.download/values-zh-rCN/strings.commonMain.cvr	4
com.xiaoji.egggame.features.download	string	feature_download_action_pause_short	暂停	5pqC5YGc	com.xiaoji.egggame.features.download/values-zh-rCN/strings.commonMain.cvr	5
com.xiaoji.egggame.features.download	string	feature_download_action_retry_short	重试	6YeN6K+V	com.xiaoji.egggame.features.download/values-zh-rCN/strings.commonMain.cvr	6
com.xiaoji.egggame.features.download	string	feature_download_action_start_download	开始下载	5byA5aeL5LiL6L29	com.xiaoji.egggame.features.download/values-zh-rCN/strings.commonMain.cvr	7
com.xiaoji.egggame.features.download	string	feature_download_action_start_short	开始	5byA5aeL	com.xiaoji.egggame.features.download/values-zh-rCN/strings.commonMain.cvr	8
com.xiaoji.egggame.features.download	string	feature_download_bottomsheet_more_title	更多菜单	5pu05aSa6I+c5Y2V	com.xiaoji.egggame.features.download/values-zh-rCN/strings.commonMain.cvr	9
com.xiaoji.egggame.features.download	string	feature_download_cd_cover	封面	5bCB6Z2i	com.xiaoji.egggame.features.download/values-zh-rCN/strings.commonMain.cvr	10
com.xiaoji.egggame.features.download	string	feature_download_cd_more_options	更多选项	5pu05aSa6YCJ6aG5	com.xiaoji.egggame.features.download/values-zh-rCN/strings.commonMain.cvr	11
com.xiaoji.egggame.features.download	string	feature_download_dialog_remove_confirm_completed	是否移除该下载任务？	5piv5ZCm56e76Zmk6K+l5LiL6L295Lu75Yqh77yf	com.xiaoji.egggame.features.download/values-zh-rCN/strings.commonMain.cvr	12
com.xiaoji.egggame.features.download	string	feature_download_dialog_remove_confirm_with_file	移除该下载任务并删除已下载文件？	56e76Zmk6K+l5LiL6L295Lu75Yqh5bm25Yig6Zmk5bey5LiL6L295paH5Lu277yf	com.xiaoji.egggame.features.download/values-zh-rCN/strings.commonMain.cvr	13
com.xiaoji.egggame.features.download	string	feature_download_dialog_remove_title	移除下载任务	56e76Zmk5LiL6L295Lu75Yqh	com.xiaoji.egggame.features.download/values-zh-rCN/strings.commonMain.cvr	14
com.xiaoji.egggame.features.download	string	feature_download_empty_no_downloads	暂无下载任务	5pqC5peg5LiL6L295Lu75Yqh	com.xiaoji.egggame.features.download/values-zh-rCN/strings.commonMain.cvr	15
com.xiaoji.egggame.features.download	string	feature_download_label_completed_at	完成于: %1$s	5a6M5oiQ5LqOOiAlMSRz	com.xiaoji.egggame.features.download/values-zh-rCN/strings.commonMain.cvr	16
com.xiaoji.egggame.features.download	string	feature_download_label_download_error_with_msg	下载异常 - %1$s	5LiL6L295byC5bi4IC0gJTEkcw==	com.xiaoji.egggame.features.download/values-zh-rCN/strings.commonMain.cvr	17
com.xiaoji.egggame.features.download	string	feature_download_label_download_error	下载异常	5LiL6L295byC5bi4	com.xiaoji.egggame.features.download/values-zh-rCN/strings.commonMain.cvr	18
com.xiaoji.egggame.features.download	string	feature_download_label_download_progress	下载进度	5LiL6L296L+b5bqm	com.xiaoji.egggame.features.download/values-zh-rCN/strings.commonMain.cvr	19
com.xiaoji.egggame.features.download	string	feature_download_label_downloading	下载中	5LiL6L295Lit	com.xiaoji.egggame.features.download/values-zh-rCN/strings.commonMain.cvr	20
com.xiaoji.egggame.features.download	string	feature_download_label_failed	下载失败	5LiL6L295aSx6LSl	com.xiaoji.egggame.features.download/values-zh-rCN/strings.commonMain.cvr	21
com.xiaoji.egggame.features.download	string	feature_download_label_fetching_manifest	获取清单中	6I635Y+W5riF5Y2V5Lit	com.xiaoji.egggame.features.download/values-zh-rCN/strings.commonMain.cvr	22
com.xiaoji.egggame.features.download	string	feature_download_label_install_progress	安装进度	5a6J6KOF6L+b5bqm	com.xiaoji.egggame.features.download/values-zh-rCN/strings.commonMain.cvr	23
com.xiaoji.egggame.features.download	string	feature_download_label_installing	安装中	5a6J6KOF5Lit	com.xiaoji.egggame.features.download/values-zh-rCN/strings.commonMain.cvr	24
com.xiaoji.egggame.features.download	string	feature_download_label_no_task	暂无任务	5pqC5peg5Lu75Yqh	com.xiaoji.egggame.features.download/values-zh-rCN/strings.commonMain.cvr	25
com.xiaoji.egggame.features.download	string	feature_download_label_pause_task	暂停任务	5pqC5YGc5Lu75Yqh	com.xiaoji.egggame.features.download/values-zh-rCN/strings.commonMain.cvr	26
com.xiaoji.egggame.features.download	string	feature_download_label_paused	已暂停	5bey5pqC5YGc	com.xiaoji.egggame.features.download/values-zh-rCN/strings.commonMain.cvr	27
com.xiaoji.egggame.features.download	string	feature_download_label_pausing	暂停中	5pqC5YGc5Lit	com.xiaoji.egggame.features.download/values-zh-rCN/strings.commonMain.cvr	28
com.xiaoji.egggame.features.download	string	feature_download_label_preparing	准备下载	5YeG5aSH5LiL6L29	com.xiaoji.egggame.features.download/values-zh-rCN/strings.commonMain.cvr	29
com.xiaoji.egggame.features.download	string	feature_download_label_remaining_time	剩余%1$s	5Ymp5L2ZJTEkcw==	com.xiaoji.egggame.features.download/values-zh-rCN/strings.commonMain.cvr	30
com.xiaoji.egggame.features.download	string	feature_download_label_retry_task	重试任务	6YeN6K+V5Lu75Yqh	com.xiaoji.egggame.features.download/values-zh-rCN/strings.commonMain.cvr	31
com.xiaoji.egggame.features.download	string	feature_download_label_starting	启动下载	5ZCv5Yqo5LiL6L29	com.xiaoji.egggame.features.download/values-zh-rCN/strings.commonMain.cvr	32
com.xiaoji.egggame.features.download	string	feature_download_label_verifying	校验文件	5qCh6aqM5paH5Lu2	com.xiaoji.egggame.features.download/values-zh-rCN/strings.commonMain.cvr	33
com.xiaoji.egggame.features.download	string	feature_download_label_waiting	等待中	562J5b6F5Lit	com.xiaoji.egggame.features.download/values-zh-rCN/strings.commonMain.cvr	34
com.xiaoji.egggame.features.download	string	feature_download_menu_launch_game	启动游戏	5ZCv5Yqo5ri45oiP	com.xiaoji.egggame.features.download/values-zh-rCN/strings.commonMain.cvr	35
com.xiaoji.egggame.features.download	string	feature_download_menu_remove_task	移除任务	56e76Zmk5Lu75Yqh	com.xiaoji.egggame.features.download/values-zh-rCN/strings.commonMain.cvr	36
com.xiaoji.egggame.features.download	string	feature_download_menu_start_task	开始任务	5byA5aeL5Lu75Yqh	com.xiaoji.egggame.features.download/values-zh-rCN/strings.commonMain.cvr	37
com.xiaoji.egggame.features.download	string	feature_download_menu_view_detail	查看详情	5p+l55yL6K+m5oOF	com.xiaoji.egggame.features.download/values-zh-rCN/strings.commonMain.cvr	38
com.xiaoji.egggame.features.download	string	feature_download_mobile_data_dialog_direct	直接下载	55u05o6l5LiL6L29	com.xiaoji.egggame.features.download/values-zh-rCN/strings.commonMain.cvr	39
com.xiaoji.egggame.features.download	string	feature_download_mobile_data_dialog_do_not_remind	不再提醒	5LiN5YaN5o+Q6YaS	com.xiaoji.egggame.features.download/values-zh-rCN/strings.commonMain.cvr	40
com.xiaoji.egggame.features.download	string	feature_download_mobile_data_dialog_later	稍后下载	56iN5ZCO5LiL6L29	com.xiaoji.egggame.features.download/values-zh-rCN/strings.commonMain.cvr	41
com.xiaoji.egggame.features.download	string	feature_download_mobile_data_dialog_message	当前正在使用移动数据流量，是否连接WLAN后自动下载	5b2T5YmN5q2j5Zyo5L2/55So56e75Yqo5pWw5o2u5rWB6YeP77yM5piv5ZCm6L+e5o6lV0xBTuWQjuiHquWKqOS4i+i9vQ==	com.xiaoji.egggame.features.download/values-zh-rCN/strings.commonMain.cvr	42
com.xiaoji.egggame.features.download	string	feature_download_mobile_data_dialog_title	下载提示	5LiL6L295o+Q56S6	com.xiaoji.egggame.features.download/values-zh-rCN/strings.commonMain.cvr	43
com.xiaoji.egggame.features.download	string	feature_download_preview_game_name_error	Elden Ring: Nightreign（错误）	RWxkZW4gUmluZzogTmlnaHRyZWlnbu+8iOmUmeivr++8iQ==	com.xiaoji.egggame.features.download/values-zh-rCN/strings.commonMain.cvr	44
com.xiaoji.egggame.features.download	string	feature_download_preview_game_name	Elden Ring: Nightreign	RWxkZW4gUmluZzogTmlnaHRyZWlnbg==	com.xiaoji.egggame.features.download/values-zh-rCN/strings.commonMain.cvr	45
com.xiaoji.egggame.features.download	string	feature_download_title_completed	已完成	5bey5a6M5oiQ	com.xiaoji.egggame.features.download/values-zh-rCN/strings.commonMain.cvr	46
com.xiaoji.egggame.features.download	string	feature_download_title_download_manager	下载管理	5LiL6L29566h55CG	com.xiaoji.egggame.features.download/values-zh-rCN/strings.commonMain.cvr	47
com.xiaoji.egggame.features.download	string	feature_download_title_downloading	进行中	6L+b6KGM5Lit	com.xiaoji.egggame.features.download/values-zh-rCN/strings.commonMain.cvr	48
com.xiaoji.egggame.features.download	string	feature_download_title_pending_list	即将下载	5Y2z5bCG5LiL6L29	com.xiaoji.egggame.features.download/values-zh-rCN/strings.commonMain.cvr	49
com.xiaoji.egggame.features.download	string	feature_download_toast_game_not_found	未找到对应的本地游戏	5pyq5om+5Yiw5a+55bqU55qE5pys5Zyw5ri45oiP	com.xiaoji.egggame.features.download/values-zh-rCN/strings.commonMain.cvr	50
com.xiaoji.egggame.features.download	string	feature_download_toast_launch_failed	游戏启动失败，请稍后重试	5ri45oiP5ZCv5Yqo5aSx6LSl77yM6K+356iN5ZCO6YeN6K+V	com.xiaoji.egggame.features.download/values-zh-rCN/strings.commonMain.cvr	51
com.xiaoji.egggame.features.emojipicker	string	features_emojipicker_title	选择表情	6YCJ5oup6KGo5oOF	com.xiaoji.egggame.features.emojipicker/values-zh-rCN/strings.commonMain.cvr	2
com.xiaoji.egggame.features.file_selector	string	feature_file_selector_file_count	%1$d 文件	JTEkZCDmlofku7Y=	com.xiaoji.egggame.features.file_selector/values-zh-rCN/strings.commonMain.cvr	2
com.xiaoji.egggame.features.file_selector	string	feature_file_selector_internal_storage	内部存储	5YaF6YOo5a2Y5YKo	com.xiaoji.egggame.features.file_selector/values-zh-rCN/strings.commonMain.cvr	3
com.xiaoji.egggame.features.file_selector	string	feature_file_selector_loading	加载中...	5Yqg6L295LitLi4u	com.xiaoji.egggame.features.file_selector/values-zh-rCN/strings.commonMain.cvr	4
com.xiaoji.egggame.features.file_selector	string	feature_file_selector_select_current_folder	选择	6YCJ5oup	com.xiaoji.egggame.features.file_selector/values-zh-rCN/strings.commonMain.cvr	5
com.xiaoji.egggame.features.file_selector	string	feature_file_selector_select_file_title	选择文件	6YCJ5oup5paH5Lu2	com.xiaoji.egggame.features.file_selector/values-zh-rCN/strings.commonMain.cvr	6
com.xiaoji.egggame.features.file_selector	string	feature_file_selector_select_folder_title	选择文件夹	6YCJ5oup5paH5Lu25aS5	com.xiaoji.egggame.features.file_selector/values-zh-rCN/strings.commonMain.cvr	7
com.xiaoji.egggame.features.file_selector	string	feature_file_selector_title	导入游戏	5a+85YWl5ri45oiP	com.xiaoji.egggame.features.file_selector/values-zh-rCN/strings.commonMain.cvr	8
com.xiaoji.egggame.features.game	string	feature_game_import_edit_cancel	取消	5Y+W5raI	com.xiaoji.egggame.features.game/values-zh-rCN/strings.commonMain.cvr	2
com.xiaoji.egggame.features.game	string	feature_game_import_edit_confirm	确定	56Gu5a6a	com.xiaoji.egggame.features.game/values-zh-rCN/strings.commonMain.cvr	3
com.xiaoji.egggame.features.game	string	feature_game_import_edit_description	描述（可选）	5o+P6L+w77yI5Y+v6YCJ77yJ	com.xiaoji.egggame.features.game/values-zh-rCN/strings.commonMain.cvr	4
com.xiaoji.egggame.features.game	string	feature_game_import_edit_empty_name	请输入游戏名称	6K+36L6T5YWl5ri45oiP5ZCN56ew	com.xiaoji.egggame.features.game/values-zh-rCN/strings.commonMain.cvr	5
com.xiaoji.egggame.features.game	string	feature_game_import_edit_launch_file_label	启动文件路径	5ZCv5Yqo5paH5Lu26Lev5b6E	com.xiaoji.egggame.features.game/values-zh-rCN/strings.commonMain.cvr	6
com.xiaoji.egggame.features.game	string	feature_game_import_edit_modify	修改	5L+u5pS5	com.xiaoji.egggame.features.game/values-zh-rCN/strings.commonMain.cvr	7
com.xiaoji.egggame.features.game	string	feature_game_import_edit_name	游戏名称	5ri45oiP5ZCN56ew	com.xiaoji.egggame.features.game/values-zh-rCN/strings.commonMain.cvr	8
com.xiaoji.egggame.features.game	string	feature_game_import_edit_reference_empty_initial	未找到与 %1$s 同名的游戏，请手动搜索	5pyq5om+5Yiw5LiOICUxJHMg5ZCM5ZCN55qE5ri45oiP77yM6K+35omL5Yqo5pCc57Si	com.xiaoji.egggame.features.game/values-zh-rCN/strings.commonMain.cvr	9
com.xiaoji.egggame.features.game	string	feature_game_import_edit_reference_retry	重试	6YeN6K+V	com.xiaoji.egggame.features.game/values-zh-rCN/strings.commonMain.cvr	10
com.xiaoji.egggame.features.game	string	feature_game_import_edit_reference_search_failed	搜索失败，请重试	5pCc57Si5aSx6LSl77yM6K+36YeN6K+V	com.xiaoji.egggame.features.game/values-zh-rCN/strings.commonMain.cvr	11
com.xiaoji.egggame.features.game	string	feature_game_import_edit_reference_search_hint	搜索游戏名	5pCc57Si5ri45oiP5ZCN	com.xiaoji.egggame.features.game/values-zh-rCN/strings.commonMain.cvr	12
com.xiaoji.egggame.features.game	string	feature_game_import_edit_save_failed	保存失败	5L+d5a2Y5aSx6LSl	com.xiaoji.egggame.features.game/values-zh-rCN/strings.commonMain.cvr	13
com.xiaoji.egggame.features.game	string	feature_game_import_edit_title	导入游戏	5a+85YWl5ri45oiP	com.xiaoji.egggame.features.game/values-zh-rCN/strings.commonMain.cvr	14
com.xiaoji.egggame.features.game	string	feature_game_local_detail_launch	启动游戏	5ZCv5Yqo5ri45oiP	com.xiaoji.egggame.features.game/values-zh-rCN/strings.commonMain.cvr	15
com.xiaoji.egggame.features.game	string	feature_game_local_detail_more	更多	5pu05aSa	com.xiaoji.egggame.features.game/values-zh-rCN/strings.commonMain.cvr	16
com.xiaoji.egggame.features.game	string	feature_game_local_detail_no_description	暂无描述	5pqC5peg5o+P6L+w	com.xiaoji.egggame.features.game/values-zh-rCN/strings.commonMain.cvr	17
com.xiaoji.egggame.features.game	string	feature_game_local_detail_remove_library	移除游戏库	56e76Zmk5ri45oiP5bqT	com.xiaoji.egggame.features.game/values-zh-rCN/strings.commonMain.cvr	18
com.xiaoji.egggame.features.game	string	feature_game_pc_reference_picker_empty_state	暂无推荐	5pqC5peg5o6o6I2Q	com.xiaoji.egggame.features.game/values-zh-rCN/strings.commonMain.cvr	19
com.xiaoji.egggame.features.game	string	feature_game_pc_reference_picker_subtitle_empty	启动文件 %1$s 未匹配到已知游戏，请通过搜索框手动查找	5ZCv5Yqo5paH5Lu2ICUxJHMg5pyq5Yy56YWN5Yiw5bey55+l5ri45oiP77yM6K+36YCa6L+H5pCc57Si5qGG5omL5Yqo5p+l5om+	com.xiaoji.egggame.features.game/values-zh-rCN/strings.commonMain.cvr	20
com.xiaoji.egggame.features.game	string	feature_game_pc_reference_picker_subtitle_initial	根据当前启动文件 %1$s 中识别出游戏，点击选择即可同步其启动文件	5qC55o2u5b2T5YmN5ZCv5Yqo5paH5Lu2ICUxJHMg5Lit6K+G5Yir5Ye65ri45oiP77yM54K55Ye76YCJ5oup5Y2z5Y+v5ZCM5q2l5YW25ZCv5Yqo5paH5Lu2	com.xiaoji.egggame.features.game/values-zh-rCN/strings.commonMain.cvr	21
com.xiaoji.egggame.features.game	string	feature_game_pc_reference_picker_subtitle_no_match	未找到结果	5pyq5om+5Yiw57uT5p6c	com.xiaoji.egggame.features.game/values-zh-rCN/strings.commonMain.cvr	22
com.xiaoji.egggame.features.game	string	feature_game_pc_reference_picker_subtitle_result_count	找到 %1$d 个结果	5om+5YiwICUxJGQg5Liq57uT5p6c	com.xiaoji.egggame.features.game/values-zh-rCN/strings.commonMain.cvr	23
com.xiaoji.egggame.features.game	string	feature_game_pc_reference_picker_title	选择参考游戏	6YCJ5oup5Y+C6ICD5ri45oiP	com.xiaoji.egggame.features.game/values-zh-rCN/strings.commonMain.cvr	24
com.xiaoji.egggame.features.game	string	features_game_a11y_arrow	箭头	566t5aS0	com.xiaoji.egggame.features.game/values-zh-rCN/strings.commonMain.cvr	25
com.xiaoji.egggame.features.game	string	features_game_a11y_back	返回	6L+U5Zue	com.xiaoji.egggame.features.game/values-zh-rCN/strings.commonMain.cvr	26
com.xiaoji.egggame.features.game	string	features_game_a11y_close	关闭	5YWz6Zet	com.xiaoji.egggame.features.game/values-zh-rCN/strings.commonMain.cvr	27
com.xiaoji.egggame.features.game	string	features_game_a11y_cloud_save	云存档	5LqR5a2Y5qGj	com.xiaoji.egggame.features.game/values-zh-rCN/strings.commonMain.cvr	28
com.xiaoji.egggame.features.game	string	features_game_a11y_fullscreen	全屏	5YWo5bGP	com.xiaoji.egggame.features.game/values-zh-rCN/strings.commonMain.cvr	29
com.xiaoji.egggame.features.game	string	features_game_a11y_media_control	媒体控件	5aqS5L2T5o6n5Lu2	com.xiaoji.egggame.features.game/values-zh-rCN/strings.commonMain.cvr	30
com.xiaoji.egggame.features.game	string	features_game_a11y_more	更多选项	5pu05aSa6YCJ6aG5	com.xiaoji.egggame.features.game/values-zh-rCN/strings.commonMain.cvr	31
com.xiaoji.egggame.features.game	string	features_game_a11y_mute_toggle	静音或取消静音	6Z2Z6Z+z5oiW5Y+W5raI6Z2Z6Z+z	com.xiaoji.egggame.features.game/values-zh-rCN/strings.commonMain.cvr	32
com.xiaoji.egggame.features.game	string	features_game_a11y_next	下一个	5LiL5LiA5Liq	com.xiaoji.egggame.features.game/values-zh-rCN/strings.commonMain.cvr	33
com.xiaoji.egggame.features.game	string	features_game_a11y_no_image	暂无图片	5pqC5peg5Zu+54mH	com.xiaoji.egggame.features.game/values-zh-rCN/strings.commonMain.cvr	34
com.xiaoji.egggame.features.game	string	features_game_a11y_not_selected	未选中	5pyq6YCJ5Lit	com.xiaoji.egggame.features.game/values-zh-rCN/strings.commonMain.cvr	35
com.xiaoji.egggame.features.game	string	features_game_a11y_pc_engine	PC引擎	UEPlvJXmk44=	com.xiaoji.egggame.features.game/values-zh-rCN/strings.commonMain.cvr	36
com.xiaoji.egggame.features.game	string	features_game_a11y_previous	上一个	5LiK5LiA5Liq	com.xiaoji.egggame.features.game/values-zh-rCN/strings.commonMain.cvr	37
com.xiaoji.egggame.features.game	string	features_game_a11y_screenshot	截图	5oiq5Zu+	com.xiaoji.egggame.features.game/values-zh-rCN/strings.commonMain.cvr	38
com.xiaoji.egggame.features.game	string	features_game_a11y_seekbar_thumb	进度条滑块	6L+b5bqm5p2h5ruR5Z2X	com.xiaoji.egggame.features.game/values-zh-rCN/strings.commonMain.cvr	39
com.xiaoji.egggame.features.game	string	features_game_a11y_selected	已选中	5bey6YCJ5Lit	com.xiaoji.egggame.features.game/values-zh-rCN/strings.commonMain.cvr	40
com.xiaoji.egggame.features.game	string	features_game_a11y_share	分享	5YiG5Lqr	com.xiaoji.egggame.features.game/values-zh-rCN/strings.commonMain.cvr	41
com.xiaoji.egggame.features.game	string	features_game_add_to_desktop	添加到桌面	5re75Yqg5Yiw5qGM6Z2i	com.xiaoji.egggame.features.game/values-zh-rCN/strings.commonMain.cvr	42
com.xiaoji.egggame.features.game	string	features_game_age_rating	年龄评级	5bm06b6E6K+E57qn	com.xiaoji.egggame.features.game/values-zh-rCN/strings.commonMain.cvr	43
com.xiaoji.egggame.features.game	string	features_game_available_space	本地可用空间: %1$s	5pys5Zyw5Y+v55So56m66Ze0OiAlMSRz	com.xiaoji.egggame.features.game/values-zh-rCN/strings.commonMain.cvr	44
com.xiaoji.egggame.features.game	string	features_game_branch_add	添加	5re75Yqg	com.xiaoji.egggame.features.game/values-zh-rCN/strings.commonMain.cvr	45
com.xiaoji.egggame.features.game	string	features_game_branch_blocked_steam_library_unavailable	暂时无法读取 Steam 库，请重试。	5pqC5pe25peg5rOV6K+75Y+WIFN0ZWFtIOW6k++8jOivt+mHjeivleOAgg==	com.xiaoji.egggame.features.game/values-zh-rCN/strings.commonMain.cvr	46
com.xiaoji.egggame.features.game	string	features_game_branch_enter_name_and_password	请输入分支名和密码	6K+36L6T5YWl5YiG5pSv5ZCN5ZKM5a+G56CB	com.xiaoji.egggame.features.game/values-zh-rCN/strings.commonMain.cvr	47
com.xiaoji.egggame.features.game	string	features_game_branch_enter_private_code	输入私有访问码	6L6T5YWl56eB5pyJ6K6/6Zeu56CB	com.xiaoji.egggame.features.game/values-zh-rCN/strings.commonMain.cvr	48
com.xiaoji.egggame.features.game	string	features_game_branch_label	Steam 分支	U3RlYW0g5YiG5pSv	com.xiaoji.egggame.features.game/values-zh-rCN/strings.commonMain.cvr	49
com.xiaoji.egggame.features.game	string	features_game_branch_load_error_fallback	加载失败	5Yqg6L295aSx6LSl	com.xiaoji.egggame.features.game/values-zh-rCN/strings.commonMain.cvr	50
com.xiaoji.egggame.features.game	string	features_game_branch_load_failed	加载分支信息失败	5Yqg6L295YiG5pSv5L+h5oGv5aSx6LSl	com.xiaoji.egggame.features.game/values-zh-rCN/strings.commonMain.cvr	51
com.xiaoji.egggame.features.game	string	features_game_branch_name_placeholder	分支名	5YiG5pSv5ZCN	com.xiaoji.egggame.features.game/values-zh-rCN/strings.commonMain.cvr	52
com.xiaoji.egggame.features.game	string	features_game_branch_password_placeholder	访问密码	6K6/6Zeu5a+G56CB	com.xiaoji.egggame.features.game/values-zh-rCN/strings.commonMain.cvr	53
com.xiaoji.egggame.features.game	string	features_game_branch_retry	重试	6YeN6K+V	com.xiaoji.egggame.features.game/values-zh-rCN/strings.commonMain.cvr	54
com.xiaoji.egggame.features.game	string	features_game_branch_selected_value	%1$s >	JTEkcyA+	com.xiaoji.egggame.features.game/values-zh-rCN/strings.commonMain.cvr	55
com.xiaoji.egggame.features.game	string	features_game_branch_selection_title	选择 Steam 分支	6YCJ5oupIFN0ZWFtIOWIhuaUrw==	com.xiaoji.egggame.features.game/values-zh-rCN/strings.commonMain.cvr	56
com.xiaoji.egggame.features.game	string	features_game_branch_switching_to	开始切换到分支：%1$s	5byA5aeL5YiH5o2i5Yiw5YiG5pSv77yaJTEkcw==	com.xiaoji.egggame.features.game/values-zh-rCN/strings.commonMain.cvr	57
com.xiaoji.egggame.features.game	string	features_game_branch_tag_current	当前	5b2T5YmN	com.xiaoji.egggame.features.game/values-zh-rCN/strings.commonMain.cvr	58
com.xiaoji.egggame.features.game	string	features_game_branch_tag_default	默认	6buY6K6k	com.xiaoji.egggame.features.game/values-zh-rCN/strings.commonMain.cvr	59
com.xiaoji.egggame.features.game	string	features_game_branch_unlock_failed	访问码无效：%1$s	6K6/6Zeu56CB5peg5pWI77yaJTEkcw==	com.xiaoji.egggame.features.game/values-zh-rCN/strings.commonMain.cvr	60
com.xiaoji.egggame.features.game	string	features_game_cancel	取消	5Y+W5raI	com.xiaoji.egggame.features.game/values-zh-rCN/strings.commonMain.cvr	61
com.xiaoji.egggame.features.game	string	features_game_change_install_location	更改	5pu05pS5	com.xiaoji.egggame.features.game/values-zh-rCN/strings.commonMain.cvr	62
com.xiaoji.egggame.features.game	string	features_game_cloud_launch_option_fallback	启动方式 %1$d	5ZCv5Yqo5pa55byPICUxJGQ=	com.xiaoji.egggame.features.game/values-zh-rCN/strings.commonMain.cvr	63
com.xiaoji.egggame.features.game	string	features_game_cloud_refund_banner_action	去领取	5Y676aKG5Y+W	com.xiaoji.egggame.features.game/values-zh-rCN/strings.commonMain.cvr	64
com.xiaoji.egggame.features.game	string	features_game_cloud_refund_banner_subtitle	领取可增加秒玩永久时长	6aKG5Y+W5Y+v5aKe5Yqg56eS546p5rC45LmF5pe26ZW/	com.xiaoji.egggame.features.game/values-zh-rCN/strings.commonMain.cvr	65
com.xiaoji.egggame.features.game	string	features_game_cloud_refund_banner_title	云游戏平台：存档异常补偿待领取	5LqR5ri45oiP5bmz5Y+w77ya5a2Y5qGj5byC5bi46KGl5YG/5b6F6aKG5Y+W	com.xiaoji.egggame.features.game/values-zh-rCN/strings.commonMain.cvr	66
com.xiaoji.egggame.features.game	string	features_game_cloud_save_conflict_note	注意：必须选择一个存档来继续游戏	5rOo5oSP77ya5b+F6aG76YCJ5oup5LiA5Liq5a2Y5qGj5p2l57un57ut5ri45oiP	com.xiaoji.egggame.features.game/values-zh-rCN/strings.commonMain.cvr	67
com.xiaoji.egggame.features.game	string	features_game_cloud_save_conflict_title	云存档冲突	5LqR5a2Y5qGj5Yay56qB	com.xiaoji.egggame.features.game/values-zh-rCN/strings.commonMain.cvr	68
com.xiaoji.egggame.features.game	string	features_game_cloud_save_conflict	冲突	5Yay56qB	com.xiaoji.egggame.features.game/values-zh-rCN/strings.commonMain.cvr	69
com.xiaoji.egggame.features.game	string	features_game_cloud_save_dialog_confirm_desc	用 Steam 云端存档覆盖当前本地存档。	55SoIFN0ZWFtIOS6keerr+WtmOaho+imhuebluW9k+WJjeacrOWcsOWtmOaho+OAgg==	com.xiaoji.egggame.features.game/values-zh-rCN/strings.commonMain.cvr	70
com.xiaoji.egggame.features.game	string	features_game_cloud_save_dialog_confirm_title	下载 Steam 云存档	5LiL6L29IFN0ZWFtIOS6keWtmOahow==	com.xiaoji.egggame.features.game/values-zh-rCN/strings.commonMain.cvr	71
com.xiaoji.egggame.features.game	string	features_game_cloud_save_dialog_loading_desc	请停留在当前页面，等待操作完成。	6K+35YGc55WZ5Zyo5b2T5YmN6aG16Z2i77yM562J5b6F5pON5L2c5a6M5oiQ44CC	com.xiaoji.egggame.features.game/values-zh-rCN/strings.commonMain.cvr	72
com.xiaoji.egggame.features.game	string	features_game_cloud_save_dialog_loading_title	正在同步云存档...	5q2j5Zyo5ZCM5q2l5LqR5a2Y5qGjLi4u	com.xiaoji.egggame.features.game/values-zh-rCN/strings.commonMain.cvr	73
com.xiaoji.egggame.features.game	string	features_game_cloud_save_dialog_upload_desc	用当前本地存档覆盖 Steam 云端存档。	55So5b2T5YmN5pys5Zyw5a2Y5qGj6KaG55uWIFN0ZWFtIOS6keerr+WtmOaho+OAgg==	com.xiaoji.egggame.features.game/values-zh-rCN/strings.commonMain.cvr	74
com.xiaoji.egggame.features.game	string	features_game_cloud_save_dialog_upload_title	上传本地存档到 Steam	5LiK5Lyg5pys5Zyw5a2Y5qGj5YiwIFN0ZWFt	com.xiaoji.egggame.features.game/values-zh-rCN/strings.commonMain.cvr	75
com.xiaoji.egggame.features.game	string	features_game_cloud_save_download_confirm_desc	这会覆盖当前本地存档，是否继续？	6L+Z5Lya6KaG55uW5b2T5YmN5pys5Zyw5a2Y5qGj77yM5piv5ZCm57un57ut77yf	com.xiaoji.egggame.features.game/values-zh-rCN/strings.commonMain.cvr	76
com.xiaoji.egggame.features.game	string	features_game_cloud_save_download_confirm_title	下载云存档？	5LiL6L295LqR5a2Y5qGj77yf	com.xiaoji.egggame.features.game/values-zh-rCN/strings.commonMain.cvr	77
com.xiaoji.egggame.features.game	string	features_game_cloud_save_download_failed	云存档下载失败	5LqR5a2Y5qGj5LiL6L295aSx6LSl	com.xiaoji.egggame.features.game/values-zh-rCN/strings.commonMain.cvr	78
com.xiaoji.egggame.features.game	string	features_game_cloud_save_download_success	云存档下载成功	5LqR5a2Y5qGj5LiL6L295oiQ5Yqf	com.xiaoji.egggame.features.game/values-zh-rCN/strings.commonMain.cvr	79
com.xiaoji.egggame.features.game	string	features_game_cloud_save_downloading	正在下载云存档...	5q2j5Zyo5LiL6L295LqR5a2Y5qGjLi4u	com.xiaoji.egggame.features.game/values-zh-rCN/strings.commonMain.cvr	80
com.xiaoji.egggame.features.game	string	features_game_cloud_save_sync_failed_desc	如果现在开始游戏，可能无法获取之前的存档进度，并可能永久丢失进度。	5aaC5p6c546w5Zyo5byA5aeL5ri45oiP77yM5Y+v6IO95peg5rOV6I635Y+W5LmL5YmN55qE5a2Y5qGj6L+b5bqm77yM5bm25Y+v6IO95rC45LmF5Lii5aSx6L+b5bqm44CC	com.xiaoji.egggame.features.game/values-zh-rCN/strings.commonMain.cvr	81
com.xiaoji.egggame.features.game	string	features_game_cloud_save_sync_failed_title	云存档同步失败	5LqR5a2Y5qGj5ZCM5q2l5aSx6LSl	com.xiaoji.egggame.features.game/values-zh-rCN/strings.commonMain.cvr	82
com.xiaoji.egggame.features.game	string	features_game_cloud_save_synced	已同步	5bey5ZCM5q2l	com.xiaoji.egggame.features.game/values-zh-rCN/strings.commonMain.cvr	83
com.xiaoji.egggame.features.game	string	features_game_cloud_save_syncing	同步中	5ZCM5q2l5Lit	com.xiaoji.egggame.features.game/values-zh-rCN/strings.commonMain.cvr	84
com.xiaoji.egggame.features.game	string	features_game_cloud_save_time_format	%1$d年%2$d月%3$d日 %4$d时:%5$d分	JTEkZOW5tCUyJGTmnIglMyRk5pelICU0JGTml7Y6JTUkZOWIhg==	com.xiaoji.egggame.features.game/values-zh-rCN/strings.commonMain.cvr	85
com.xiaoji.egggame.features.game	string	features_game_cloud_save_time_unknown	未知时间	5pyq55+l5pe26Ze0	com.xiaoji.egggame.features.game/values-zh-rCN/strings.commonMain.cvr	86
com.xiaoji.egggame.features.game	string	features_game_cloud_save_title	云端存档	5LqR56uv5a2Y5qGj	com.xiaoji.egggame.features.game/values-zh-rCN/strings.commonMain.cvr	87
com.xiaoji.egggame.features.game	string	features_game_cloud_save_unavailable	当前游戏暂不可使用云存档	5b2T5YmN5ri45oiP5pqC5LiN5Y+v5L2/55So5LqR5a2Y5qGj	com.xiaoji.egggame.features.game/values-zh-rCN/strings.commonMain.cvr	88
com.xiaoji.egggame.features.game	string	features_game_cloud_save_uninitialized	未初始化	5pyq5Yid5aeL5YyW	com.xiaoji.egggame.features.game/values-zh-rCN/strings.commonMain.cvr	89
com.xiaoji.egggame.features.game	string	features_game_cloud_save_unsynced	未同步	5pyq5ZCM5q2l	com.xiaoji.egggame.features.game/values-zh-rCN/strings.commonMain.cvr	90
com.xiaoji.egggame.features.game	string	features_game_cloud_save_updated_at	更新于 %1$s	5pu05paw5LqOICUxJHM=	com.xiaoji.egggame.features.game/values-zh-rCN/strings.commonMain.cvr	91
com.xiaoji.egggame.features.game	string	features_game_cloud_save_upload_confirm_desc	这会覆盖 Steam 云端存档，是否继续？	6L+Z5Lya6KaG55uWIFN0ZWFtIOS6keerr+WtmOaho++8jOaYr+WQpue7p+e7re+8nw==	com.xiaoji.egggame.features.game/values-zh-rCN/strings.commonMain.cvr	92
com.xiaoji.egggame.features.game	string	features_game_cloud_save_upload_confirm_title	上传本地存档？	5LiK5Lyg5pys5Zyw5a2Y5qGj77yf	com.xiaoji.egggame.features.game/values-zh-rCN/strings.commonMain.cvr	93
com.xiaoji.egggame.features.game	string	features_game_cloud_save_upload_failed	云存档上传失败	5LqR5a2Y5qGj5LiK5Lyg5aSx6LSl	com.xiaoji.egggame.features.game/values-zh-rCN/strings.commonMain.cvr	94
com.xiaoji.egggame.features.game	string	features_game_cloud_save_upload_success	云存档上传成功	5LqR5a2Y5qGj5LiK5Lyg5oiQ5Yqf	com.xiaoji.egggame.features.game/values-zh-rCN/strings.commonMain.cvr	95
com.xiaoji.egggame.features.game	string	features_game_cloud_save_uploading	正在上传云存档...	5q2j5Zyo5LiK5Lyg5LqR5a2Y5qGjLi4u	com.xiaoji.egggame.features.game/values-zh-rCN/strings.commonMain.cvr	96
com.xiaoji.egggame.features.game	string	features_game_cloud_save	云存档	5LqR5a2Y5qGj	com.xiaoji.egggame.features.game/values-zh-rCN/strings.commonMain.cvr	97
com.xiaoji.egggame.features.game	string	features_game_compat_app_version_label	APP: %1$s	QVBQOiAlMSRz	com.xiaoji.egggame.features.game/values-zh-rCN/strings.commonMain.cvr	98
com.xiaoji.egggame.features.game	string	features_game_compat_cpu_label	CPU：%1$s	Q1BV77yaJTEkcw==	com.xiaoji.egggame.features.game/values-zh-rCN/strings.commonMain.cvr	99
com.xiaoji.egggame.features.game	string	features_game_compat_delete_confirm_message	确定要删除该评价吗？	56Gu5a6a6KaB5Yig6Zmk6K+l6K+E5Lu35ZCX77yf	com.xiaoji.egggame.features.game/values-zh-rCN/strings.commonMain.cvr	100
com.xiaoji.egggame.features.game	string	features_game_compat_hint_like	点赞	54K56LWe	com.xiaoji.egggame.features.game/values-zh-rCN/strings.commonMain.cvr	101
com.xiaoji.egggame.features.game	string	features_game_compat_hint_more	更多	5pu05aSa	com.xiaoji.egggame.features.game/values-zh-rCN/strings.commonMain.cvr	102
com.xiaoji.egggame.features.game	string	features_game_compat_menu_delete	删除评论	5Yig6Zmk6K+E6K66	com.xiaoji.egggame.features.game/values-zh-rCN/strings.commonMain.cvr	103
com.xiaoji.egggame.features.game	string	features_game_compat_menu_report	举报内容	5Li+5oql5YaF5a65	com.xiaoji.egggame.features.game/values-zh-rCN/strings.commonMain.cvr	104
com.xiaoji.egggame.features.game	string	features_game_compat_official	官方	5a6Y5pa5	com.xiaoji.egggame.features.game/values-zh-rCN/strings.commonMain.cvr	105
com.xiaoji.egggame.features.game	string	features_game_compat_pinned	置顶	572u6aG2	com.xiaoji.egggame.features.game/values-zh-rCN/strings.commonMain.cvr	106
com.xiaoji.egggame.features.game	string	features_game_compat_play_time_required	游戏时长需大于30分钟才能提交评价	5ri45oiP5pe26ZW/6ZyA5aSn5LqOMzDliIbpkp/miY3og73mj5DkuqTor4Tku7c=	com.xiaoji.egggame.features.game/values-zh-rCN/strings.commonMain.cvr	107
com.xiaoji.egggame.features.game	string	features_game_compat_player_ratings	%1$s 玩家评价	JTEkcyDnjqnlrrbor4Tku7c=	com.xiaoji.egggame.features.game/values-zh-rCN/strings.commonMain.cvr	108
com.xiaoji.egggame.features.game	string	features_game_compat_ram_label	运行内存: %1$s	6L+Q6KGM5YaF5a2YOiAlMSRz	com.xiaoji.egggame.features.game/values-zh-rCN/strings.commonMain.cvr	109
com.xiaoji.egggame.features.game	string	features_game_compat_rate_btn	我要评价	5oiR6KaB6K+E5Lu3	com.xiaoji.egggame.features.game/values-zh-rCN/strings.commonMain.cvr	110
com.xiaoji.egggame.features.game	string	features_game_compat_read_more	全文	5YWo5paH	com.xiaoji.egggame.features.game/values-zh-rCN/strings.commonMain.cvr	111
com.xiaoji.egggame.features.game	string	features_game_compat_report_already_reported	您已举报过该评价	5oKo5bey5Li+5oql6L+H6K+l6K+E5Lu3	com.xiaoji.egggame.features.game/values-zh-rCN/strings.commonMain.cvr	112
com.xiaoji.egggame.features.game	string	features_game_compat_report_btn	提交举报	5o+Q5Lqk5Li+5oql	com.xiaoji.egggame.features.game/values-zh-rCN/strings.commonMain.cvr	113
com.xiaoji.egggame.features.game	string	features_game_compat_report_content_section	被举报内容	6KKr5Li+5oql5YaF5a65	com.xiaoji.egggame.features.game/values-zh-rCN/strings.commonMain.cvr	114
com.xiaoji.egggame.features.game	string	features_game_compat_report_reason_required	请选择举报原因	6K+36YCJ5oup5Li+5oql5Y6f5Zug	com.xiaoji.egggame.features.game/values-zh-rCN/strings.commonMain.cvr	115
com.xiaoji.egggame.features.game	string	features_game_compat_report_reason_section	选择原因	6YCJ5oup5Y6f5Zug	com.xiaoji.egggame.features.game/values-zh-rCN/strings.commonMain.cvr	116
com.xiaoji.egggame.features.game	string	features_game_compat_report_success	举报已提交，感谢反馈	5Li+5oql5bey5o+Q5Lqk77yM5oSf6LCi5Y+N6aaI	com.xiaoji.egggame.features.game/values-zh-rCN/strings.commonMain.cvr	117
com.xiaoji.egggame.features.game	string	features_game_compat_report_title	更多菜单	5pu05aSa6I+c5Y2V	com.xiaoji.egggame.features.game/values-zh-rCN/strings.commonMain.cvr	118
com.xiaoji.egggame.features.game	string	features_game_compat_submit_btn	提交评价	5o+Q5Lqk6K+E5Lu3	com.xiaoji.egggame.features.game/values-zh-rCN/strings.commonMain.cvr	119
com.xiaoji.egggame.features.game	string	features_game_compat_submit_desc_optional	（选填）	77yI6YCJ5aGr77yJ	com.xiaoji.egggame.features.game/values-zh-rCN/strings.commonMain.cvr	120
com.xiaoji.egggame.features.game	string	features_game_compat_submit_desc_placeholder	详细描述遇到的问题或体验	6K+m57uG5o+P6L+w6YGH5Yiw55qE6Zeu6aKY5oiW5L2T6aqM	com.xiaoji.egggame.features.game/values-zh-rCN/strings.commonMain.cvr	121
com.xiaoji.egggame.features.game	string	features_game_compat_submit_desc_section	补充说明	6KGl5YWF6K+05piO	com.xiaoji.egggame.features.game/values-zh-rCN/strings.commonMain.cvr	122
com.xiaoji.egggame.features.game	string	features_game_compat_submit_device_section	设备信息	6K6+5aSH5L+h5oGv	com.xiaoji.egggame.features.game/values-zh-rCN/strings.commonMain.cvr	123
com.xiaoji.egggame.features.game	string	features_game_compat_submit_image_hint	最多可上传9张配图	5pyA5aSa5Y+v5LiK5LygOeW8oOmFjeWbvg==	com.xiaoji.egggame.features.game/values-zh-rCN/strings.commonMain.cvr	124
com.xiaoji.egggame.features.game	string	features_game_compat_submit_image_moderation_failed	您的图片包含违规内容，请更换后重试	5oKo55qE5Zu+54mH5YyF5ZCr6L+d6KeE5YaF5a6577yM6K+35pu05o2i5ZCO6YeN6K+V	com.xiaoji.egggame.features.game/values-zh-rCN/strings.commonMain.cvr	125
com.xiaoji.egggame.features.game	string	features_game_compat_submit_image_upload_failed	图片上传失败，请重试	5Zu+54mH5LiK5Lyg5aSx6LSl77yM6K+36YeN6K+V	com.xiaoji.egggame.features.game/values-zh-rCN/strings.commonMain.cvr	126
com.xiaoji.egggame.features.game	string	features_game_compat_submit_star_required	请选择星级评分	6K+36YCJ5oup5pif57qn6K+E5YiG	com.xiaoji.egggame.features.game/values-zh-rCN/strings.commonMain.cvr	127
com.xiaoji.egggame.features.game	string	features_game_compat_submit_success	评价提交成功	6K+E5Lu35o+Q5Lqk5oiQ5Yqf	com.xiaoji.egggame.features.game/values-zh-rCN/strings.commonMain.cvr	128
com.xiaoji.egggame.features.game	string	features_game_compat_submit_tag_required	请至少选择一个类型标签	6K+36Iez5bCR6YCJ5oup5LiA5Liq57G75Z6L5qCH562+	com.xiaoji.egggame.features.game/values-zh-rCN/strings.commonMain.cvr	129
com.xiaoji.egggame.features.game	string	features_game_compat_submit_text_moderation_failed	您的文字内容包含违规信息，请修改后重试	5oKo55qE5paH5a2X5YaF5a655YyF5ZCr6L+d6KeE5L+h5oGv77yM6K+35L+u5pS55ZCO6YeN6K+V	com.xiaoji.egggame.features.game/values-zh-rCN/strings.commonMain.cvr	130
com.xiaoji.egggame.features.game	string	features_game_compat_submit_title	评价	6K+E5Lu3	com.xiaoji.egggame.features.game/values-zh-rCN/strings.commonMain.cvr	131
com.xiaoji.egggame.features.game	string	features_game_compat_submit_type_section	类型	57G75Z6L	com.xiaoji.egggame.features.game/values-zh-rCN/strings.commonMain.cvr	132
com.xiaoji.egggame.features.game	string	features_game_compat_tab_all	全部	5YWo6YOo	com.xiaoji.egggame.features.game/values-zh-rCN/strings.commonMain.cvr	133
com.xiaoji.egggame.features.game	string	features_game_compat_tab_mine	我的	5oiR55qE	com.xiaoji.egggame.features.game/values-zh-rCN/strings.commonMain.cvr	134
com.xiaoji.egggame.features.game	string	features_game_compat_tab_most_supported	支持最多	5pSv5oyB5pyA5aSa	com.xiaoji.egggame.features.game/values-zh-rCN/strings.commonMain.cvr	135
com.xiaoji.egggame.features.game	string	features_game_compat_tab_same_config	同配置	5ZCM6YWN572u	com.xiaoji.egggame.features.game/values-zh-rCN/strings.commonMain.cvr	136
com.xiaoji.egggame.features.game	string	features_game_compat_time_days_ago	%1$d天前	JTEkZOWkqeWJjQ==	com.xiaoji.egggame.features.game/values-zh-rCN/strings.commonMain.cvr	137
com.xiaoji.egggame.features.game	string	features_game_compat_time_hours_ago	%1$d小时前	JTEkZOWwj+aXtuWJjQ==	com.xiaoji.egggame.features.game/values-zh-rCN/strings.commonMain.cvr	138
com.xiaoji.egggame.features.game	string	features_game_compat_time_just_now	刚刚	5Yia5Yia	com.xiaoji.egggame.features.game/values-zh-rCN/strings.commonMain.cvr	139
com.xiaoji.egggame.features.game	string	features_game_compat_time_minutes_ago	%1$d分钟前	JTEkZOWIhumSn+WJjQ==	com.xiaoji.egggame.features.game/values-zh-rCN/strings.commonMain.cvr	140
com.xiaoji.egggame.features.game	string	features_game_compatibility_rating	兼容性评价	5YW85a655oCn6K+E5Lu3	com.xiaoji.egggame.features.game/values-zh-rCN/strings.commonMain.cvr	141
com.xiaoji.egggame.features.game	string	features_game_confirm	确认	56Gu6K6k	com.xiaoji.egggame.features.game/values-zh-rCN/strings.commonMain.cvr	142
com.xiaoji.egggame.features.game	string	features_game_default_install_location	默认	6buY6K6k	com.xiaoji.egggame.features.game/values-zh-rCN/strings.commonMain.cvr	143
com.xiaoji.egggame.features.game	string	features_game_detail_cloud_save	云存档	5LqR5a2Y5qGj	com.xiaoji.egggame.features.game/values-zh-rCN/strings.commonMain.cvr	144
com.xiaoji.egggame.features.game	string	features_game_detail_compatibility_rating	兼容性评价	5YW85a655oCn6K+E5Lu3	com.xiaoji.egggame.features.game/values-zh-rCN/strings.commonMain.cvr	145
com.xiaoji.egggame.features.game	string	features_game_detail_play_time	游戏时长	5ri45oiP5pe26ZW/	com.xiaoji.egggame.features.game/values-zh-rCN/strings.commonMain.cvr	146
com.xiaoji.egggame.features.game	string	features_game_detail_player_rating	玩家评分	546p5a626K+E5YiG	com.xiaoji.egggame.features.game/values-zh-rCN/strings.commonMain.cvr	147
com.xiaoji.egggame.features.game	string	features_game_detail_remove_tips	是否移出游戏库	5piv5ZCm56e75Ye65ri45oiP5bqT	com.xiaoji.egggame.features.game/values-zh-rCN/strings.commonMain.cvr	148
com.xiaoji.egggame.features.game	string	features_game_detail_verifying_files	校验文件	5qCh6aqM5paH5Lu2	com.xiaoji.egggame.features.game/values-zh-rCN/strings.commonMain.cvr	149
com.xiaoji.egggame.features.game	string	features_game_detail_video_gallery	视频图集	6KeG6aKR5Zu+6ZuG	com.xiaoji.egggame.features.game/values-zh-rCN/strings.commonMain.cvr	150
com.xiaoji.egggame.features.game	string	features_game_developer	开发商	5byA5Y+R5ZWG	com.xiaoji.egggame.features.game/values-zh-rCN/strings.commonMain.cvr	151
com.xiaoji.egggame.features.game	string	features_game_dlc_apply_failed	DLC 更新失败	RExDIOabtOaWsOWksei0pQ==	com.xiaoji.egggame.features.game/values-zh-rCN/strings.commonMain.cvr	152
com.xiaoji.egggame.features.game	string	features_game_dlc_empty	暂无已拥有 DLC	5pqC5peg5bey5oul5pyJIERMQw==	com.xiaoji.egggame.features.game/values-zh-rCN/strings.commonMain.cvr	153
com.xiaoji.egggame.features.game	string	features_game_download_confirm_action	安装	5a6J6KOF	com.xiaoji.egggame.features.game/values-zh-rCN/strings.commonMain.cvr	154
com.xiaoji.egggame.features.game	string	features_game_download_confirm_title	安装游戏	5a6J6KOF5ri45oiP	com.xiaoji.egggame.features.game/values-zh-rCN/strings.commonMain.cvr	155
com.xiaoji.egggame.features.game	string	features_game_download_depot_add	添加 Depot	5re75YqgIERlcG90	com.xiaoji.egggame.features.game/values-zh-rCN/strings.commonMain.cvr	156
com.xiaoji.egggame.features.game	string	features_game_download_depot_depot_id	Depot ID	RGVwb3QgSUQ=	com.xiaoji.egggame.features.game/values-zh-rCN/strings.commonMain.cvr	157
com.xiaoji.egggame.features.game	string	features_game_download_depot_duplicate	Depot ID 重复	RGVwb3QgSUQg6YeN5aSN	com.xiaoji.egggame.features.game/values-zh-rCN/strings.commonMain.cvr	158
com.xiaoji.egggame.features.game	string	features_game_download_depot_empty	未选择 Depot	5pyq6YCJ5oupIERlcG90	com.xiaoji.egggame.features.game/values-zh-rCN/strings.commonMain.cvr	159
com.xiaoji.egggame.features.game	string	features_game_download_depot_invalid_app	Depot App ID 无效	RGVwb3QgQXBwIElEIOaXoOaViA==	com.xiaoji.egggame.features.game/values-zh-rCN/strings.commonMain.cvr	160
com.xiaoji.egggame.features.game	string	features_game_download_depot_invalid_depot	Depot ID 无效	RGVwb3QgSUQg5peg5pWI	com.xiaoji.egggame.features.game/values-zh-rCN/strings.commonMain.cvr	161
com.xiaoji.egggame.features.game	string	features_game_download_depot_invalid_manifest	Manifest ID 无效	TWFuaWZlc3QgSUQg5peg5pWI	com.xiaoji.egggame.features.game/values-zh-rCN/strings.commonMain.cvr	162
com.xiaoji.egggame.features.game	string	features_game_download_depot_manifest_id	Manifest ID	TWFuaWZlc3QgSUQ=	com.xiaoji.egggame.features.game/values-zh-rCN/strings.commonMain.cvr	163
com.xiaoji.egggame.features.game	string	features_game_download_depot_reset	重置 Depot 计划	6YeN572uIERlcG90IOiuoeWIkg==	com.xiaoji.egggame.features.game/values-zh-rCN/strings.commonMain.cvr	164
com.xiaoji.egggame.features.game	string	features_game_download_depot_title	高级	6auY57qn	com.xiaoji.egggame.features.game/values-zh-rCN/strings.commonMain.cvr	165
com.xiaoji.egggame.features.game	string	features_game_download_dlc_title	DLC	RExD	com.xiaoji.egggame.features.game/values-zh-rCN/strings.commonMain.cvr	166
com.xiaoji.egggame.features.game	string	features_game_download_play_free_trial	首次免费%1$d分钟	6aaW5qyh5YWN6LS5JTEkZOWIhumSnw==	com.xiaoji.egggame.features.game/values-zh-rCN/strings.commonMain.cvr	167
com.xiaoji.egggame.features.game	string	features_game_download_play_network_checking	正在检测网络环境…	5q2j5Zyo5qOA5rWL572R57uc546v5aKD4oCm	com.xiaoji.egggame.features.game/values-zh-rCN/strings.commonMain.cvr	168
com.xiaoji.egggame.features.game	string	features_game_download_play_network_offline	当前网络不可用，请连接网络后再试	5b2T5YmN572R57uc5LiN5Y+v55So77yM6K+36L+e5o6l572R57uc5ZCO5YaN6K+V	com.xiaoji.egggame.features.game/values-zh-rCN/strings.commonMain.cvr	169
com.xiaoji.egggame.features.game	string	features_game_download_play_network_poor	当前网络延迟较高，边玩边下可能出现卡顿	5b2T5YmN572R57uc5bu26L+f6L6D6auY77yM6L65546p6L655LiL5Y+v6IO95Ye6546w5Y2h6aG/	com.xiaoji.egggame.features.game/values-zh-rCN/strings.commonMain.cvr	170
com.xiaoji.egggame.features.game	string	features_game_download_play_network_unknown	暂时无法确认网络质量，建议使用稳定网络	5pqC5pe25peg5rOV56Gu6K6k572R57uc6LSo6YeP77yM5bu66K6u5L2/55So56iz5a6a572R57uc	com.xiaoji.egggame.features.game/values-zh-rCN/strings.commonMain.cvr	171
com.xiaoji.egggame.features.game	string	features_game_download_play_subtitle	安装同时通过云游戏先行体验	5a6J6KOF5ZCM5pe26YCa6L+H5LqR5ri45oiP5YWI6KGM5L2T6aqM	com.xiaoji.egggame.features.game/values-zh-rCN/strings.commonMain.cvr	172
com.xiaoji.egggame.features.game	string	features_game_download_play_tip_network	需较好网络环境，下载速度可能略有降低	6ZyA6L6D5aW9572R57uc546v5aKD77yM5LiL6L296YCf5bqm5Y+v6IO955Wl5pyJ6ZmN5L2O	com.xiaoji.egggame.features.game/values-zh-rCN/strings.commonMain.cvr	173
com.xiaoji.egggame.features.game	string	features_game_download_play_tip_save_sync	存档可同步，切换本地后接续进度	5a2Y5qGj5Y+v5ZCM5q2l77yM5YiH5o2i5pys5Zyw5ZCO5o6l57ut6L+b5bqm	com.xiaoji.egggame.features.game/values-zh-rCN/strings.commonMain.cvr	174
com.xiaoji.egggame.features.game	string	features_game_download_play_tip_save	该游戏暂不支持存档同步，存档需从头开始	6K+l5ri45oiP5pqC5LiN5pSv5oyB5a2Y5qGj5ZCM5q2l77yM5a2Y5qGj6ZyA5LuO5aS05byA5aeL	com.xiaoji.egggame.features.game/values-zh-rCN/strings.commonMain.cvr	175
com.xiaoji.egggame.features.game	string	features_game_download_play_title	边玩边下	6L65546p6L655LiL	com.xiaoji.egggame.features.game/values-zh-rCN/strings.commonMain.cvr	176
com.xiaoji.egggame.features.game	string	features_game_download_start_tips_confirm	我知道了	5oiR55+l6YGT5LqG	com.xiaoji.egggame.features.game/values-zh-rCN/strings.commonMain.cvr	177
com.xiaoji.egggame.features.game	string	features_game_download_start_tips_do_not_show_again	不再提示	5LiN5YaN5o+Q56S6	com.xiaoji.egggame.features.game/values-zh-rCN/strings.commonMain.cvr	178
com.xiaoji.egggame.features.game	string	features_game_download_start_tips_message	为确保下载和解压顺利进行，请保持屏幕常亮并避免切换到后台	5Li656Gu5L+d5LiL6L295ZKM6Kej5Y6L6aG65Yip6L+b6KGM77yM6K+35L+d5oyB5bGP5bmV5bi45Lqu5bm26YG/5YWN5YiH5o2i5Yiw5ZCO5Y+w	com.xiaoji.egggame.features.game/values-zh-rCN/strings.commonMain.cvr	179
com.xiaoji.egggame.features.game	string	features_game_download_start_tips_mobile_data_message	移动网络下载中(%1$s),请注意流量消耗\n下载期间请保持屏幕常亮且应用在前台	56e75Yqo572R57uc5LiL6L295LitKCUxJHMpLOivt+azqOaEj+a1gemHj+a2iOiAlwrkuIvovb3mnJ/pl7Tor7fkv53mjIHlsY/luZXluLjkuq7kuJTlupTnlKjlnKjliY3lj7A=	com.xiaoji.egggame.features.game/values-zh-rCN/strings.commonMain.cvr	180
com.xiaoji.egggame.features.game	string	features_game_epic_login_title	Epic 登录	RXBpYyDnmbvlvZU=	com.xiaoji.egggame.features.game/values-zh-rCN/strings.commonMain.cvr	181
com.xiaoji.egggame.features.game	string	features_game_epic_store_url_unavailable	暂无该游戏的 Epic 商店页面	5pqC5peg6K+l5ri45oiP55qEIEVwaWMg5ZWG5bqX6aG16Z2i	com.xiaoji.egggame.features.game/values-zh-rCN/strings.commonMain.cvr	182
com.xiaoji.egggame.features.game	string	features_game_fetching	获取中...	6I635Y+W5LitLi4u	com.xiaoji.egggame.features.game/values-zh-rCN/strings.commonMain.cvr	183
com.xiaoji.egggame.features.game	string	features_game_game_intro	游戏介绍	5ri45oiP5LuL57uN	com.xiaoji.egggame.features.game/values-zh-rCN/strings.commonMain.cvr	184
com.xiaoji.egggame.features.game	string	features_game_get_game	获取游戏	6I635Y+W5ri45oiP	com.xiaoji.egggame.features.game/values-zh-rCN/strings.commonMain.cvr	185
com.xiaoji.egggame.features.game	string	features_game_google_play_unsupported	谷歌不支持该功能	6LC35q2M5LiN5pSv5oyB6K+l5Yqf6IO9	com.xiaoji.egggame.features.game/values-zh-rCN/strings.commonMain.cvr	186
com.xiaoji.egggame.features.game	string	features_game_image_text_guide	更多内容	5pu05aSa5YaF5a65	com.xiaoji.egggame.features.game/values-zh-rCN/strings.commonMain.cvr	187
com.xiaoji.egggame.features.game	string	features_game_install_location	安装位置	5a6J6KOF5L2N572u	com.xiaoji.egggame.features.game/values-zh-rCN/strings.commonMain.cvr	188
com.xiaoji.egggame.features.game	string	features_game_install_only	仅安装	5LuF5a6J6KOF	com.xiaoji.egggame.features.game/values-zh-rCN/strings.commonMain.cvr	189
com.xiaoji.egggame.features.game	string	features_game_install_size	安装大小：	5a6J6KOF5aSn5bCP77ya	com.xiaoji.egggame.features.game/values-zh-rCN/strings.commonMain.cvr	190
com.xiaoji.egggame.features.game	string	features_game_instant_play_settings	秒玩设置	56eS546p6K6+572u	com.xiaoji.egggame.features.game/values-zh-rCN/strings.commonMain.cvr	191
com.xiaoji.egggame.features.game	string	features_game_instant_play	秒玩	56eS546p	com.xiaoji.egggame.features.game/values-zh-rCN/strings.commonMain.cvr	192
com.xiaoji.egggame.features.game	string	features_game_invalid_steam_app_id	无效的Steam AppId	5peg5pWI55qEU3RlYW0gQXBwSWQ=	com.xiaoji.egggame.features.game/values-zh-rCN/strings.commonMain.cvr	193
com.xiaoji.egggame.features.game	string	features_game_join_game	加入游戏	5Yqg5YWl5ri45oiP	com.xiaoji.egggame.features.game/values-zh-rCN/strings.commonMain.cvr	194
com.xiaoji.egggame.features.game	string	features_game_join_lobby	加入组队	5Yqg5YWl57uE6Zif	com.xiaoji.egggame.features.game/values-zh-rCN/strings.commonMain.cvr	195
com.xiaoji.egggame.features.game	string	features_game_language	语言	6K+t6KiA	com.xiaoji.egggame.features.game/values-zh-rCN/strings.commonMain.cvr	196
com.xiaoji.egggame.features.game	string	features_game_launch_option_confirm	立即游戏	56uL5Y2z5ri45oiP	com.xiaoji.egggame.features.game/values-zh-rCN/strings.commonMain.cvr	197
com.xiaoji.egggame.features.game	string	features_game_launch_option_remember_note	始终使用此选项 (可在"设置-steam-启动选项"中修改)	5aeL57uI5L2/55So5q2k6YCJ6aG5ICjlj6/lnKgi6K6+572uLXN0ZWFtLeWQr+WKqOmAiemhuSLkuK3kv67mlLkp	com.xiaoji.egggame.features.game/values-zh-rCN/strings.commonMain.cvr	198
com.xiaoji.egggame.features.game	string	features_game_launch_options_title	启动选项	5ZCv5Yqo6YCJ6aG5	com.xiaoji.egggame.features.game/values-zh-rCN/strings.commonMain.cvr	199
com.xiaoji.egggame.features.game	string	features_game_local_save_title	本地存档	5pys5Zyw5a2Y5qGj	com.xiaoji.egggame.features.game/values-zh-rCN/strings.commonMain.cvr	200
com.xiaoji.egggame.features.game	string	features_game_mod_operation_failed	操作失败，点击重试	5pON5L2c5aSx6LSl77yM54K55Ye76YeN6K+V	com.xiaoji.egggame.features.game/values-zh-rCN/strings.commonMain.cvr	201
com.xiaoji.egggame.features.game	string	features_game_mods	MOD	TU9E	com.xiaoji.egggame.features.game/values-zh-rCN/strings.commonMain.cvr	202
com.xiaoji.egggame.features.game	string	features_game_more_menu_keymap_layout	按键与布局	5oyJ6ZSu5LiO5biD5bGA	com.xiaoji.egggame.features.game/values-zh-rCN/strings.commonMain.cvr	203
com.xiaoji.egggame.features.game	string	features_game_online_update	在线更新	5Zyo57q/5pu05paw	com.xiaoji.egggame.features.game/values-zh-rCN/strings.commonMain.cvr	204
com.xiaoji.egggame.features.game	string	features_game_pc_engine_app_update_unavailable	暂未获取到可升级的应用版本	5pqC5pyq6I635Y+W5Yiw5Y+v5Y2H57qn55qE5bqU55So54mI5pys	com.xiaoji.egggame.features.game/values-zh-rCN/strings.commonMain.cvr	205
com.xiaoji.egggame.features.game	string	features_game_pc_engine_compat_update_cancel	暂不升级	5pqC5LiN5Y2H57qn	com.xiaoji.egggame.features.game/values-zh-rCN/strings.commonMain.cvr	206
com.xiaoji.egggame.features.game	string	features_game_pc_engine_compat_update_confirm	前往升级	5YmN5b6A5Y2H57qn	com.xiaoji.egggame.features.game/values-zh-rCN/strings.commonMain.cvr	207
com.xiaoji.egggame.features.game	string	features_game_pc_engine_compat_update_do_not_remind	当前版本不再提示	5b2T5YmN54mI5pys5LiN5YaN5o+Q56S6	com.xiaoji.egggame.features.game/values-zh-rCN/strings.commonMain.cvr	208
com.xiaoji.egggame.features.game	string	features_game_pc_engine_compat_update_message	新版本已优化游戏兼容性与运行流畅度，建议升级以获得更好的体验	5paw54mI5pys5bey5LyY5YyW5ri45oiP5YW85a655oCn5LiO6L+Q6KGM5rWB55WF5bqm77yM5bu66K6u5Y2H57qn5Lul6I635b6X5pu05aW955qE5L2T6aqM	com.xiaoji.egggame.features.game/values-zh-rCN/strings.commonMain.cvr	209
com.xiaoji.egggame.features.game	string	features_game_pc_engine_compat_update_title	发现兼容性新版本	5Y+R546w5YW85a655oCn5paw54mI5pys	com.xiaoji.egggame.features.game/values-zh-rCN/strings.commonMain.cvr	210
com.xiaoji.egggame.features.game	string	features_game_pc_engine_short	PC引擎	UEPlvJXmk44=	com.xiaoji.egggame.features.game/values-zh-rCN/strings.commonMain.cvr	211
com.xiaoji.egggame.features.game	string	features_game_pc_engine	PC游戏引擎	UEPmuLjmiI/lvJXmk44=	com.xiaoji.egggame.features.game/values-zh-rCN/strings.commonMain.cvr	212
com.xiaoji.egggame.features.game	string	features_game_platform_switch_title	切换平台	5YiH5o2i5bmz5Y+w	com.xiaoji.egggame.features.game/values-zh-rCN/strings.commonMain.cvr	213
com.xiaoji.egggame.features.game	string	features_game_play_time_cloud	秒玩时长	56eS546p5pe26ZW/	com.xiaoji.egggame.features.game/values-zh-rCN/strings.commonMain.cvr	214
com.xiaoji.egggame.features.game	string	features_game_play_time_empty	暂无	5pqC5peg	com.xiaoji.egggame.features.game/values-zh-rCN/strings.commonMain.cvr	215
com.xiaoji.egggame.features.game	string	features_game_play_time_hours	%1$s小时	JTEkc+Wwj+aXtg==	com.xiaoji.egggame.features.game/values-zh-rCN/strings.commonMain.cvr	216
com.xiaoji.egggame.features.game	string	features_game_play_time_loading	加载中..	5Yqg6L295LitLi4=	com.xiaoji.egggame.features.game/values-zh-rCN/strings.commonMain.cvr	217
com.xiaoji.egggame.features.game	string	features_game_play_time_minutes	%1$s分钟	JTEkc+WIhumSnw==	com.xiaoji.egggame.features.game/values-zh-rCN/strings.commonMain.cvr	218
com.xiaoji.egggame.features.game	string	features_game_play_time_pc	游玩时长	5ri4546p5pe26ZW/	com.xiaoji.egggame.features.game/values-zh-rCN/strings.commonMain.cvr	219
com.xiaoji.egggame.features.game	string	features_game_play_while_download_claim_success	领取成功，免费时长已到账	6aKG5Y+W5oiQ5Yqf77yM5YWN6LS55pe26ZW/5bey5Yiw6LSm	com.xiaoji.egggame.features.game/values-zh-rCN/strings.commonMain.cvr	220
com.xiaoji.egggame.features.game	string	features_game_play_while_download_prompt	安装等待中，先玩点别的?	5a6J6KOF562J5b6F5Lit77yM5YWI546p54K55Yir55qEPw==	com.xiaoji.egggame.features.game/values-zh-rCN/strings.commonMain.cvr	221
com.xiaoji.egggame.features.game	string	features_game_play_while_downloading_guest_desc	使用其他玩家分享的版本进入游戏，无需登录 Steam，存档使用云游戏的云存档	5L2/55So5YW25LuW546p5a625YiG5Lqr55qE54mI5pys6L+b5YWl5ri45oiP77yM5peg6ZyA55m75b2VIFN0ZWFt77yM5a2Y5qGj5L2/55So5LqR5ri45oiP55qE5LqR5a2Y5qGj	com.xiaoji.egggame.features.game/values-zh-rCN/strings.commonMain.cvr	222
com.xiaoji.egggame.features.game	string	features_game_play_while_downloading_guest_title	免账号启动	5YWN6LSm5Y+35ZCv5Yqo	com.xiaoji.egggame.features.game/values-zh-rCN/strings.commonMain.cvr	223
com.xiaoji.egggame.features.game	string	features_game_play_while_downloading_launch_selection_title	请选择启动方式	6K+36YCJ5oup5ZCv5Yqo5pa55byP	com.xiaoji.egggame.features.game/values-zh-rCN/strings.commonMain.cvr	224
com.xiaoji.egggame.features.game	string	features_game_play_while_downloading_steam_desc	使用自己的 Steam 账号登录，需已购买该游戏，存档使用「Steam 云存档」	5L2/55So6Ieq5bex55qEIFN0ZWFtIOi0puWPt+eZu+W9le+8jOmcgOW3sui0reS5sOivpea4uOaIj++8jOWtmOaho+S9v+eUqOOAjFN0ZWFtIOS6keWtmOaho+OAjQ==	com.xiaoji.egggame.features.game/values-zh-rCN/strings.commonMain.cvr	225
com.xiaoji.egggame.features.game	string	features_game_play_while_downloading_steam_title	Steam账号启动	U3RlYW3otKblj7flkK/liqg=	com.xiaoji.egggame.features.game/values-zh-rCN/strings.commonMain.cvr	226
com.xiaoji.egggame.features.game	string	features_game_price_after_discount	折后	5oqY5ZCO	com.xiaoji.egggame.features.game/values-zh-rCN/strings.commonMain.cvr	227
com.xiaoji.egggame.features.game	string	features_game_price_special_offer	特惠	54m55oOg	com.xiaoji.egggame.features.game/values-zh-rCN/strings.commonMain.cvr	228
com.xiaoji.egggame.features.game	string	features_game_purchase_not_supported	该游戏暂不支持购买	6K+l5ri45oiP5pqC5LiN5pSv5oyB6LSt5Lmw	com.xiaoji.egggame.features.game/values-zh-rCN/strings.commonMain.cvr	229
com.xiaoji.egggame.features.game	string	features_game_recommended_action_downloading_percent	%1$d%	JTEkZCU=	com.xiaoji.egggame.features.game/values-zh-rCN/strings.commonMain.cvr	230
com.xiaoji.egggame.features.game	string	features_game_recommended_action_download	下载	5LiL6L29	com.xiaoji.egggame.features.game/values-zh-rCN/strings.commonMain.cvr	231
com.xiaoji.egggame.features.game	string	features_game_recommended_action_free	免费	5YWN6LS5	com.xiaoji.egggame.features.game/values-zh-rCN/strings.commonMain.cvr	232
com.xiaoji.egggame.features.game	string	features_game_recommended_action_instant	秒玩	56eS546p	com.xiaoji.egggame.features.game/values-zh-rCN/strings.commonMain.cvr	233
com.xiaoji.egggame.features.game	string	features_game_recommended_action_launch	启动	5ZCv5Yqo	com.xiaoji.egggame.features.game/values-zh-rCN/strings.commonMain.cvr	234
com.xiaoji.egggame.features.game	string	features_game_recommended_action_no_resource	无资源	5peg6LWE5rqQ	com.xiaoji.egggame.features.game/values-zh-rCN/strings.commonMain.cvr	235
com.xiaoji.egggame.features.game	string	features_game_recommended_action_resume	继续	57un57ut	com.xiaoji.egggame.features.game/values-zh-rCN/strings.commonMain.cvr	236
com.xiaoji.egggame.features.game	string	features_game_recommended_cloud_desc	无需下载，点开即玩	5peg6ZyA5LiL6L2977yM54K55byA5Y2z546p	com.xiaoji.egggame.features.game/values-zh-rCN/strings.commonMain.cvr	237
com.xiaoji.egggame.features.game	string	features_game_recommended_cloud_title	云游戏	5LqR5ri45oiP	com.xiaoji.egggame.features.game/values-zh-rCN/strings.commonMain.cvr	238
com.xiaoji.egggame.features.game	string	features_game_recommended_download_fail	下载失败	5LiL6L295aSx6LSl	com.xiaoji.egggame.features.game/values-zh-rCN/strings.commonMain.cvr	239
com.xiaoji.egggame.features.game	string	features_game_recommended_download_url_empty	下载链接为空	5LiL6L296ZO+5o6l5Li656m6	com.xiaoji.egggame.features.game/values-zh-rCN/strings.commonMain.cvr	240
com.xiaoji.egggame.features.game	string	features_game_recommended_mock_subtitle	射击·多人竞技	5bCE5Ye7wrflpJrkurrnq57mioA=	com.xiaoji.egggame.features.game/values-zh-rCN/strings.commonMain.cvr	241
com.xiaoji.egggame.features.game	string	features_game_recommended_more	查看更多	5p+l55yL5pu05aSa	com.xiaoji.egggame.features.game/values-zh-rCN/strings.commonMain.cvr	242
com.xiaoji.egggame.features.game	string	features_game_recommended_pause_fail	暂停失败	5pqC5YGc5aSx6LSl	com.xiaoji.egggame.features.game/values-zh-rCN/strings.commonMain.cvr	243
com.xiaoji.egggame.features.game	string	features_game_recommended_resume_fail	继续失败	57un57ut5aSx6LSl	com.xiaoji.egggame.features.game/values-zh-rCN/strings.commonMain.cvr	244
com.xiaoji.egggame.features.game	string	features_game_recommended_retro_desc	需下载游戏包，无限时畅玩	6ZyA5LiL6L295ri45oiP5YyF77yM5peg6ZmQ5pe255WF546p	com.xiaoji.egggame.features.game/values-zh-rCN/strings.commonMain.cvr	245
com.xiaoji.egggame.features.game	string	features_game_recommended_retro_title	复古游戏	5aSN5Y+k5ri45oiP	com.xiaoji.egggame.features.game/values-zh-rCN/strings.commonMain.cvr	246
com.xiaoji.egggame.features.game	string	features_game_recommended_title	推荐游戏	5o6o6I2Q5ri45oiP	com.xiaoji.egggame.features.game/values-zh-rCN/strings.commonMain.cvr	247
com.xiaoji.egggame.features.game	string	features_game_release_date	发行日期	5Y+R6KGM5pel5pyf	com.xiaoji.egggame.features.game/values-zh-rCN/strings.commonMain.cvr	248
com.xiaoji.egggame.features.game	string	features_game_remaining_space_unavailable	剩余 不可用	5Ymp5L2ZIOS4jeWPr+eUqA==	com.xiaoji.egggame.features.game/values-zh-rCN/strings.commonMain.cvr	249
com.xiaoji.egggame.features.game	string	features_game_remaining_space	剩余 %1$s	5Ymp5L2ZICUxJHM=	com.xiaoji.egggame.features.game/values-zh-rCN/strings.commonMain.cvr	250
com.xiaoji.egggame.features.game	string	features_game_remember_selection	记住此选项	6K6w5L2P5q2k6YCJ6aG5	com.xiaoji.egggame.features.game/values-zh-rCN/strings.commonMain.cvr	251
com.xiaoji.egggame.features.game	string	features_game_removed_from_library	%1$s已移除游戏库	JTEkc+W3suenu+mZpOa4uOaIj+W6kw==	com.xiaoji.egggame.features.game/values-zh-rCN/strings.commonMain.cvr	252
com.xiaoji.egggame.features.game	string	features_game_reserve_cancel	已取消预约	5bey5Y+W5raI6aKE57qm	com.xiaoji.egggame.features.game/values-zh-rCN/strings.commonMain.cvr	253
com.xiaoji.egggame.features.game	string	features_game_reserve_toast	预约成功，游戏上线后会通知你	6aKE57qm5oiQ5Yqf77yM5ri45oiP5LiK57q/5ZCO5Lya6YCa55+l5L2g	com.xiaoji.egggame.features.game/values-zh-rCN/strings.commonMain.cvr	254
com.xiaoji.egggame.features.game	string	features_game_reserved	已预约	5bey6aKE57qm	com.xiaoji.egggame.features.game/values-zh-rCN/strings.commonMain.cvr	255
com.xiaoji.egggame.features.game	string	features_game_reserve	预约	6aKE57qm	com.xiaoji.egggame.features.game/values-zh-rCN/strings.commonMain.cvr	256
com.xiaoji.egggame.features.game	string	features_game_review_score_label	玩家评价	546p5a626K+E5Lu3	com.xiaoji.egggame.features.game/values-zh-rCN/strings.commonMain.cvr	257
com.xiaoji.egggame.features.game	string	features_game_select_install_folder	选择文件夹	6YCJ5oup5paH5Lu25aS5	com.xiaoji.egggame.features.game/values-zh-rCN/strings.commonMain.cvr	258
com.xiaoji.egggame.features.game	string	features_game_size_computing	游戏大小计算中...	5ri45oiP5aSn5bCP6K6h566X5LitLi4u	com.xiaoji.egggame.features.game/values-zh-rCN/strings.commonMain.cvr	259
com.xiaoji.egggame.features.game	string	features_game_steam_achievements_hidden	隐藏成就	6ZqQ6JeP5oiQ5bCx	com.xiaoji.egggame.features.game/values-zh-rCN/strings.commonMain.cvr	260
com.xiaoji.egggame.features.game	string	features_game_steam_achievements_loading	加载中	5Yqg6L295Lit	com.xiaoji.egggame.features.game/values-zh-rCN/strings.commonMain.cvr	261
com.xiaoji.egggame.features.game	string	features_game_steam_achievements_view_all	查看全部	5p+l55yL5YWo6YOo	com.xiaoji.egggame.features.game/values-zh-rCN/strings.commonMain.cvr	262
com.xiaoji.egggame.features.game	string	features_game_steam_achievements	Steam成就	U3RlYW3miJDlsLE=	com.xiaoji.egggame.features.game/values-zh-rCN/strings.commonMain.cvr	263
com.xiaoji.egggame.features.game	string	features_game_steam_library_adding	游戏正在加入Steam库中	5ri45oiP5q2j5Zyo5Yqg5YWlU3RlYW3lupPkuK0=	com.xiaoji.egggame.features.game/values-zh-rCN/strings.commonMain.cvr	264
com.xiaoji.egggame.features.game	string	features_game_steam_store_open_failed	无法打开 Steam 商店	5peg5rOV5omT5byAIFN0ZWFtIOWVhuW6lw==	com.xiaoji.egggame.features.game/values-zh-rCN/strings.commonMain.cvr	265
com.xiaoji.egggame.features.game	string	features_game_steam_store_url_unavailable	Steam 商店链接不可用	U3RlYW0g5ZWG5bqX6ZO+5o6l5LiN5Y+v55So	com.xiaoji.egggame.features.game/values-zh-rCN/strings.commonMain.cvr	266
com.xiaoji.egggame.features.game	string	features_game_submit_failed_prefix	提交失败: %1$s	5o+Q5Lqk5aSx6LSlOiAlMSRz	com.xiaoji.egggame.features.game/values-zh-rCN/strings.commonMain.cvr	267
com.xiaoji.egggame.features.game	string	features_game_submit_feedback_title	提交反馈	5o+Q5Lqk5Y+N6aaI	com.xiaoji.egggame.features.game/values-zh-rCN/strings.commonMain.cvr	268
com.xiaoji.egggame.features.game	string	features_game_submit_success	提交成功	5o+Q5Lqk5oiQ5Yqf	com.xiaoji.egggame.features.game/values-zh-rCN/strings.commonMain.cvr	269
com.xiaoji.egggame.features.game	string	features_game_switch_failed	切换失败	5YiH5o2i5aSx6LSl	com.xiaoji.egggame.features.game/values-zh-rCN/strings.commonMain.cvr	270
com.xiaoji.egggame.features.game	string	features_game_switch_success	切换成功	5YiH5o2i5oiQ5Yqf	com.xiaoji.egggame.features.game/values-zh-rCN/strings.commonMain.cvr	271
com.xiaoji.egggame.features.game	string	features_game_tab_gallery	图集	5Zu+6ZuG	com.xiaoji.egggame.features.game/values-zh-rCN/strings.commonMain.cvr	272
com.xiaoji.egggame.features.game	string	features_game_tab_video	视频	6KeG6aKR	com.xiaoji.egggame.features.game/values-zh-rCN/strings.commonMain.cvr	273
com.xiaoji.egggame.features.game	string	features_game_uninstall_custom_location_delete_message	将从您的游戏库中移除并卸载。当前游戏位于自定义安装位置，默认会删除该位置下的游戏文件及本地配置。	5bCG5LuO5oKo55qE5ri45oiP5bqT5Lit56e76Zmk5bm25Y246L2944CC5b2T5YmN5ri45oiP5L2N5LqO6Ieq5a6a5LmJ5a6J6KOF5L2N572u77yM6buY6K6k5Lya5Yig6Zmk6K+l5L2N572u5LiL55qE5ri45oiP5paH5Lu25Y+K5pys5Zyw6YWN572u44CC	com.xiaoji.egggame.features.game/values-zh-rCN/strings.commonMain.cvr	274
com.xiaoji.egggame.features.game	string	features_game_uninstall_custom_location_keep_message	将从您的游戏库中移除并清除本地配置，当前安装位置下的游戏文件会保留。	5bCG5LuO5oKo55qE5ri45oiP5bqT5Lit56e76Zmk5bm25riF6Zmk5pys5Zyw6YWN572u77yM5b2T5YmN5a6J6KOF5L2N572u5LiL55qE5ri45oiP5paH5Lu25Lya5L+d55WZ44CC	com.xiaoji.egggame.features.game/values-zh-rCN/strings.commonMain.cvr	275
com.xiaoji.egggame.features.game	string	features_game_uninstall_keep_files	保留游戏文件	5L+d55WZ5ri45oiP5paH5Lu2	com.xiaoji.egggame.features.game/values-zh-rCN/strings.commonMain.cvr	276
com.xiaoji.egggame.features.game	string	features_game_uninstall_message	将从您的游戏库中移除并卸载，游戏文件及本地配置会被删除。是否继续？	5bCG5LuO5oKo55qE5ri45oiP5bqT5Lit56e76Zmk5bm25Y246L2977yM5ri45oiP5paH5Lu25Y+K5pys5Zyw6YWN572u5Lya6KKr5Yig6Zmk44CC5piv5ZCm57un57ut77yf	com.xiaoji.egggame.features.game/values-zh-rCN/strings.commonMain.cvr	277
com.xiaoji.egggame.features.game	string	features_game_uninstall_success	%1$s已卸载	JTEkc+W3suWNuOi9vQ==	com.xiaoji.egggame.features.game/values-zh-rCN/strings.commonMain.cvr	278
com.xiaoji.egggame.features.game	string	features_game_uninstall	PC游戏卸载	UEPmuLjmiI/ljbjovb0=	com.xiaoji.egggame.features.game/values-zh-rCN/strings.commonMain.cvr	279
com.xiaoji.egggame.features.game	string	features_game_unknown	未知	5pyq55+l	com.xiaoji.egggame.features.game/values-zh-rCN/strings.commonMain.cvr	280
com.xiaoji.egggame.features.game	string	features_game_unzip_completed	解压完成	6Kej5Y6L5a6M5oiQ	com.xiaoji.egggame.features.game/values-zh-rCN/strings.commonMain.cvr	281
com.xiaoji.egggame.features.game	string	features_game_unzip_failed	解压失败	6Kej5Y6L5aSx6LSl	com.xiaoji.egggame.features.game/values-zh-rCN/strings.commonMain.cvr	282
com.xiaoji.egggame.features.game	string	features_game_unzip_not_enough_space	空间不足	56m66Ze05LiN6Laz	com.xiaoji.egggame.features.game/values-zh-rCN/strings.commonMain.cvr	283
com.xiaoji.egggame.features.game	string	features_game_unzipping	解压中	6Kej5Y6L5Lit	com.xiaoji.egggame.features.game/values-zh-rCN/strings.commonMain.cvr	284
com.xiaoji.egggame.features.game	string	features_game_update_dialog_btn_cancel	暂不更新	5pqC5LiN5pu05paw	com.xiaoji.egggame.features.game/values-zh-rCN/strings.commonMain.cvr	285
com.xiaoji.egggame.features.game	string	features_game_update_dialog_btn_confirm	立即更新	56uL5Y2z5pu05paw	com.xiaoji.egggame.features.game/values-zh-rCN/strings.commonMain.cvr	286
com.xiaoji.egggame.features.game	string	features_game_update_dialog_description	检测该游戏有新版本，更新可获得更佳体验。是否立即更新？	5qOA5rWL6K+l5ri45oiP5pyJ5paw54mI5pys77yM5pu05paw5Y+v6I635b6X5pu05L2z5L2T6aqM44CC5piv5ZCm56uL5Y2z5pu05paw77yf	com.xiaoji.egggame.features.game/values-zh-rCN/strings.commonMain.cvr	287
com.xiaoji.egggame.features.game	string	features_game_update_dialog_title	发现游戏更新包	5Y+R546w5ri45oiP5pu05paw5YyF	com.xiaoji.egggame.features.game/values-zh-rCN/strings.commonMain.cvr	288
com.xiaoji.egggame.features.game	string	features_game_version_switch_busy	正在下载/安装中，不能切换版本	5q2j5Zyo5LiL6L29L+WuieijheS4re+8jOS4jeiDveWIh+aNoueJiOacrA==	com.xiaoji.egggame.features.game/values-zh-rCN/strings.commonMain.cvr	289
com.xiaoji.egggame.features.game	string	features_game_version_switch_demo	Demo版	RGVtb+eJiA==	com.xiaoji.egggame.features.game/values-zh-rCN/strings.commonMain.cvr	290
com.xiaoji.egggame.features.game	string	features_game_version_switch_history_versions	Steam游戏分支	U3RlYW3muLjmiI/liIbmlK8=	com.xiaoji.egggame.features.game/values-zh-rCN/strings.commonMain.cvr	291
com.xiaoji.egggame.features.game	string	features_game_version_switch_release	Steam正式版	U3RlYW3mraPlvI/niYg=	com.xiaoji.egggame.features.game/values-zh-rCN/strings.commonMain.cvr	292
com.xiaoji.egggame.features.game	string	features_game_version_switch	版本切换	54mI5pys5YiH5o2i	com.xiaoji.egggame.features.game/values-zh-rCN/strings.commonMain.cvr	293
com.xiaoji.egggame.features.game	string	features_game_workshop_change_log	更新记录	5pu05paw6K6w5b2V	com.xiaoji.egggame.features.game/values-zh-rCN/strings.commonMain.cvr	294
com.xiaoji.egggame.features.game	string	features_game_workshop_content_updated	内容已更新	5YaF5a655bey5pu05paw	com.xiaoji.egggame.features.game/values-zh-rCN/strings.commonMain.cvr	295
com.xiaoji.egggame.features.game	string	features_game_workshop_detail_title	创意工坊详情	5Yib5oSP5bel5Z2K6K+m5oOF	com.xiaoji.egggame.features.game/values-zh-rCN/strings.commonMain.cvr	296
com.xiaoji.egggame.features.game	string	features_game_workshop_dislike	踩	6Lip	com.xiaoji.egggame.features.game/values-zh-rCN/strings.commonMain.cvr	297
com.xiaoji.egggame.features.game	string	features_game_workshop_empty_search	没有找到相关内容	5rKh5pyJ5om+5Yiw55u45YWz5YaF5a65	com.xiaoji.egggame.features.game/values-zh-rCN/strings.commonMain.cvr	298
com.xiaoji.egggame.features.game	string	features_game_workshop_empty_subscribed	还没有订阅任何创意工坊内容	6L+Y5rKh5pyJ6K6i6ZiF5Lu75L2V5Yib5oSP5bel5Z2K5YaF5a65	com.xiaoji.egggame.features.game/values-zh-rCN/strings.commonMain.cvr	299
com.xiaoji.egggame.features.game	string	features_game_workshop_empty	暂无创意工坊内容	5pqC5peg5Yib5oSP5bel5Z2K5YaF5a65	com.xiaoji.egggame.features.game/values-zh-rCN/strings.commonMain.cvr	300
com.xiaoji.egggame.features.game	string	features_game_workshop_invalid_app_id	无效的 Steam AppId	5peg5pWI55qEIFN0ZWFtIEFwcElk	com.xiaoji.egggame.features.game/values-zh-rCN/strings.commonMain.cvr	301
com.xiaoji.egggame.features.game	string	features_game_workshop_like	赞	6LWe	com.xiaoji.egggame.features.game/values-zh-rCN/strings.commonMain.cvr	302
com.xiaoji.egggame.features.game	string	features_game_workshop_load_detail_failed	加载创意工坊详情失败	5Yqg6L295Yib5oSP5bel5Z2K6K+m5oOF5aSx6LSl	com.xiaoji.egggame.features.game/values-zh-rCN/strings.commonMain.cvr	303
com.xiaoji.egggame.features.game	string	features_game_workshop_load_failed	加载创意工坊失败	5Yqg6L295Yib5oSP5bel5Z2K5aSx6LSl	com.xiaoji.egggame.features.game/values-zh-rCN/strings.commonMain.cvr	304
com.xiaoji.egggame.features.game	string	features_game_workshop_load_subscribed_failed	加载我的订阅失败	5Yqg6L295oiR55qE6K6i6ZiF5aSx6LSl	com.xiaoji.egggame.features.game/values-zh-rCN/strings.commonMain.cvr	305
com.xiaoji.egggame.features.game	string	features_game_workshop_loaded_all	已加载全部内容	5bey5Yqg6L295YWo6YOo5YaF5a65	com.xiaoji.egggame.features.game/values-zh-rCN/strings.commonMain.cvr	306
com.xiaoji.egggame.features.game	string	features_game_workshop_meta_empty	暂无统计信息	5pqC5peg57uf6K6h5L+h5oGv	com.xiaoji.egggame.features.game/values-zh-rCN/strings.commonMain.cvr	307
com.xiaoji.egggame.features.game	string	features_game_workshop_meta_likes	%1$s 赞	JTEkcyDotZ4=	com.xiaoji.egggame.features.game/values-zh-rCN/strings.commonMain.cvr	308
com.xiaoji.egggame.features.game	string	features_game_workshop_meta_subscriptions	%1$s 订阅	JTEkcyDorqLpmIU=	com.xiaoji.egggame.features.game/values-zh-rCN/strings.commonMain.cvr	309
com.xiaoji.egggame.features.game	string	features_game_workshop_meta_views	%1$s 浏览	JTEkcyDmtY/op4g=	com.xiaoji.egggame.features.game/values-zh-rCN/strings.commonMain.cvr	310
com.xiaoji.egggame.features.game	string	features_game_workshop_no_description	暂无简介	5pqC5peg566A5LuL	com.xiaoji.egggame.features.game/values-zh-rCN/strings.commonMain.cvr	311
com.xiaoji.egggame.features.game	string	features_game_workshop_operation_failed	操作失败	5pON5L2c5aSx6LSl	com.xiaoji.egggame.features.game/values-zh-rCN/strings.commonMain.cvr	312
com.xiaoji.egggame.features.game	string	features_game_workshop_retry	重试	6YeN6K+V	com.xiaoji.egggame.features.game/values-zh-rCN/strings.commonMain.cvr	313
com.xiaoji.egggame.features.game	string	features_game_workshop_search_placeholder	搜索模组、地图、角色	5pCc57Si5qih57uE44CB5Zyw5Zu+44CB6KeS6Imy	com.xiaoji.egggame.features.game/values-zh-rCN/strings.commonMain.cvr	314
com.xiaoji.egggame.features.game	string	features_game_workshop_sort_most_subscribed	订阅最多	6K6i6ZiF5pyA5aSa	com.xiaoji.egggame.features.game/values-zh-rCN/strings.commonMain.cvr	315
com.xiaoji.egggame.features.game	string	features_game_workshop_sort_most_voted	评分最高	6K+E5YiG5pyA6auY	com.xiaoji.egggame.features.game/values-zh-rCN/strings.commonMain.cvr	316
com.xiaoji.egggame.features.game	string	features_game_workshop_sort_newest	最新	5pyA5paw	com.xiaoji.egggame.features.game/values-zh-rCN/strings.commonMain.cvr	317
com.xiaoji.egggame.features.game	string	features_game_workshop_sort_recently_updated	最近更新	5pyA6L+R5pu05paw	com.xiaoji.egggame.features.game/values-zh-rCN/strings.commonMain.cvr	318
com.xiaoji.egggame.features.game	string	features_game_workshop_sort_search	搜索	5pCc57Si	com.xiaoji.egggame.features.game/values-zh-rCN/strings.commonMain.cvr	319
com.xiaoji.egggame.features.game	string	features_game_workshop_sort_trend	热门	54Ot6Zeo	com.xiaoji.egggame.features.game/values-zh-rCN/strings.commonMain.cvr	320
com.xiaoji.egggame.features.game	string	features_game_workshop_subscribed_toast	已订阅	5bey6K6i6ZiF	com.xiaoji.egggame.features.game/values-zh-rCN/strings.commonMain.cvr	321
com.xiaoji.egggame.features.game	string	features_game_workshop_subscribed	已订阅	5bey6K6i6ZiF	com.xiaoji.egggame.features.game/values-zh-rCN/strings.commonMain.cvr	322
com.xiaoji.egggame.features.game	string	features_game_workshop_subscribe	订阅	6K6i6ZiF	com.xiaoji.egggame.features.game/values-zh-rCN/strings.commonMain.cvr	323
com.xiaoji.egggame.features.game	string	features_game_workshop_tab_browse	浏览	5rWP6KeI	com.xiaoji.egggame.features.game/values-zh-rCN/strings.commonMain.cvr	324
com.xiaoji.egggame.features.game	string	features_game_workshop_tab_subscribed	我的订阅	5oiR55qE6K6i6ZiF	com.xiaoji.egggame.features.game/values-zh-rCN/strings.commonMain.cvr	325
com.xiaoji.egggame.features.game	string	features_game_workshop_tags	标签	5qCH562+	com.xiaoji.egggame.features.game/values-zh-rCN/strings.commonMain.cvr	326
com.xiaoji.egggame.features.game	string	features_game_workshop_title_format	%1$s 创意工坊	JTEkcyDliJvmhI/lt6XlnYo=	com.xiaoji.egggame.features.game/values-zh-rCN/strings.commonMain.cvr	327
com.xiaoji.egggame.features.game	string	features_game_workshop_unknown_author	未知作者	5pyq55+l5L2c6ICF	com.xiaoji.egggame.features.game/values-zh-rCN/strings.commonMain.cvr	328
com.xiaoji.egggame.features.game	string	features_game_workshop_unsubscribed_toast	已取消订阅	5bey5Y+W5raI6K6i6ZiF	com.xiaoji.egggame.features.game/values-zh-rCN/strings.commonMain.cvr	329
com.xiaoji.egggame.features.game	string	features_game_workshop_unsubscribe	取消订阅	5Y+W5raI6K6i6ZiF	com.xiaoji.egggame.features.game/values-zh-rCN/strings.commonMain.cvr	330
com.xiaoji.egggame.features.game	string	features_game_workshop_untitled	未命名内容	5pyq5ZG95ZCN5YaF5a65	com.xiaoji.egggame.features.game/values-zh-rCN/strings.commonMain.cvr	331
com.xiaoji.egggame.features.game	string	features_game_workshop_vote_failed	评价失败	6K+E5Lu35aSx6LSl	com.xiaoji.egggame.features.game/values-zh-rCN/strings.commonMain.cvr	332
com.xiaoji.egggame.features.game	string	features_game_workshop_vote_success	已评价	5bey6K+E5Lu3	com.xiaoji.egggame.features.game/values-zh-rCN/strings.commonMain.cvr	333
com.xiaoji.egggame.features.game	string	features_game_workshop	创意工坊	5Yib5oSP5bel5Z2K	com.xiaoji.egggame.features.game/values-zh-rCN/strings.commonMain.cvr	334
com.xiaoji.egggame.features.gamepadconfig	string	features_gamepad_config_calibration_exit	完成并退出	5a6M5oiQ5bm26YCA5Ye6	com.xiaoji.egggame.features.gamepadconfig/values-zh-rCN/strings.commonMain.cvr	2
com.xiaoji.egggame.features.gamepadconfig	string	features_gamepad_config_calibration_finish	按 A 键完成并退出校准模式。	5oyJIEEg6ZSu5a6M5oiQ5bm26YCA5Ye65qCh5YeG5qih5byP44CC	com.xiaoji.egggame.features.gamepadconfig/values-zh-rCN/strings.commonMain.cvr	3
com.xiaoji.egggame.features.gamepadconfig	string	features_gamepad_config_calibration_note1	*校准时需保持匀速和轻按轻放操作,避免采集数据产生误差。	KuagoeWHhuaXtumcgOS/neaMgeWMgOmAn+WSjOi9u+aMiei9u+aUvuaTjeS9nCzpgb/lhY3ph4fpm4bmlbDmja7kuqfnlJ/or6/lt67jgII=	com.xiaoji.egggame.features.gamepadconfig/values-zh-rCN/strings.commonMain.cvr	4
com.xiaoji.egggame.features.gamepadconfig	string	features_gamepad_config_calibration_note2	*如手柄的摇杆能正常使用,请勿随意进行校准。	KuWmguaJi+afhOeahOaRh+adhuiDveato+W4uOS9v+eUqCzor7fli7/pmo/mhI/ov5vooYzmoKHlh4bjgII=	com.xiaoji.egggame.features.gamepadconfig/values-zh-rCN/strings.commonMain.cvr	5
com.xiaoji.egggame.features.gamepadconfig	string	features_gamepad_config_calibration_step1_g8	长按 View + Menu + Home 键5秒，Home 灯和 Mode 灯快闪，按 A 键进入校准模式。	6ZW/5oyJIFZpZXcgKyBNZW51ICsgSG9tZSDplK4156eS77yMSG9tZSDnga/lkowgTW9kZSDnga/lv6vpl6rvvIzmjIkgQSDplK7ov5vlhaXmoKHlh4bmqKHlvI/jgII=	com.xiaoji.egggame.features.gamepadconfig/values-zh-rCN/strings.commonMain.cvr	6
com.xiaoji.egggame.features.gamepadconfig	string	features_gamepad_config_calibration_step1	长按 View + Menu + Home 键5秒，Home 灯和 Mode 灯快闪，成功进入校准模式。	6ZW/5oyJIFZpZXcgKyBNZW51ICsgSG9tZSDplK4156eS77yMSG9tZSDnga/lkowgTW9kZSDnga/lv6vpl6rvvIzmiJDlip/ov5vlhaXmoKHlh4bmqKHlvI/jgII=	com.xiaoji.egggame.features.gamepadconfig/values-zh-rCN/strings.commonMain.cvr	7
com.xiaoji.egggame.features.gamepadconfig	string	features_gamepad_config_calibration_step2	*摇杆以最大角度旋转3圈后，让它自然回到初始位置	KuaRh+adhuS7peacgOWkp+inkuW6puaXi+i9rDPlnIjlkI7vvIzorqnlroPoh6rnhLblm57liLDliJ3lp4vkvY3nva4=	com.xiaoji.egggame.features.gamepadconfig/values-zh-rCN/strings.commonMain.cvr	8
com.xiaoji.egggame.features.gamepadconfig	string	features_gamepad_config_calibration_step3_trigger	*将扳机键按到底并松开，重复3次后，让它自然回到初始位置	KuWwhuaJs+acuumUruaMieWIsOW6leW5tuadvuW8gO+8jOmHjeWkjTPmrKHlkI7vvIzorqnlroPoh6rnhLblm57liLDliJ3lp4vkvY3nva4=	com.xiaoji.egggame.features.gamepadconfig/values-zh-rCN/strings.commonMain.cvr	9
com.xiaoji.egggame.features.gamepadconfig	string	features_gamepad_config_calibration_title_joystick_trigger	摇杆、扳机的校准	5pGH5p2G44CB5omz5py655qE5qCh5YeG	com.xiaoji.egggame.features.gamepadconfig/values-zh-rCN/strings.commonMain.cvr	10
com.xiaoji.egggame.features.gamepadconfig	string	features_gamepad_config_calibration_title_joystick	摇杆的校准	5pGH5p2G55qE5qCh5YeG	com.xiaoji.egggame.features.gamepadconfig/values-zh-rCN/strings.commonMain.cvr	11
com.xiaoji.egggame.features.gamepadconfig	string	features_gamepad_config_common_back	返回	6L+U5Zue	com.xiaoji.egggame.features.gamepadconfig/values-zh-rCN/strings.commonMain.cvr	12
com.xiaoji.egggame.features.gamepadconfig	string	features_gamepad_config_content_desc_close	关闭	5YWz6Zet	com.xiaoji.egggame.features.gamepadconfig/values-zh-rCN/strings.commonMain.cvr	13
com.xiaoji.egggame.features.gamepadconfig	string	features_gamepad_config_content_desc_lb	LB	TEI=	com.xiaoji.egggame.features.gamepadconfig/values-zh-rCN/strings.commonMain.cvr	14
com.xiaoji.egggame.features.gamepadconfig	string	features_gamepad_config_content_desc_rb	RB	UkI=	com.xiaoji.egggame.features.gamepadconfig/values-zh-rCN/strings.commonMain.cvr	15
com.xiaoji.egggame.features.gamepadconfig	string	features_gamepad_config_cooler_dialog_close	关闭	5YWz6Zet	com.xiaoji.egggame.features.gamepadconfig/values-zh-rCN/strings.commonMain.cvr	16
com.xiaoji.egggame.features.gamepadconfig	string	features_gamepad_config_cooler_dialog_extreme_cold	超频	6LaF6aKR	com.xiaoji.egggame.features.gamepadconfig/values-zh-rCN/strings.commonMain.cvr	17
com.xiaoji.egggame.features.gamepadconfig	string	features_gamepad_config_cooler_dialog_quiet	静音	6Z2Z6Z+z	com.xiaoji.egggame.features.gamepadconfig/values-zh-rCN/strings.commonMain.cvr	18
com.xiaoji.egggame.features.gamepadconfig	string	features_gamepad_config_cooler_dialog_temperature	温度 %1$d°	5rip5bqmICUxJGTCsA==	com.xiaoji.egggame.features.gamepadconfig/values-zh-rCN/strings.commonMain.cvr	19
com.xiaoji.egggame.features.gamepadconfig	string	features_gamepad_config_cooler_hint_low_power	当前电压过低，暂时无法开启该模式！请更换支持PD协议 9V=3A 的电源适配器	5b2T5YmN55S15Y6L6L+H5L2O77yM5pqC5pe25peg5rOV5byA5ZCv6K+l5qih5byP77yB6K+35pu05o2i5pSv5oyBUETljY/orq4gOVY9M0Eg55qE55S15rqQ6YCC6YWN5Zmo	com.xiaoji.egggame.features.gamepadconfig/values-zh-rCN/strings.commonMain.cvr	20
com.xiaoji.egggame.features.gamepadconfig	string	features_gamepad_config_cooler_hint_unpowered	请插入电源适配器	6K+35o+S5YWl55S15rqQ6YCC6YWN5Zmo	com.xiaoji.egggame.features.gamepadconfig/values-zh-rCN/strings.commonMain.cvr	21
com.xiaoji.egggame.features.gamepadconfig	string	features_gamepad_config_cooler_setting_playing_while_charging	边充边玩	6L655YWF6L65546p	com.xiaoji.egggame.features.gamepadconfig/values-zh-rCN/strings.commonMain.cvr	22
com.xiaoji.egggame.features.gamepadconfig	string	features_gamepad_config_cooler_setting_power_close	关闭	5YWz6Zet	com.xiaoji.egggame.features.gamepadconfig/values-zh-rCN/strings.commonMain.cvr	23
com.xiaoji.egggame.features.gamepadconfig	string	features_gamepad_config_cooler_setting_power_extreme_cold	极寒	5p6B5a+S	com.xiaoji.egggame.features.gamepadconfig/values-zh-rCN/strings.commonMain.cvr	24
com.xiaoji.egggame.features.gamepadconfig	string	features_gamepad_config_cooler_setting_power_mode	散热器调节	5pWj54Ot5Zmo6LCD6IqC	com.xiaoji.egggame.features.gamepadconfig/values-zh-rCN/strings.commonMain.cvr	25
com.xiaoji.egggame.features.gamepadconfig	string	features_gamepad_config_cooler_setting_power_quiet	静音	6Z2Z6Z+z	com.xiaoji.egggame.features.gamepadconfig/values-zh-rCN/strings.commonMain.cvr	26
com.xiaoji.egggame.features.gamepadconfig	string	features_gamepad_config_cooler_setting_title	散热器	5pWj54Ot5Zmo	com.xiaoji.egggame.features.gamepadconfig/values-zh-rCN/strings.commonMain.cvr	27
com.xiaoji.egggame.features.gamepadconfig	string	features_gamepad_config_function_setting_auto_on_off_on_dock_desc	手柄离座时，自动开机；手柄上座后，自动关机；底座需通电。	5omL5p+E56a75bqn5pe277yM6Ieq5Yqo5byA5py677yb5omL5p+E5LiK5bqn5ZCO77yM6Ieq5Yqo5YWz5py677yb5bqV5bqn6ZyA6YCa55S144CC	com.xiaoji.egggame.features.gamepadconfig/values-zh-rCN/strings.commonMain.cvr	28
com.xiaoji.egggame.features.gamepadconfig	string	features_gamepad_config_function_setting_auto_on_off_on_dock	自动启停	6Ieq5Yqo5ZCv5YGc	com.xiaoji.egggame.features.gamepadconfig/values-zh-rCN/strings.commonMain.cvr	29
com.xiaoji.egggame.features.gamepadconfig	string	features_gamepad_config_function_setting_gamepad_key	按键映射入口	5oyJ6ZSu5pig5bCE5YWl5Y+j	com.xiaoji.egggame.features.gamepadconfig/values-zh-rCN/strings.commonMain.cvr	30
com.xiaoji.egggame.features.gamepadconfig	string	features_gamepad_config_function_setting_gamepad_reset	恢复默认	5oGi5aSN6buY6K6k	com.xiaoji.egggame.features.gamepadconfig/values-zh-rCN/strings.commonMain.cvr	31
com.xiaoji.egggame.features.gamepadconfig	string	features_gamepad_config_function_setting_gamepad_test	手柄测试	5omL5p+E5rWL6K+V	com.xiaoji.egggame.features.gamepadconfig/values-zh-rCN/strings.commonMain.cvr	32
com.xiaoji.egggame.features.gamepadconfig	string	features_gamepad_config_function_setting_keyboard_mode	键盘模式	6ZSu55uY5qih5byP	com.xiaoji.egggame.features.gamepadconfig/values-zh-rCN/strings.commonMain.cvr	33
com.xiaoji.egggame.features.gamepadconfig	string	features_gamepad_config_function_setting_low_battery_display	低电量显示	5L2O55S16YeP5pi+56S6	com.xiaoji.egggame.features.gamepadconfig/values-zh-rCN/strings.commonMain.cvr	34
com.xiaoji.egggame.features.gamepadconfig	string	features_gamepad_config_function_setting_ota_update	固件升级	5Zu65Lu25Y2H57qn	com.xiaoji.egggame.features.gamepadconfig/values-zh-rCN/strings.commonMain.cvr	35
com.xiaoji.egggame.features.gamepadconfig	string	features_gamepad_config_function_setting_product_manual	产品说明书	5Lqn5ZOB6K+05piO5Lmm	com.xiaoji.egggame.features.gamepadconfig/values-zh-rCN/strings.commonMain.cvr	36
com.xiaoji.egggame.features.gamepadconfig	string	features_gamepad_config_function_setting_screen_ratio	屏幕比例	5bGP5bmV5q+U5L6L	com.xiaoji.egggame.features.gamepadconfig/values-zh-rCN/strings.commonMain.cvr	37
com.xiaoji.egggame.features.gamepadconfig	string	features_gamepad_config_function_setting_sleep_time_10_min	10 分钟	MTAg5YiG6ZKf	com.xiaoji.egggame.features.gamepadconfig/values-zh-rCN/strings.commonMain.cvr	38
com.xiaoji.egggame.features.gamepadconfig	string	features_gamepad_config_function_setting_sleep_time_15_min	15 分钟	MTUg5YiG6ZKf	com.xiaoji.egggame.features.gamepadconfig/values-zh-rCN/strings.commonMain.cvr	39
com.xiaoji.egggame.features.gamepadconfig	string	features_gamepad_config_function_setting_sleep_time_20_min	20 分钟	MjAg5YiG6ZKf	com.xiaoji.egggame.features.gamepadconfig/values-zh-rCN/strings.commonMain.cvr	40
com.xiaoji.egggame.features.gamepadconfig	string	features_gamepad_config_function_setting_sleep_time_5_min	5 分钟	NSDliIbpkp8=	com.xiaoji.egggame.features.gamepadconfig/values-zh-rCN/strings.commonMain.cvr	41
com.xiaoji.egggame.features.gamepadconfig	string	features_gamepad_config_function_setting_sleep_time	休眠时间	5LyR55yg5pe26Ze0	com.xiaoji.egggame.features.gamepadconfig/values-zh-rCN/strings.commonMain.cvr	42
com.xiaoji.egggame.features.gamepadconfig	string	features_gamepad_config_function_setting_title	功能设置	5Yqf6IO96K6+572u	com.xiaoji.egggame.features.gamepadconfig/values-zh-rCN/strings.commonMain.cvr	43
com.xiaoji.egggame.features.gamepadconfig	string	features_gamepad_config_function_setting_tutorial	连接教程	6L+e5o6l5pWZ56iL	com.xiaoji.egggame.features.gamepadconfig/values-zh-rCN/strings.commonMain.cvr	44
com.xiaoji.egggame.features.gamepadconfig	string	features_gamepad_config_hint_switch_slider	切换滑块	5YiH5o2i5ruR5Z2X	com.xiaoji.egggame.features.gamepadconfig/values-zh-rCN/strings.commonMain.cvr	45
com.xiaoji.egggame.features.gamepadconfig	string	features_gamepad_config_key_mapping_a	A	QQ==	com.xiaoji.egggame.features.gamepadconfig/values-zh-rCN/strings.commonMain.cvr	46
com.xiaoji.egggame.features.gamepadconfig	string	features_gamepad_config_key_mapping_b	B	Qg==	com.xiaoji.egggame.features.gamepadconfig/values-zh-rCN/strings.commonMain.cvr	47
com.xiaoji.egggame.features.gamepadconfig	string	features_gamepad_config_key_mapping_down	下键	5LiL6ZSu	com.xiaoji.egggame.features.gamepadconfig/values-zh-rCN/strings.commonMain.cvr	48
com.xiaoji.egggame.features.gamepadconfig	string	features_gamepad_config_key_mapping_dpad_swap_disabled_tip	请关闭十字键与摇杆互换后进行操作	6K+35YWz6Zet5Y2B5a2X6ZSu5LiO5pGH5p2G5LqS5o2i5ZCO6L+b6KGM5pON5L2c	com.xiaoji.egggame.features.gamepadconfig/values-zh-rCN/strings.commonMain.cvr	49
com.xiaoji.egggame.features.gamepadconfig	string	features_gamepad_config_key_mapping_l1	L1	TDE=	com.xiaoji.egggame.features.gamepadconfig/values-zh-rCN/strings.commonMain.cvr	50
com.xiaoji.egggame.features.gamepadconfig	string	features_gamepad_config_key_mapping_l2	L2	TDI=	com.xiaoji.egggame.features.gamepadconfig/values-zh-rCN/strings.commonMain.cvr	51
com.xiaoji.egggame.features.gamepadconfig	string	features_gamepad_config_key_mapping_l4	L4	TDQ=	com.xiaoji.egggame.features.gamepadconfig/values-zh-rCN/strings.commonMain.cvr	52
com.xiaoji.egggame.features.gamepadconfig	string	features_gamepad_config_key_mapping_l5	L5	TDU=	com.xiaoji.egggame.features.gamepadconfig/values-zh-rCN/strings.commonMain.cvr	53
com.xiaoji.egggame.features.gamepadconfig	string	features_gamepad_config_key_mapping_layout_disabled_keyboard_mode	键盘模式下无法操作	6ZSu55uY5qih5byP5LiL5peg5rOV5pON5L2c	com.xiaoji.egggame.features.gamepadconfig/values-zh-rCN/strings.commonMain.cvr	54
com.xiaoji.egggame.features.gamepadconfig	string	features_gamepad_config_key_mapping_layout_ns	NS 布局	TlMg5biD5bGA	com.xiaoji.egggame.features.gamepadconfig/values-zh-rCN/strings.commonMain.cvr	55
com.xiaoji.egggame.features.gamepadconfig	string	features_gamepad_config_key_mapping_layout_switch	布局切换	5biD5bGA5YiH5o2i	com.xiaoji.egggame.features.gamepadconfig/values-zh-rCN/strings.commonMain.cvr	56
com.xiaoji.egggame.features.gamepadconfig	string	features_gamepad_config_key_mapping_layout_xbox	Xbox 布局	WGJveCDluIPlsYA=	com.xiaoji.egggame.features.gamepadconfig/values-zh-rCN/strings.commonMain.cvr	57
com.xiaoji.egggame.features.gamepadconfig	string	features_gamepad_config_key_mapping_left	左键	5bem6ZSu	com.xiaoji.egggame.features.gamepadconfig/values-zh-rCN/strings.commonMain.cvr	58
com.xiaoji.egggame.features.gamepadconfig	string	features_gamepad_config_key_mapping_r1	R1	UjE=	com.xiaoji.egggame.features.gamepadconfig/values-zh-rCN/strings.commonMain.cvr	59
com.xiaoji.egggame.features.gamepadconfig	string	features_gamepad_config_key_mapping_r2	R2	UjI=	com.xiaoji.egggame.features.gamepadconfig/values-zh-rCN/strings.commonMain.cvr	60
com.xiaoji.egggame.features.gamepadconfig	string	features_gamepad_config_key_mapping_r3	R3	UjM=	com.xiaoji.egggame.features.gamepadconfig/values-zh-rCN/strings.commonMain.cvr	61
com.xiaoji.egggame.features.gamepadconfig	string	features_gamepad_config_key_mapping_r4	R4	UjQ=	com.xiaoji.egggame.features.gamepadconfig/values-zh-rCN/strings.commonMain.cvr	62
com.xiaoji.egggame.features.gamepadconfig	string	features_gamepad_config_key_mapping_r5	R5	UjU=	com.xiaoji.egggame.features.gamepadconfig/values-zh-rCN/strings.commonMain.cvr	63
com.xiaoji.egggame.features.gamepadconfig	string	features_gamepad_config_key_mapping_right	右键	5Y+z6ZSu	com.xiaoji.egggame.features.gamepadconfig/values-zh-rCN/strings.commonMain.cvr	64
com.xiaoji.egggame.features.gamepadconfig	string	features_gamepad_config_key_mapping_select	Select键	U2VsZWN06ZSu	com.xiaoji.egggame.features.gamepadconfig/values-zh-rCN/strings.commonMain.cvr	65
com.xiaoji.egggame.features.gamepadconfig	string	features_gamepad_config_key_mapping_start	Start键	U3RhcnTplK4=	com.xiaoji.egggame.features.gamepadconfig/values-zh-rCN/strings.commonMain.cvr	66
com.xiaoji.egggame.features.gamepadconfig	string	features_gamepad_config_key_mapping_title	按键映射	5oyJ6ZSu5pig5bCE	com.xiaoji.egggame.features.gamepadconfig/values-zh-rCN/strings.commonMain.cvr	67
com.xiaoji.egggame.features.gamepadconfig	string	features_gamepad_config_key_mapping_up	上键	5LiK6ZSu	com.xiaoji.egggame.features.gamepadconfig/values-zh-rCN/strings.commonMain.cvr	68
com.xiaoji.egggame.features.gamepadconfig	string	features_gamepad_config_key_mapping_x	X	WA==	com.xiaoji.egggame.features.gamepadconfig/values-zh-rCN/strings.commonMain.cvr	69
com.xiaoji.egggame.features.gamepadconfig	string	features_gamepad_config_key_mapping_y	Y	WQ==	com.xiaoji.egggame.features.gamepadconfig/values-zh-rCN/strings.commonMain.cvr	70
com.xiaoji.egggame.features.gamepadconfig	string	features_gamepad_config_key_setting_diagonal_lock	十字键斜向锁	5Y2B5a2X6ZSu5pac5ZCR6ZSB	com.xiaoji.egggame.features.gamepadconfig/values-zh-rCN/strings.commonMain.cvr	71
com.xiaoji.egggame.features.gamepadconfig	string	features_gamepad_config_key_setting_hint_confirm	确认	56Gu6K6k	com.xiaoji.egggame.features.gamepadconfig/values-zh-rCN/strings.commonMain.cvr	72
com.xiaoji.egggame.features.gamepadconfig	string	features_gamepad_config_key_setting_inversion_xy_axis	左右摇杆 XY 轴整体反转	5bem5Y+z5pGH5p2GIFhZIOi9tOaVtOS9k+WPjei9rA==	com.xiaoji.egggame.features.gamepadconfig/values-zh-rCN/strings.commonMain.cvr	73
com.xiaoji.egggame.features.gamepadconfig	string	features_gamepad_config_key_setting_j_left_dead_zone	左摇杆死区	5bem5pGH5p2G5q275Yy6	com.xiaoji.egggame.features.gamepadconfig/values-zh-rCN/strings.commonMain.cvr	74
com.xiaoji.egggame.features.gamepadconfig	string	features_gamepad_config_key_setting_j_left_original_zone	左摇杆原始值	5bem5pGH5p2G5Y6f5aeL5YC8	com.xiaoji.egggame.features.gamepadconfig/values-zh-rCN/strings.commonMain.cvr	75
com.xiaoji.egggame.features.gamepadconfig	string	features_gamepad_config_key_setting_j_left_swop_dpad	十字键左摇杆互换	5Y2B5a2X6ZSu5bem5pGH5p2G5LqS5o2i	com.xiaoji.egggame.features.gamepadconfig/values-zh-rCN/strings.commonMain.cvr	76
com.xiaoji.egggame.features.gamepadconfig	string	features_gamepad_config_key_setting_j_right_dead_zone	右摇杆死区	5Y+z5pGH5p2G5q275Yy6	com.xiaoji.egggame.features.gamepadconfig/values-zh-rCN/strings.commonMain.cvr	77
com.xiaoji.egggame.features.gamepadconfig	string	features_gamepad_config_key_setting_j_right_original_zone	右摇杆原始值	5Y+z5pGH5p2G5Y6f5aeL5YC8	com.xiaoji.egggame.features.gamepadconfig/values-zh-rCN/strings.commonMain.cvr	78
com.xiaoji.egggame.features.gamepadconfig	string	features_gamepad_config_key_setting_j_right_swop_dpad	十字键右摇杆互换	5Y2B5a2X6ZSu5Y+z5pGH5p2G5LqS5o2i	com.xiaoji.egggame.features.gamepadconfig/values-zh-rCN/strings.commonMain.cvr	79
com.xiaoji.egggame.features.gamepadconfig	string	features_gamepad_config_key_setting_joystick_swap	左右摇杆对调	5bem5Y+z5pGH5p2G5a+56LCD	com.xiaoji.egggame.features.gamepadconfig/values-zh-rCN/strings.commonMain.cvr	80
com.xiaoji.egggame.features.gamepadconfig	string	features_gamepad_config_key_setting_l1_l2_swap	L1、L2 互换	TDHjgIFMMiDkupLmjaI=	com.xiaoji.egggame.features.gamepadconfig/values-zh-rCN/strings.commonMain.cvr	81
com.xiaoji.egggame.features.gamepadconfig	string	features_gamepad_config_key_setting_l1_swop_l2	L1、L2互换	TDHjgIFMMuS6kuaNog==	com.xiaoji.egggame.features.gamepadconfig/values-zh-rCN/strings.commonMain.cvr	82
com.xiaoji.egggame.features.gamepadconfig	string	features_gamepad_config_key_setting_left_reverse_dead_zone	左摇杆反死区	5bem5pGH5p2G5Y+N5q275Yy6	com.xiaoji.egggame.features.gamepadconfig/values-zh-rCN/strings.commonMain.cvr	83
com.xiaoji.egggame.features.gamepadconfig	string	features_gamepad_config_key_setting_left_x_axis	左摇杆 X 轴反转	5bem5pGH5p2GIFgg6L205Y+N6L2s	com.xiaoji.egggame.features.gamepadconfig/values-zh-rCN/strings.commonMain.cvr	84
com.xiaoji.egggame.features.gamepadconfig	string	features_gamepad_config_key_setting_left_y_axis	左摇杆 Y 轴反转	5bem5pGH5p2GIFkg6L205Y+N6L2s	com.xiaoji.egggame.features.gamepadconfig/values-zh-rCN/strings.commonMain.cvr	85
com.xiaoji.egggame.features.gamepadconfig	string	features_gamepad_config_key_setting_r1_r2_swap	R1、R2 互换	UjHjgIFSMiDkupLmjaI=	com.xiaoji.egggame.features.gamepadconfig/values-zh-rCN/strings.commonMain.cvr	86
com.xiaoji.egggame.features.gamepadconfig	string	features_gamepad_config_key_setting_r1_swop_r2	R1、R2互换	UjHjgIFSMuS6kuaNog==	com.xiaoji.egggame.features.gamepadconfig/values-zh-rCN/strings.commonMain.cvr	87
com.xiaoji.egggame.features.gamepadconfig	string	features_gamepad_config_key_setting_right_reverse_dead_zone	右摇杆反死区	5Y+z5pGH5p2G5Y+N5q275Yy6	com.xiaoji.egggame.features.gamepadconfig/values-zh-rCN/strings.commonMain.cvr	88
com.xiaoji.egggame.features.gamepadconfig	string	features_gamepad_config_key_setting_right_x_axis	右摇杆 X 轴反转	5Y+z5pGH5p2GIFgg6L205Y+N6L2s	com.xiaoji.egggame.features.gamepadconfig/values-zh-rCN/strings.commonMain.cvr	89
com.xiaoji.egggame.features.gamepadconfig	string	features_gamepad_config_key_setting_right_y_axis	右摇杆 Y 轴反转	5Y+z5pGH5p2GIFkg6L205Y+N6L2s	com.xiaoji.egggame.features.gamepadconfig/values-zh-rCN/strings.commonMain.cvr	90
com.xiaoji.egggame.features.gamepadconfig	string	features_gamepad_config_key_setting_title	摇杆设置	5pGH5p2G6K6+572u	com.xiaoji.egggame.features.gamepadconfig/values-zh-rCN/strings.commonMain.cvr	91
com.xiaoji.egggame.features.gamepadconfig	string	features_gamepad_config_keyboard_test_system_limit_tip	由于系统限制，少部分键值无法检测	55Sx5LqO57O757uf6ZmQ5Yi277yM5bCR6YOo5YiG6ZSu5YC85peg5rOV5qOA5rWL	com.xiaoji.egggame.features.gamepadconfig/values-zh-rCN/strings.commonMain.cvr	92
com.xiaoji.egggame.features.gamepadconfig	string	features_gamepad_config_keyboard_test_tip	将显示按下的按键	5bCG5pi+56S65oyJ5LiL55qE5oyJ6ZSu	com.xiaoji.egggame.features.gamepadconfig/values-zh-rCN/strings.commonMain.cvr	93
com.xiaoji.egggame.features.gamepadconfig	string	features_gamepad_config_mapping_target_title	选择映射按键	6YCJ5oup5pig5bCE5oyJ6ZSu	com.xiaoji.egggame.features.gamepadconfig/values-zh-rCN/strings.commonMain.cvr	94
com.xiaoji.egggame.features.gamepadconfig	string	features_gamepad_config_motion_setting_activate_button	激活按键	5r+A5rS75oyJ6ZSu	com.xiaoji.egggame.features.gamepadconfig/values-zh-rCN/strings.commonMain.cvr	95
com.xiaoji.egggame.features.gamepadconfig	string	features_gamepad_config_motion_setting_axis_hybrid	ZX轴	WljovbQ=	com.xiaoji.egggame.features.gamepadconfig/values-zh-rCN/strings.commonMain.cvr	96
com.xiaoji.egggame.features.gamepadconfig	string	features_gamepad_config_motion_setting_axis_inversion	轴向翻转	6L205ZCR57+76L2s	com.xiaoji.egggame.features.gamepadconfig/values-zh-rCN/strings.commonMain.cvr	97
com.xiaoji.egggame.features.gamepadconfig	string	features_gamepad_config_motion_setting_axis_polarization	X轴	WOi9tA==	com.xiaoji.egggame.features.gamepadconfig/values-zh-rCN/strings.commonMain.cvr	98
com.xiaoji.egggame.features.gamepadconfig	string	features_gamepad_config_motion_setting_axis_tumbling	Y轴	Wei9tA==	com.xiaoji.egggame.features.gamepadconfig/values-zh-rCN/strings.commonMain.cvr	99
com.xiaoji.egggame.features.gamepadconfig	string	features_gamepad_config_motion_setting_axis_x_invert	水平X轴反转	5rC05bmzWOi9tOWPjei9rA==	com.xiaoji.egggame.features.gamepadconfig/values-zh-rCN/strings.commonMain.cvr	100
com.xiaoji.egggame.features.gamepadconfig	string	features_gamepad_config_motion_setting_axis_y_invert	水平Y轴反转	5rC05bmzWei9tOWPjei9rA==	com.xiaoji.egggame.features.gamepadconfig/values-zh-rCN/strings.commonMain.cvr	101
com.xiaoji.egggame.features.gamepadconfig	string	features_gamepad_config_motion_setting_axis_z_invert	垂直轴反转	5Z6C55u06L205Y+N6L2s	com.xiaoji.egggame.features.gamepadconfig/values-zh-rCN/strings.commonMain.cvr	102
com.xiaoji.egggame.features.gamepadconfig	string	features_gamepad_config_motion_setting_axis	轴向选择	6L205ZCR6YCJ5oup	com.xiaoji.egggame.features.gamepadconfig/values-zh-rCN/strings.commonMain.cvr	103
com.xiaoji.egggame.features.gamepadconfig	string	features_gamepad_config_motion_setting_curve_anti_s	反S型	5Y+NU+Weiw==	com.xiaoji.egggame.features.gamepadconfig/values-zh-rCN/strings.commonMain.cvr	104
com.xiaoji.egggame.features.gamepadconfig	string	features_gamepad_config_motion_setting_curve_axis_input	输入	6L6T5YWl	com.xiaoji.egggame.features.gamepadconfig/values-zh-rCN/strings.commonMain.cvr	105
com.xiaoji.egggame.features.gamepadconfig	string	features_gamepad_config_motion_setting_curve_axis_output	输出	6L6T5Ye6	com.xiaoji.egggame.features.gamepadconfig/values-zh-rCN/strings.commonMain.cvr	106
com.xiaoji.egggame.features.gamepadconfig	string	features_gamepad_config_motion_setting_curve_linear	线性	57q/5oCn	com.xiaoji.egggame.features.gamepadconfig/values-zh-rCN/strings.commonMain.cvr	107
com.xiaoji.egggame.features.gamepadconfig	string	features_gamepad_config_motion_setting_curve_mode	曲线响应	5puy57q/5ZON5bqU	com.xiaoji.egggame.features.gamepadconfig/values-zh-rCN/strings.commonMain.cvr	108
com.xiaoji.egggame.features.gamepadconfig	string	features_gamepad_config_motion_setting_curve_naturalistic	平滑	5bmz5ruR	com.xiaoji.egggame.features.gamepadconfig/values-zh-rCN/strings.commonMain.cvr	109
com.xiaoji.egggame.features.gamepadconfig	string	features_gamepad_config_motion_setting_curve_response	曲线响应	5puy57q/5ZON5bqU	com.xiaoji.egggame.features.gamepadconfig/values-zh-rCN/strings.commonMain.cvr	110
com.xiaoji.egggame.features.gamepadconfig	string	features_gamepad_config_motion_setting_curve_stick_out	延迟	5bu26L+f	com.xiaoji.egggame.features.gamepadconfig/values-zh-rCN/strings.commonMain.cvr	111
com.xiaoji.egggame.features.gamepadconfig	string	features_gamepad_config_motion_setting_dead_zone_compensation	死区补偿	5q275Yy66KGl5YG/	com.xiaoji.egggame.features.gamepadconfig/values-zh-rCN/strings.commonMain.cvr	112
com.xiaoji.egggame.features.gamepadconfig	string	features_gamepad_config_motion_setting_gyroscope	陀螺仪	6ZmA6J665Luq	com.xiaoji.egggame.features.gamepadconfig/values-zh-rCN/strings.commonMain.cvr	113
com.xiaoji.egggame.features.gamepadconfig	string	features_gamepad_config_motion_setting_hv_scale	水平/垂直比例	5rC05bmzL+WeguebtOavlOS+iw==	com.xiaoji.egggame.features.gamepadconfig/values-zh-rCN/strings.commonMain.cvr	114
com.xiaoji.egggame.features.gamepadconfig	string	features_gamepad_config_motion_setting_joystick_left	左摇杆	5bem5pGH5p2G	com.xiaoji.egggame.features.gamepadconfig/values-zh-rCN/strings.commonMain.cvr	115
com.xiaoji.egggame.features.gamepadconfig	string	features_gamepad_config_motion_setting_joystick_right	右摇杆	5Y+z5pGH5p2G	com.xiaoji.egggame.features.gamepadconfig/values-zh-rCN/strings.commonMain.cvr	116
com.xiaoji.egggame.features.gamepadconfig	string	features_gamepad_config_motion_setting_joystick_select	体感映射到	5L2T5oSf5pig5bCE5Yiw	com.xiaoji.egggame.features.gamepadconfig/values-zh-rCN/strings.commonMain.cvr	117
com.xiaoji.egggame.features.gamepadconfig	string	features_gamepad_config_motion_setting_open_method_click	单击	5Y2V5Ye7	com.xiaoji.egggame.features.gamepadconfig/values-zh-rCN/strings.commonMain.cvr	118
com.xiaoji.egggame.features.gamepadconfig	string	features_gamepad_config_motion_setting_open_method_long_press	长按	6ZW/5oyJ	com.xiaoji.egggame.features.gamepadconfig/values-zh-rCN/strings.commonMain.cvr	119
com.xiaoji.egggame.features.gamepadconfig	string	features_gamepad_config_motion_setting_open_method	激活方式	5r+A5rS75pa55byP	com.xiaoji.egggame.features.gamepadconfig/values-zh-rCN/strings.commonMain.cvr	120
com.xiaoji.egggame.features.gamepadconfig	string	features_gamepad_config_motion_setting_output_aim	瞄准	556E5YeG	com.xiaoji.egggame.features.gamepadconfig/values-zh-rCN/strings.commonMain.cvr	121
com.xiaoji.egggame.features.gamepadconfig	string	features_gamepad_config_motion_setting_output_drive	驾驶	6am+6am2	com.xiaoji.egggame.features.gamepadconfig/values-zh-rCN/strings.commonMain.cvr	122
com.xiaoji.egggame.features.gamepadconfig	string	features_gamepad_config_motion_setting_output_method	输出方式	6L6T5Ye65pa55byP	com.xiaoji.egggame.features.gamepadconfig/values-zh-rCN/strings.commonMain.cvr	123
com.xiaoji.egggame.features.gamepadconfig	string	features_gamepad_config_motion_setting_sensitivity	体感灵敏度	5L2T5oSf54G15pWP5bqm	com.xiaoji.egggame.features.gamepadconfig/values-zh-rCN/strings.commonMain.cvr	124
com.xiaoji.egggame.features.gamepadconfig	string	features_gamepad_config_motion_setting_title	体感设置	5L2T5oSf6K6+572u	com.xiaoji.egggame.features.gamepadconfig/values-zh-rCN/strings.commonMain.cvr	125
com.xiaoji.egggame.features.gamepadconfig	string	features_gamepad_config_ota_error_device_not_found	未发现可用设备	5pyq5Y+R546w5Y+v55So6K6+5aSH	com.xiaoji.egggame.features.gamepadconfig/values-zh-rCN/strings.commonMain.cvr	126
com.xiaoji.egggame.features.gamepadconfig	string	features_gamepad_config_ota_error_ensure_connection_failed	连接设备失败	6L+e5o6l6K6+5aSH5aSx6LSl	com.xiaoji.egggame.features.gamepadconfig/values-zh-rCN/strings.commonMain.cvr	127
com.xiaoji.egggame.features.gamepadconfig	string	features_gamepad_config_ota_error_load_firmware_failed	读取固件失败	6K+75Y+W5Zu65Lu25aSx6LSl	com.xiaoji.egggame.features.gamepadconfig/values-zh-rCN/strings.commonMain.cvr	128
com.xiaoji.egggame.features.gamepadconfig	string	features_gamepad_config_ota_error_read_device_info_failed	读取设备信息失败	6K+75Y+W6K6+5aSH5L+h5oGv5aSx6LSl	com.xiaoji.egggame.features.gamepadconfig/values-zh-rCN/strings.commonMain.cvr	129
com.xiaoji.egggame.features.gamepadconfig	string	features_gamepad_config_ota_error_start_failed	启动升级失败	5ZCv5Yqo5Y2H57qn5aSx6LSl	com.xiaoji.egggame.features.gamepadconfig/values-zh-rCN/strings.commonMain.cvr	130
com.xiaoji.egggame.features.gamepadconfig	string	features_gamepad_config_ota_error_unknown_with_stage	未知错误（%1$s）	5pyq55+l6ZSZ6K+v77yIJTEkc++8iQ==	com.xiaoji.egggame.features.gamepadconfig/values-zh-rCN/strings.commonMain.cvr	131
com.xiaoji.egggame.features.gamepadconfig	string	features_gamepad_config_ota_firmware_version	固件版本：%1$s	5Zu65Lu254mI5pys77yaJTEkcw==	com.xiaoji.egggame.features.gamepadconfig/values-zh-rCN/strings.commonMain.cvr	132
com.xiaoji.egggame.features.gamepadconfig	string	features_gamepad_config_ota_message_cancel_rejected	当前阶段不可取消	5b2T5YmN6Zi25q615LiN5Y+v5Y+W5raI	com.xiaoji.egggame.features.gamepadconfig/values-zh-rCN/strings.commonMain.cvr	133
com.xiaoji.egggame.features.gamepadconfig	string	features_gamepad_config_ota_message_cannot_cancel	升级过程无法终止，请耐心等待	5Y2H57qn6L+H56iL5peg5rOV57uI5q2i77yM6K+36ICQ5b+D562J5b6F	com.xiaoji.egggame.features.gamepadconfig/values-zh-rCN/strings.commonMain.cvr	134
com.xiaoji.egggame.features.gamepadconfig	string	features_gamepad_config_ota_message_initializing	正在初始化	5q2j5Zyo5Yid5aeL5YyW	com.xiaoji.egggame.features.gamepadconfig/values-zh-rCN/strings.commonMain.cvr	135
com.xiaoji.egggame.features.gamepadconfig	string	features_gamepad_config_ota_message_mandatory_upgrade	检测到强制升级	5qOA5rWL5Yiw5by65Yi25Y2H57qn	com.xiaoji.egggame.features.gamepadconfig/values-zh-rCN/strings.commonMain.cvr	136
com.xiaoji.egggame.features.gamepadconfig	string	features_gamepad_config_ota_message_reading_device_info	正在读取设备信息	5q2j5Zyo6K+75Y+W6K6+5aSH5L+h5oGv	com.xiaoji.egggame.features.gamepadconfig/values-zh-rCN/strings.commonMain.cvr	137
com.xiaoji.egggame.features.gamepadconfig	string	features_gamepad_config_ota_message_rebooting	设备重启中	6K6+5aSH6YeN5ZCv5Lit	com.xiaoji.egggame.features.gamepadconfig/values-zh-rCN/strings.commonMain.cvr	138
com.xiaoji.egggame.features.gamepadconfig	string	features_gamepad_config_ota_message_request_reconnect	设备自动重连中，请耐心等待…	6K6+5aSH6Ieq5Yqo6YeN6L+e5Lit77yM6K+36ICQ5b+D562J5b6F4oCm	com.xiaoji.egggame.features.gamepadconfig/values-zh-rCN/strings.commonMain.cvr	139
com.xiaoji.egggame.features.gamepadconfig	string	features_gamepad_config_ota_message_validating_firmware	正在校验固件	5q2j5Zyo5qCh6aqM5Zu65Lu2	com.xiaoji.egggame.features.gamepadconfig/values-zh-rCN/strings.commonMain.cvr	140
com.xiaoji.egggame.features.gamepadconfig	string	features_gamepad_config_ota_message_waiting_reconnect	等待设备重新连接	562J5b6F6K6+5aSH6YeN5paw6L+e5o6l	com.xiaoji.egggame.features.gamepadconfig/values-zh-rCN/strings.commonMain.cvr	141
com.xiaoji.egggame.features.gamepadconfig	string	features_gamepad_config_ota_notice_device_restart	*升级时设备可能重启或指示灯熄灭；	KuWNh+e6p+aXtuiuvuWkh+WPr+iDvemHjeWQr+aIluaMh+ekuueBr+eGhOeBre+8mw==	com.xiaoji.egggame.features.gamepadconfig/values-zh-rCN/strings.commonMain.cvr	142
com.xiaoji.egggame.features.gamepadconfig	string	features_gamepad_config_ota_notice_screen_on	*升级过程中请保持屏幕常亮；	KuWNh+e6p+i/h+eoi+S4reivt+S/neaMgeWxj+W5leW4uOS6ru+8mw==	com.xiaoji.egggame.features.gamepadconfig/values-zh-rCN/strings.commonMain.cvr	143
com.xiaoji.egggame.features.gamepadconfig	string	features_gamepad_config_ota_notice_title	注意	5rOo5oSP	com.xiaoji.egggame.features.gamepadconfig/values-zh-rCN/strings.commonMain.cvr	144
com.xiaoji.egggame.features.gamepadconfig	string	features_gamepad_config_ota_notice_wait_patiently	*升级固件大概需要几分钟，耐心等待避免升级失败。	KuWNh+e6p+WbuuS7tuWkp+amgumcgOimgeWHoOWIhumSn++8jOiAkOW/g+etieW+hemBv+WFjeWNh+e6p+Wksei0peOAgg==	com.xiaoji.egggame.features.gamepadconfig/values-zh-rCN/strings.commonMain.cvr	145
com.xiaoji.egggame.features.gamepadconfig	string	features_gamepad_config_ota_select_choose	选择	6YCJ5oup	com.xiaoji.egggame.features.gamepadconfig/values-zh-rCN/strings.commonMain.cvr	146
com.xiaoji.egggame.features.gamepadconfig	string	features_gamepad_config_ota_select_current_version	固件版本：%1$s	5Zu65Lu254mI5pys77yaJTEkcw==	com.xiaoji.egggame.features.gamepadconfig/values-zh-rCN/strings.commonMain.cvr	147
com.xiaoji.egggame.features.gamepadconfig	string	features_gamepad_config_ota_select_device_disconnect	设备已经断开连接	6K6+5aSH5bey57uP5pat5byA6L+e5o6l	com.xiaoji.egggame.features.gamepadconfig/values-zh-rCN/strings.commonMain.cvr	148
com.xiaoji.egggame.features.gamepadconfig	string	features_gamepad_config_ota_select_downloading	下载中	5LiL6L295Lit	com.xiaoji.egggame.features.gamepadconfig/values-zh-rCN/strings.commonMain.cvr	149
com.xiaoji.egggame.features.gamepadconfig	string	features_gamepad_config_ota_select_ds_confirm_body_line_1	您即将升级为无DS模式固件	5oKo5Y2z5bCG5Y2H57qn5Li65pegRFPmqKHlvI/lm7rku7Y=	com.xiaoji.egggame.features.gamepadconfig/values-zh-rCN/strings.commonMain.cvr	150
com.xiaoji.egggame.features.gamepadconfig	string	features_gamepad_config_ota_select_ds_confirm_body_line_2_highlight	将无法使用	5bCG5peg5rOV5L2/55So	com.xiaoji.egggame.features.gamepadconfig/values-zh-rCN/strings.commonMain.cvr	151
com.xiaoji.egggame.features.gamepadconfig	string	features_gamepad_config_ota_select_ds_confirm_body_line_2_prefix	升级后	5Y2H57qn5ZCO	com.xiaoji.egggame.features.gamepadconfig/values-zh-rCN/strings.commonMain.cvr	152
com.xiaoji.egggame.features.gamepadconfig	string	features_gamepad_config_ota_select_ds_confirm_body_line_2_suffix	DS模式连接，操作不可逆。	RFPmqKHlvI/ov57mjqXvvIzmk43kvZzkuI3lj6/pgIbjgII=	com.xiaoji.egggame.features.gamepadconfig/values-zh-rCN/strings.commonMain.cvr	153
com.xiaoji.egggame.features.gamepadconfig	string	features_gamepad_config_ota_select_ds_confirm_cancel	取消	5Y+W5raI	com.xiaoji.egggame.features.gamepadconfig/values-zh-rCN/strings.commonMain.cvr	154
com.xiaoji.egggame.features.gamepadconfig	string	features_gamepad_config_ota_select_ds_confirm_confirm	确定	56Gu5a6a	com.xiaoji.egggame.features.gamepadconfig/values-zh-rCN/strings.commonMain.cvr	155
com.xiaoji.egggame.features.gamepadconfig	string	features_gamepad_config_ota_select_ds_confirm_title	提示	5o+Q56S6	com.xiaoji.egggame.features.gamepadconfig/values-zh-rCN/strings.commonMain.cvr	156
com.xiaoji.egggame.features.gamepadconfig	string	features_gamepad_config_ota_select_file_tip	可升级至：%1$s	5Y+v5Y2H57qn6Iez77yaJTEkcw==	com.xiaoji.egggame.features.gamepadconfig/values-zh-rCN/strings.commonMain.cvr	157
com.xiaoji.egggame.features.gamepadconfig	string	features_gamepad_config_ota_select_firmware_error	你选择的文件不是%1$s升级包，请重新选择	5L2g6YCJ5oup55qE5paH5Lu25LiN5pivJTEkc+WNh+e6p+WMhe+8jOivt+mHjeaWsOmAieaLqQ==	com.xiaoji.egggame.features.gamepadconfig/values-zh-rCN/strings.commonMain.cvr	158
com.xiaoji.egggame.features.gamepadconfig	string	features_gamepad_config_ota_select_history_version	历史版本	5Y6G5Y+y54mI5pys	com.xiaoji.egggame.features.gamepadconfig/values-zh-rCN/strings.commonMain.cvr	159
com.xiaoji.egggame.features.gamepadconfig	string	features_gamepad_config_ota_select_is_new_version	当前已是最新版本	5b2T5YmN5bey5piv5pyA5paw54mI5pys	com.xiaoji.egggame.features.gamepadconfig/values-zh-rCN/strings.commonMain.cvr	160
com.xiaoji.egggame.features.gamepadconfig	string	features_gamepad_config_ota_select_is_new	已是最新	5bey5piv5pyA5paw	com.xiaoji.egggame.features.gamepadconfig/values-zh-rCN/strings.commonMain.cvr	161
com.xiaoji.egggame.features.gamepadconfig	string	features_gamepad_config_ota_select_latest_version	最新版本：%1$s	5pyA5paw54mI5pys77yaJTEkcw==	com.xiaoji.egggame.features.gamepadconfig/values-zh-rCN/strings.commonMain.cvr	162
com.xiaoji.egggame.features.gamepadconfig	string	features_gamepad_config_ota_select_local_file	本地文件	5pys5Zyw5paH5Lu2	com.xiaoji.egggame.features.gamepadconfig/values-zh-rCN/strings.commonMain.cvr	163
com.xiaoji.egggame.features.gamepadconfig	string	features_gamepad_config_ota_select_notice_content	*升级过程中请保持屏幕常亮；\n*升级时设备可能重启或指示灯熄灭；\n*升级固件大概需要几分钟，耐心等待避免升级失败。	KuWNh+e6p+i/h+eoi+S4reivt+S/neaMgeWxj+W5leW4uOS6ru+8mwoq5Y2H57qn5pe26K6+5aSH5Y+v6IO96YeN5ZCv5oiW5oyH56S654Gv54aE54Gt77ybCirljYfnuqflm7rku7blpKfmpoLpnIDopoHlh6DliIbpkp/vvIzogJDlv4PnrYnlvoXpgb/lhY3ljYfnuqflpLHotKXjgII=	com.xiaoji.egggame.features.gamepadconfig/values-zh-rCN/strings.commonMain.cvr	164
com.xiaoji.egggame.features.gamepadconfig	string	features_gamepad_config_ota_select_notice	注意	5rOo5oSP	com.xiaoji.egggame.features.gamepadconfig/values-zh-rCN/strings.commonMain.cvr	165
com.xiaoji.egggame.features.gamepadconfig	string	features_gamepad_config_ota_select_other_firmware_versions	其他固件版本>>	5YW25LuW5Zu65Lu254mI5pysPj4=	com.xiaoji.egggame.features.gamepadconfig/values-zh-rCN/strings.commonMain.cvr	166
com.xiaoji.egggame.features.gamepadconfig	string	features_gamepad_config_ota_select_release_notes_placeholder	暂无更新说明	5pqC5peg5pu05paw6K+05piO	com.xiaoji.egggame.features.gamepadconfig/values-zh-rCN/strings.commonMain.cvr	167
com.xiaoji.egggame.features.gamepadconfig	string	features_gamepad_config_ota_select_selected_firmware_ver	选中的固件版本号为%1$s	6YCJ5Lit55qE5Zu65Lu254mI5pys5Y+35Li6JTEkcw==	com.xiaoji.egggame.features.gamepadconfig/values-zh-rCN/strings.commonMain.cvr	168
com.xiaoji.egggame.features.gamepadconfig	string	features_gamepad_config_ota_select_selected_local_version	已选择（本地）：%1$s	5bey6YCJ5oup77yI5pys5Zyw77yJ77yaJTEkcw==	com.xiaoji.egggame.features.gamepadconfig/values-zh-rCN/strings.commonMain.cvr	169
com.xiaoji.egggame.features.gamepadconfig	string	features_gamepad_config_ota_select_selected_version	已选择：%1$s	5bey6YCJ5oup77yaJTEkcw==	com.xiaoji.egggame.features.gamepadconfig/values-zh-rCN/strings.commonMain.cvr	170
com.xiaoji.egggame.features.gamepadconfig	string	features_gamepad_config_ota_select_update_content_title	更新说明：	5pu05paw6K+05piO77ya	com.xiaoji.egggame.features.gamepadconfig/values-zh-rCN/strings.commonMain.cvr	171
com.xiaoji.egggame.features.gamepadconfig	string	features_gamepad_config_ota_select_update	升级	5Y2H57qn	com.xiaoji.egggame.features.gamepadconfig/values-zh-rCN/strings.commonMain.cvr	172
com.xiaoji.egggame.features.gamepadconfig	string	features_gamepad_config_ota_select_version_date_format	v%1$s（%2$s）	diUxJHPvvIglMiRz77yJ	com.xiaoji.egggame.features.gamepadconfig/values-zh-rCN/strings.commonMain.cvr	173
com.xiaoji.egggame.features.gamepadconfig	string	features_gamepad_config_ota_select_version_empty	暂无版本信息	5pqC5peg54mI5pys5L+h5oGv	com.xiaoji.egggame.features.gamepadconfig/values-zh-rCN/strings.commonMain.cvr	174
com.xiaoji.egggame.features.gamepadconfig	string	features_gamepad_config_ota_stage_ensure_connection	连接设备	6L+e5o6l6K6+5aSH	com.xiaoji.egggame.features.gamepadconfig/values-zh-rCN/strings.commonMain.cvr	175
com.xiaoji.egggame.features.gamepadconfig	string	features_gamepad_config_ota_stage_idle	准备中	5YeG5aSH5Lit	com.xiaoji.egggame.features.gamepadconfig/values-zh-rCN/strings.commonMain.cvr	176
com.xiaoji.egggame.features.gamepadconfig	string	features_gamepad_config_ota_stage_initializing	初始化	5Yid5aeL5YyW	com.xiaoji.egggame.features.gamepadconfig/values-zh-rCN/strings.commonMain.cvr	177
com.xiaoji.egggame.features.gamepadconfig	string	features_gamepad_config_ota_stage_load_firmware	读取固件文件	6K+75Y+W5Zu65Lu25paH5Lu2	com.xiaoji.egggame.features.gamepadconfig/values-zh-rCN/strings.commonMain.cvr	178
com.xiaoji.egggame.features.gamepadconfig	string	features_gamepad_config_ota_stage_prepare	准备升级	5YeG5aSH5Y2H57qn	com.xiaoji.egggame.features.gamepadconfig/values-zh-rCN/strings.commonMain.cvr	179
com.xiaoji.egggame.features.gamepadconfig	string	features_gamepad_config_ota_stage_processing	处理中	5aSE55CG5Lit	com.xiaoji.egggame.features.gamepadconfig/values-zh-rCN/strings.commonMain.cvr	180
com.xiaoji.egggame.features.gamepadconfig	string	features_gamepad_config_ota_stage_read_device_info	读取设备信息	6K+75Y+W6K6+5aSH5L+h5oGv	com.xiaoji.egggame.features.gamepadconfig/values-zh-rCN/strings.commonMain.cvr	181
com.xiaoji.egggame.features.gamepadconfig	string	features_gamepad_config_ota_stage_rebooting	设备重启	6K6+5aSH6YeN5ZCv	com.xiaoji.egggame.features.gamepadconfig/values-zh-rCN/strings.commonMain.cvr	182
com.xiaoji.egggame.features.gamepadconfig	string	features_gamepad_config_ota_stage_reconnecting	等待回连	562J5b6F5Zue6L+e	com.xiaoji.egggame.features.gamepadconfig/values-zh-rCN/strings.commonMain.cvr	183
com.xiaoji.egggame.features.gamepadconfig	string	features_gamepad_config_ota_stage_start	开始升级	5byA5aeL5Y2H57qn	com.xiaoji.egggame.features.gamepadconfig/values-zh-rCN/strings.commonMain.cvr	184
com.xiaoji.egggame.features.gamepadconfig	string	features_gamepad_config_ota_stage_transferring_data	传输数据	5Lyg6L6T5pWw5o2u	com.xiaoji.egggame.features.gamepadconfig/values-zh-rCN/strings.commonMain.cvr	185
com.xiaoji.egggame.features.gamepadconfig	string	features_gamepad_config_ota_stage_transferring_firmware	传输固件	5Lyg6L6T5Zu65Lu2	com.xiaoji.egggame.features.gamepadconfig/values-zh-rCN/strings.commonMain.cvr	186
com.xiaoji.egggame.features.gamepadconfig	string	features_gamepad_config_ota_stage_transferring_resource	传输资源包	5Lyg6L6T6LWE5rqQ5YyF	com.xiaoji.egggame.features.gamepadconfig/values-zh-rCN/strings.commonMain.cvr	187
com.xiaoji.egggame.features.gamepadconfig	string	features_gamepad_config_ota_stage_validating_firmware	校验固件	5qCh6aqM5Zu65Lu2	com.xiaoji.egggame.features.gamepadconfig/values-zh-rCN/strings.commonMain.cvr	188
com.xiaoji.egggame.features.gamepadconfig	string	features_gamepad_config_ota_status_failure	固件升级失败	5Zu65Lu25Y2H57qn5aSx6LSl	com.xiaoji.egggame.features.gamepadconfig/values-zh-rCN/strings.commonMain.cvr	189
com.xiaoji.egggame.features.gamepadconfig	string	features_gamepad_config_ota_status_preparing	升级环境检查中	5Y2H57qn546v5aKD5qOA5p+l5Lit	com.xiaoji.egggame.features.gamepadconfig/values-zh-rCN/strings.commonMain.cvr	190
com.xiaoji.egggame.features.gamepadconfig	string	features_gamepad_config_ota_status_stage_reason	阶段：%1$s，原因：%2$s	6Zi25q6177yaJTEkc++8jOWOn+WboO+8miUyJHM=	com.xiaoji.egggame.features.gamepadconfig/values-zh-rCN/strings.commonMain.cvr	191
com.xiaoji.egggame.features.gamepadconfig	string	features_gamepad_config_ota_status_success_restart	固件升级成功，请手动重启设备	5Zu65Lu25Y2H57qn5oiQ5Yqf77yM6K+35omL5Yqo6YeN5ZCv6K6+5aSH	com.xiaoji.egggame.features.gamepadconfig/values-zh-rCN/strings.commonMain.cvr	192
com.xiaoji.egggame.features.gamepadconfig	string	features_gamepad_config_ota_status_success	固件升级成功，请手动重启设备	5Zu65Lu25Y2H57qn5oiQ5Yqf77yM6K+35omL5Yqo6YeN5ZCv6K6+5aSH	com.xiaoji.egggame.features.gamepadconfig/values-zh-rCN/strings.commonMain.cvr	193
com.xiaoji.egggame.features.gamepadconfig	string	features_gamepad_config_ota_status_unknown_error	未知错误	5pyq55+l6ZSZ6K+v	com.xiaoji.egggame.features.gamepadconfig/values-zh-rCN/strings.commonMain.cvr	194
com.xiaoji.egggame.features.gamepadconfig	string	features_gamepad_config_ota_status_upgrading_in_progress	正在升级中 %1$d%	5q2j5Zyo5Y2H57qn5LitICUxJGQl	com.xiaoji.egggame.features.gamepadconfig/values-zh-rCN/strings.commonMain.cvr	195
com.xiaoji.egggame.features.gamepadconfig	string	features_gamepad_config_ota_status_upgrading_progress	正在升级 %1$d%	5q2j5Zyo5Y2H57qnICUxJGQl	com.xiaoji.egggame.features.gamepadconfig/values-zh-rCN/strings.commonMain.cvr	196
com.xiaoji.egggame.features.gamepadconfig	string	features_gamepad_config_ota_status_upgrading_rebooting	升级中（设备重启）	5Y2H57qn5Lit77yI6K6+5aSH6YeN5ZCv77yJ	com.xiaoji.egggame.features.gamepadconfig/values-zh-rCN/strings.commonMain.cvr	197
com.xiaoji.egggame.features.gamepadconfig	string	features_gamepad_config_ota_status_upgrading_reconnecting	升级中（等待回连）	5Y2H57qn5Lit77yI562J5b6F5Zue6L+e77yJ	com.xiaoji.egggame.features.gamepadconfig/values-zh-rCN/strings.commonMain.cvr	198
com.xiaoji.egggame.features.gamepadconfig	string	features_gamepad_config_ota_status_upgrading_stage_1	升级中（第1阶段/共2阶段）	5Y2H57qn5Lit77yI56ysMemYtuautS/lhbEy6Zi25q6177yJ	com.xiaoji.egggame.features.gamepadconfig/values-zh-rCN/strings.commonMain.cvr	199
com.xiaoji.egggame.features.gamepadconfig	string	features_gamepad_config_ota_status_upgrading_stage_2	升级中（第2阶段/共2阶段）	5Y2H57qn5Lit77yI56ysMumYtuautS/lhbEy6Zi25q6177yJ	com.xiaoji.egggame.features.gamepadconfig/values-zh-rCN/strings.commonMain.cvr	200
com.xiaoji.egggame.features.gamepadconfig	string	features_gamepad_config_ota_status_upgrading	升级中	5Y2H57qn5Lit	com.xiaoji.egggame.features.gamepadconfig/values-zh-rCN/strings.commonMain.cvr	201
com.xiaoji.egggame.features.gamepadconfig	string	features_gamepad_config_reset_current_dialog_message	将该页面所有设置恢复为出厂默认值，是否继续？	5bCG6K+l6aG16Z2i5omA5pyJ6K6+572u5oGi5aSN5Li65Ye65Y6C6buY6K6k5YC877yM5piv5ZCm57un57ut77yf	com.xiaoji.egggame.features.gamepadconfig/values-zh-rCN/strings.commonMain.cvr	202
com.xiaoji.egggame.features.gamepadconfig	string	features_gamepad_config_reset_current_page_hint	重置	6YeN572u	com.xiaoji.egggame.features.gamepadconfig/values-zh-rCN/strings.commonMain.cvr	203
com.xiaoji.egggame.features.gamepadconfig	string	features_gamepad_config_reset_dialog_message	将恢复全部设置为出厂默认值，是否继续？	5bCG5oGi5aSN5YWo6YOo6K6+572u5Li65Ye65Y6C6buY6K6k5YC877yM5piv5ZCm57un57ut77yf	com.xiaoji.egggame.features.gamepadconfig/values-zh-rCN/strings.commonMain.cvr	204
com.xiaoji.egggame.features.gamepadconfig	string	features_gamepad_config_reset_dialog_title	恢复默认	5oGi5aSN6buY6K6k	com.xiaoji.egggame.features.gamepadconfig/values-zh-rCN/strings.commonMain.cvr	205
com.xiaoji.egggame.features.gamepadconfig	string	features_gamepad_config_reset_fail	恢复默认失败	5oGi5aSN6buY6K6k5aSx6LSl	com.xiaoji.egggame.features.gamepadconfig/values-zh-rCN/strings.commonMain.cvr	206
com.xiaoji.egggame.features.gamepadconfig	string	features_gamepad_config_reset_success	恢复默认成功	5oGi5aSN6buY6K6k5oiQ5Yqf	com.xiaoji.egggame.features.gamepadconfig/values-zh-rCN/strings.commonMain.cvr	207
com.xiaoji.egggame.features.gamepadconfig	string	features_gamepad_config_section_common_title	常用	5bi455So	com.xiaoji.egggame.features.gamepadconfig/values-zh-rCN/strings.commonMain.cvr	208
com.xiaoji.egggame.features.gamepadconfig	string	features_gamepad_config_setting_connect_first	请先连接手柄后再操作	6K+35YWI6L+e5o6l5omL5p+E5ZCO5YaN5pON5L2c	com.xiaoji.egggame.features.gamepadconfig/values-zh-rCN/strings.commonMain.cvr	209
com.xiaoji.egggame.features.gamepadconfig	string	features_gamepad_config_setting_fetching_input_type	正在获取输入设备类型，请稍候	5q2j5Zyo6I635Y+W6L6T5YWl6K6+5aSH57G75Z6L77yM6K+356iN5YCZ	com.xiaoji.egggame.features.gamepadconfig/values-zh-rCN/strings.commonMain.cvr	210
com.xiaoji.egggame.features.gamepadconfig	string	features_gamepad_config_setting_function_settings	功能设置	5Yqf6IO96K6+572u	com.xiaoji.egggame.features.gamepadconfig/values-zh-rCN/strings.commonMain.cvr	211
com.xiaoji.egggame.features.gamepadconfig	string	features_gamepad_config_setting_key_mapping	按键映射	5oyJ6ZSu5pig5bCE	com.xiaoji.egggame.features.gamepadconfig/values-zh-rCN/strings.commonMain.cvr	212
com.xiaoji.egggame.features.gamepadconfig	string	features_gamepad_config_setting_key_settings	按键设置	5oyJ6ZSu6K6+572u	com.xiaoji.egggame.features.gamepadconfig/values-zh-rCN/strings.commonMain.cvr	213
com.xiaoji.egggame.features.gamepadconfig	string	features_gamepad_config_setting_title	手柄设置	5omL5p+E6K6+572u	com.xiaoji.egggame.features.gamepadconfig/values-zh-rCN/strings.commonMain.cvr	214
com.xiaoji.egggame.features.gamepadconfig	string	features_gamepad_config_slot_option	配置 %1$d	6YWN572uICUxJGQ=	com.xiaoji.egggame.features.gamepadconfig/values-zh-rCN/strings.commonMain.cvr	215
com.xiaoji.egggame.features.gamepadconfig	string	features_gamepad_config_slot_switch_fail	手柄配置切换失败	5omL5p+E6YWN572u5YiH5o2i5aSx6LSl	com.xiaoji.egggame.features.gamepadconfig/values-zh-rCN/strings.commonMain.cvr	216
com.xiaoji.egggame.features.gamepadconfig	string	features_gamepad_config_slot_switch_success	手柄配置已切换	5omL5p+E6YWN572u5bey5YiH5o2i	com.xiaoji.egggame.features.gamepadconfig/values-zh-rCN/strings.commonMain.cvr	217
com.xiaoji.egggame.features.gamepadconfig	string	features_gamepad_config_slot_title	手柄配置	5omL5p+E6YWN572u	com.xiaoji.egggame.features.gamepadconfig/values-zh-rCN/strings.commonMain.cvr	218
com.xiaoji.egggame.features.gamepadconfig	string	features_gamepad_config_slot_value	配置 %1$d	6YWN572uICUxJGQ=	com.xiaoji.egggame.features.gamepadconfig/values-zh-rCN/strings.commonMain.cvr	219
com.xiaoji.egggame.features.gamepadconfig	string	features_gamepad_config_test_big_calibration	摇杆和扳机校准	5pGH5p2G5ZKM5omz5py65qCh5YeG	com.xiaoji.egggame.features.gamepadconfig/values-zh-rCN/strings.commonMain.cvr	220
com.xiaoji.egggame.features.gamepadconfig	string	features_gamepad_config_test_big_home_exit_hint_prefix	长按	6ZW/5oyJ	com.xiaoji.egggame.features.gamepadconfig/values-zh-rCN/strings.commonMain.cvr	221
com.xiaoji.egggame.features.gamepadconfig	string	features_gamepad_config_test_big_home_exit_hint_suffix	退出测试	6YCA5Ye65rWL6K+V	com.xiaoji.egggame.features.gamepadconfig/values-zh-rCN/strings.commonMain.cvr	222
com.xiaoji.egggame.features.gamepadconfig	string	features_gamepad_config_test_big_home_exit_hint	长按 HOME 退出测试	6ZW/5oyJIEhPTUUg6YCA5Ye65rWL6K+V	com.xiaoji.egggame.features.gamepadconfig/values-zh-rCN/strings.commonMain.cvr	223
com.xiaoji.egggame.features.gamepadconfig	string	features_gamepad_config_test_big_title	手柄测试	5omL5p+E5rWL6K+V	com.xiaoji.egggame.features.gamepadconfig/values-zh-rCN/strings.commonMain.cvr	224
com.xiaoji.egggame.features.gamepadconfig	string	features_gamepad_config_test_title	按键测试	5oyJ6ZSu5rWL6K+V	com.xiaoji.egggame.features.gamepadconfig/values-zh-rCN/strings.commonMain.cvr	225
com.xiaoji.egggame.features.gamepadconfig	string	features_gamepad_config_trigger_setting_back_dead_zone	后死区	5ZCO5q275Yy6	com.xiaoji.egggame.features.gamepadconfig/values-zh-rCN/strings.commonMain.cvr	226
com.xiaoji.egggame.features.gamepadconfig	string	features_gamepad_config_trigger_setting_front_dead_zone	前死区	5YmN5q275Yy6	com.xiaoji.egggame.features.gamepadconfig/values-zh-rCN/strings.commonMain.cvr	227
com.xiaoji.egggame.features.gamepadconfig	string	features_gamepad_config_trigger_setting_left_dead_zone	左扳机死区	5bem5omz5py65q275Yy6	com.xiaoji.egggame.features.gamepadconfig/values-zh-rCN/strings.commonMain.cvr	228
com.xiaoji.egggame.features.gamepadconfig	string	features_gamepad_config_trigger_setting_left_quick_mode	左快速扳机	5bem5b+r6YCf5omz5py6	com.xiaoji.egggame.features.gamepadconfig/values-zh-rCN/strings.commonMain.cvr	229
com.xiaoji.egggame.features.gamepadconfig	string	features_gamepad_config_trigger_setting_right_dead_zone	右扳机死区	5Y+z5omz5py65q275Yy6	com.xiaoji.egggame.features.gamepadconfig/values-zh-rCN/strings.commonMain.cvr	230
com.xiaoji.egggame.features.gamepadconfig	string	features_gamepad_config_trigger_setting_right_quick_mode	右快速扳机	5Y+z5b+r6YCf5omz5py6	com.xiaoji.egggame.features.gamepadconfig/values-zh-rCN/strings.commonMain.cvr	231
com.xiaoji.egggame.features.gamepadconfig	string	features_gamepad_config_trigger_setting_title	扳机设置	5omz5py66K6+572u	com.xiaoji.egggame.features.gamepadconfig/values-zh-rCN/strings.commonMain.cvr	232
com.xiaoji.egggame.features.gamepadconfig	string	features_gamepad_config_trigger_setting_trigger_left	左扳机	5bem5omz5py6	com.xiaoji.egggame.features.gamepadconfig/values-zh-rCN/strings.commonMain.cvr	233
com.xiaoji.egggame.features.gamepadconfig	string	features_gamepad_config_trigger_setting_trigger_right	右扳机	5Y+z5omz5py6	com.xiaoji.egggame.features.gamepadconfig/values-zh-rCN/strings.commonMain.cvr	234
com.xiaoji.egggame.features.gamepadconfig	string	features_gamepad_config_vibration_setting_experience_grip_desc	按下LT或者RT体验握把震动效果	5oyJ5LiLTFTmiJbogIVSVOS9k+mqjOaPoeaKiumch+WKqOaViOaenA==	com.xiaoji.egggame.features.gamepadconfig/values-zh-rCN/strings.commonMain.cvr	235
com.xiaoji.egggame.features.gamepadconfig	string	features_gamepad_config_vibration_setting_experience_grip	体验握把震动	5L2T6aqM5o+h5oqK6ZyH5Yqo	com.xiaoji.egggame.features.gamepadconfig/values-zh-rCN/strings.commonMain.cvr	236
com.xiaoji.egggame.features.gamepadconfig	string	features_gamepad_config_vibration_setting_experience_hint	按住体验震动	5oyJ5L2P5L2T6aqM6ZyH5Yqo	com.xiaoji.egggame.features.gamepadconfig/values-zh-rCN/strings.commonMain.cvr	237
com.xiaoji.egggame.features.gamepadconfig	string	features_gamepad_config_vibration_setting_experience_trigger	体验扳机震动	5L2T6aqM5omz5py66ZyH5Yqo	com.xiaoji.egggame.features.gamepadconfig/values-zh-rCN/strings.commonMain.cvr	238
com.xiaoji.egggame.features.gamepadconfig	string	features_gamepad_config_vibration_setting_grip_strength	握把强度	5o+h5oqK5by65bqm	com.xiaoji.egggame.features.gamepadconfig/values-zh-rCN/strings.commonMain.cvr	239
com.xiaoji.egggame.features.gamepadconfig	string	features_gamepad_config_vibration_setting_left_grip	左握把震动强度	5bem5o+h5oqK6ZyH5Yqo5by65bqm	com.xiaoji.egggame.features.gamepadconfig/values-zh-rCN/strings.commonMain.cvr	240
com.xiaoji.egggame.features.gamepadconfig	string	features_gamepad_config_vibration_setting_left_trigger_pressed	左扳机按压震动	5bem5omz5py65oyJ5Y6L6ZyH5Yqo	com.xiaoji.egggame.features.gamepadconfig/values-zh-rCN/strings.commonMain.cvr	241
com.xiaoji.egggame.features.gamepadconfig	string	features_gamepad_config_vibration_setting_left_trigger_sync	左扳机同步震动	5bem5omz5py65ZCM5q2l6ZyH5Yqo	com.xiaoji.egggame.features.gamepadconfig/values-zh-rCN/strings.commonMain.cvr	242
com.xiaoji.egggame.features.gamepadconfig	string	features_gamepad_config_vibration_setting_left_trigger	左扳机震动强度	5bem5omz5py66ZyH5Yqo5by65bqm	com.xiaoji.egggame.features.gamepadconfig/values-zh-rCN/strings.commonMain.cvr	243
com.xiaoji.egggame.features.gamepadconfig	string	features_gamepad_config_vibration_setting_right_grip	右握把震动强度	5Y+z5o+h5oqK6ZyH5Yqo5by65bqm	com.xiaoji.egggame.features.gamepadconfig/values-zh-rCN/strings.commonMain.cvr	244
com.xiaoji.egggame.features.gamepadconfig	string	features_gamepad_config_vibration_setting_right_trigger_pressed	右扳机按压震动	5Y+z5omz5py65oyJ5Y6L6ZyH5Yqo	com.xiaoji.egggame.features.gamepadconfig/values-zh-rCN/strings.commonMain.cvr	245
com.xiaoji.egggame.features.gamepadconfig	string	features_gamepad_config_vibration_setting_right_trigger_sync	右扳机同步震动	5Y+z5omz5py65ZCM5q2l6ZyH5Yqo	com.xiaoji.egggame.features.gamepadconfig/values-zh-rCN/strings.commonMain.cvr	246
com.xiaoji.egggame.features.gamepadconfig	string	features_gamepad_config_vibration_setting_right_trigger	右扳机震动强度	5Y+z5omz5py66ZyH5Yqo5by65bqm	com.xiaoji.egggame.features.gamepadconfig/values-zh-rCN/strings.commonMain.cvr	247
com.xiaoji.egggame.features.gamepadconfig	string	features_gamepad_config_vibration_setting_title	振动设置	5oyv5Yqo6K6+572u	com.xiaoji.egggame.features.gamepadconfig/values-zh-rCN/strings.commonMain.cvr	248
com.xiaoji.egggame.features.gamepadconfig	string	features_gamepad_devices_have_disconnect	设备已经断开连接	6K6+5aSH5bey57uP5pat5byA6L+e5o6l	com.xiaoji.egggame.features.gamepadconfig/values-zh-rCN/strings.commonMain.cvr	249
com.xiaoji.egggame.features.gamepadconfig	string	gamepad_light_setting_brightness	亮度	5Lqu5bqm	com.xiaoji.egggame.features.gamepadconfig/values-zh-rCN/strings.commonMain.cvr	250
com.xiaoji.egggame.features.gamepadconfig	string	gamepad_light_setting_button_lights	按键灯光	5oyJ6ZSu54Gv5YWJ	com.xiaoji.egggame.features.gamepadconfig/values-zh-rCN/strings.commonMain.cvr	251
com.xiaoji.egggame.features.gamepadconfig	string	gamepad_light_setting_effect_breathe	呼吸	5ZG85ZC4	com.xiaoji.egggame.features.gamepadconfig/values-zh-rCN/strings.commonMain.cvr	252
com.xiaoji.egggame.features.gamepadconfig	string	gamepad_light_setting_effect_flow	流光	5rWB5YWJ	com.xiaoji.egggame.features.gamepadconfig/values-zh-rCN/strings.commonMain.cvr	253
com.xiaoji.egggame.features.gamepadconfig	string	gamepad_light_setting_effect_off	关闭	5YWz6Zet	com.xiaoji.egggame.features.gamepadconfig/values-zh-rCN/strings.commonMain.cvr	254
com.xiaoji.egggame.features.gamepadconfig	string	gamepad_light_setting_effect_radar	雷达	6Zu36L6+	com.xiaoji.egggame.features.gamepadconfig/values-zh-rCN/strings.commonMain.cvr	255
com.xiaoji.egggame.features.gamepadconfig	string	gamepad_light_setting_effect_rainbow	彩虹	5b2p6Jm5	com.xiaoji.egggame.features.gamepadconfig/values-zh-rCN/strings.commonMain.cvr	256
com.xiaoji.egggame.features.gamepadconfig	string	gamepad_light_setting_effect_solid	常亮	5bi45Lqu	com.xiaoji.egggame.features.gamepadconfig/values-zh-rCN/strings.commonMain.cvr	257
com.xiaoji.egggame.features.gamepadconfig	string	gamepad_light_setting_home_light_left_down	HOME 灯 - 左下	SE9NRSDnga8gLSDlt6bkuIs=	com.xiaoji.egggame.features.gamepadconfig/values-zh-rCN/strings.commonMain.cvr	258
com.xiaoji.egggame.features.gamepadconfig	string	gamepad_light_setting_home_light_left_up	HOME 灯 - 左上	SE9NRSDnga8gLSDlt6bkuIo=	com.xiaoji.egggame.features.gamepadconfig/values-zh-rCN/strings.commonMain.cvr	259
com.xiaoji.egggame.features.gamepadconfig	string	gamepad_light_setting_home_light_right_down	HOME 灯 - 右下	SE9NRSDnga8gLSDlj7PkuIs=	com.xiaoji.egggame.features.gamepadconfig/values-zh-rCN/strings.commonMain.cvr	260
com.xiaoji.egggame.features.gamepadconfig	string	gamepad_light_setting_home_light_right_up	HOME 灯 - 右上	SE9NRSDnga8gLSDlj7PkuIo=	com.xiaoji.egggame.features.gamepadconfig/values-zh-rCN/strings.commonMain.cvr	261
com.xiaoji.egggame.features.gamepadconfig	string	gamepad_light_setting_home_light	HOME 灯	SE9NRSDnga8=	com.xiaoji.egggame.features.gamepadconfig/values-zh-rCN/strings.commonMain.cvr	262
com.xiaoji.egggame.features.gamepadconfig	string	gamepad_light_setting_lamp_bead_color	灯珠颜色	54Gv54+g6aKc6Imy	com.xiaoji.egggame.features.gamepadconfig/values-zh-rCN/strings.commonMain.cvr	263
com.xiaoji.egggame.features.gamepadconfig	string	gamepad_light_setting_lamp_strip	灯带	54Gv5bim	com.xiaoji.egggame.features.gamepadconfig/values-zh-rCN/strings.commonMain.cvr	264
com.xiaoji.egggame.features.gamepadconfig	string	gamepad_light_setting_led_left_down	左下	5bem5LiL	com.xiaoji.egggame.features.gamepadconfig/values-zh-rCN/strings.commonMain.cvr	265
com.xiaoji.egggame.features.gamepadconfig	string	gamepad_light_setting_led_left_up	左上	5bem5LiK	com.xiaoji.egggame.features.gamepadconfig/values-zh-rCN/strings.commonMain.cvr	266
com.xiaoji.egggame.features.gamepadconfig	string	gamepad_light_setting_led_right_down	右下	5Y+z5LiL	com.xiaoji.egggame.features.gamepadconfig/values-zh-rCN/strings.commonMain.cvr	267
com.xiaoji.egggame.features.gamepadconfig	string	gamepad_light_setting_led_right_up	右上	5Y+z5LiK	com.xiaoji.egggame.features.gamepadconfig/values-zh-rCN/strings.commonMain.cvr	268
com.xiaoji.egggame.features.gamepadconfig	string	gamepad_light_setting_left_ring_color	左灯环颜色	5bem54Gv546v6aKc6Imy	com.xiaoji.egggame.features.gamepadconfig/values-zh-rCN/strings.commonMain.cvr	269
com.xiaoji.egggame.features.gamepadconfig	string	gamepad_light_setting_lighting_effect	灯效	54Gv5pWI	com.xiaoji.egggame.features.gamepadconfig/values-zh-rCN/strings.commonMain.cvr	270
com.xiaoji.egggame.features.gamepadconfig	string	gamepad_light_setting_right_ring_color	右灯环颜色	5Y+z54Gv546v6aKc6Imy	com.xiaoji.egggame.features.gamepadconfig/values-zh-rCN/strings.commonMain.cvr	271
com.xiaoji.egggame.features.gamepadconfig	string	gamepad_light_setting_ring_sync	灯环同步	54Gv546v5ZCM5q2l	com.xiaoji.egggame.features.gamepadconfig/values-zh-rCN/strings.commonMain.cvr	272
com.xiaoji.egggame.features.gamepadconfig	string	gamepad_light_setting_saturation	饱和度	6aWx5ZKM5bqm	com.xiaoji.egggame.features.gamepadconfig/values-zh-rCN/strings.commonMain.cvr	273
com.xiaoji.egggame.features.gamepadconfig	string	gamepad_light_setting_speed	速度	6YCf5bqm	com.xiaoji.egggame.features.gamepadconfig/values-zh-rCN/strings.commonMain.cvr	274
com.xiaoji.egggame.features.gamepadconnect	string	features_gamepad_connect_add_controller	添加手柄	5re75Yqg5omL5p+E	com.xiaoji.egggame.features.gamepadconnect/values-zh-rCN/strings.commonMain.cvr	2
com.xiaoji.egggame.features.gamepadconnect	string	features_gamepad_connect_add_device	添加设备	5re75Yqg6K6+5aSH	com.xiaoji.egggame.features.gamepadconnect/values-zh-rCN/strings.commonMain.cvr	3
com.xiaoji.egggame.features.gamepadconnect	string	features_gamepad_connect_already_connected	设备已经连接	6K6+5aSH5bey57uP6L+e5o6l	com.xiaoji.egggame.features.gamepadconnect/values-zh-rCN/strings.commonMain.cvr	4
com.xiaoji.egggame.features.gamepadconnect	string	features_gamepad_connect_attempt_progress	尝试 %1$d/%2$d: %3$s	5bCd6K+VICUxJGQvJTIkZDogJTMkcw==	com.xiaoji.egggame.features.gamepadconnect/values-zh-rCN/strings.commonMain.cvr	5
com.xiaoji.egggame.features.gamepadconnect	string	features_gamepad_connect_attempt_variant_ble_fallback_standalone	BLE (兜底)	QkxFICjlhZzlupUp	com.xiaoji.egggame.features.gamepadconnect/values-zh-rCN/strings.commonMain.cvr	6
com.xiaoji.egggame.features.gamepadconnect	string	features_gamepad_connect_attempt_variant_ble_fallback	%1$s (BLE 回退)	JTEkcyAoQkxFIOWbnumAgCk=	com.xiaoji.egggame.features.gamepadconnect/values-zh-rCN/strings.commonMain.cvr	7
com.xiaoji.egggame.features.gamepadconnect	string	features_gamepad_connect_attempt_variant_ble_generic_classic_fallback	通用 BLE (经典蓝牙兜底)	6YCa55SoIEJMRSAo57uP5YW46JOd54mZ5YWc5bqVKQ==	com.xiaoji.egggame.features.gamepadconnect/values-zh-rCN/strings.commonMain.cvr	8
com.xiaoji.egggame.features.gamepadconnect	string	features_gamepad_connect_attempt_variant_ble_generic_usb_fallback	通用 BLE (USB 兜底)	6YCa55SoIEJMRSAoVVNCIOWFnOW6lSk=	com.xiaoji.egggame.features.gamepadconnect/values-zh-rCN/strings.commonMain.cvr	9
com.xiaoji.egggame.features.gamepadconnect	string	features_gamepad_connect_attempt_variant_ble_generic	通用 BLE	6YCa55SoIEJMRQ==	com.xiaoji.egggame.features.gamepadconnect/values-zh-rCN/strings.commonMain.cvr	10
com.xiaoji.egggame.features.gamepadconnect	string	features_gamepad_connect_attempt_variant_bonded_ble_direct	%1$s (BLE 已配对直连)	JTEkcyAoQkxFIOW3sumFjeWvueebtOi/nik=	com.xiaoji.egggame.features.gamepadconnect/values-zh-rCN/strings.commonMain.cvr	11
com.xiaoji.egggame.features.gamepadconnect	string	features_gamepad_connect_attempt_variant_bonded_direct	%1$s (已配对直连)	JTEkcyAo5bey6YWN5a+555u06L+eKQ==	com.xiaoji.egggame.features.gamepadconnect/values-zh-rCN/strings.commonMain.cvr	12
com.xiaoji.egggame.features.gamepadconnect	string	features_gamepad_connect_attempt_variant_cached_direct	%1$s (缓存直连)	JTEkcyAo57yT5a2Y55u06L+eKQ==	com.xiaoji.egggame.features.gamepadconnect/values-zh-rCN/strings.commonMain.cvr	13
com.xiaoji.egggame.features.gamepadconnect	string	features_gamepad_connect_attempt_variant_classic_bt_ble_standalone	经典蓝牙 + BLE	57uP5YW46JOd54mZICsgQkxF	com.xiaoji.egggame.features.gamepadconnect/values-zh-rCN/strings.commonMain.cvr	14
com.xiaoji.egggame.features.gamepadconnect	string	features_gamepad_connect_attempt_variant_classic_bt_standalone	经典蓝牙	57uP5YW46JOd54mZ	com.xiaoji.egggame.features.gamepadconnect/values-zh-rCN/strings.commonMain.cvr	15
com.xiaoji.egggame.features.gamepadconnect	string	features_gamepad_connect_attempt_variant_classic_bt_suffix	%1$s (经典蓝牙)	JTEkcyAo57uP5YW46JOd54mZKQ==	com.xiaoji.egggame.features.gamepadconnect/values-zh-rCN/strings.commonMain.cvr	16
com.xiaoji.egggame.features.gamepadconnect	string	features_gamepad_connect_attempt_variant_connected_direct	%1$s (已连接直连)	JTEkcyAo5bey6L+e5o6l55u06L+eKQ==	com.xiaoji.egggame.features.gamepadconnect/values-zh-rCN/strings.commonMain.cvr	17
com.xiaoji.egggame.features.gamepadconnect	string	features_gamepad_connect_attempt_variant_connecting	%1$s (连接中)	JTEkcyAo6L+e5o6l5LitKQ==	com.xiaoji.egggame.features.gamepadconnect/values-zh-rCN/strings.commonMain.cvr	18
com.xiaoji.egggame.features.gamepadconnect	string	features_gamepad_connect_attempt_variant_direct_retry	%1$s (直连重试)	JTEkcyAo55u06L+e6YeN6K+VKQ==	com.xiaoji.egggame.features.gamepadconnect/values-zh-rCN/strings.commonMain.cvr	19
com.xiaoji.egggame.features.gamepadconnect	string	features_gamepad_connect_attempt_variant_edr_direct	%1$s (EDR 直连)	JTEkcyAoRURSIOebtOi/nik=	com.xiaoji.egggame.features.gamepadconnect/values-zh-rCN/strings.commonMain.cvr	20
com.xiaoji.egggame.features.gamepadconnect	string	features_gamepad_connect_attempt_variant_mfi	%1$s MFi	JTEkcyBNRmk=	com.xiaoji.egggame.features.gamepadconnect/values-zh-rCN/strings.commonMain.cvr	21
com.xiaoji.egggame.features.gamepadconnect	string	features_gamepad_connect_attempt_variant_usb_ble_standalone	USB + BLE	VVNCICsgQkxF	com.xiaoji.egggame.features.gamepadconnect/values-zh-rCN/strings.commonMain.cvr	22
com.xiaoji.egggame.features.gamepadconnect	string	features_gamepad_connect_attempt_variant_usb_generic	通用 USB	6YCa55SoIFVTQg==	com.xiaoji.egggame.features.gamepadconnect/values-zh-rCN/strings.commonMain.cvr	23
com.xiaoji.egggame.features.gamepadconnect	string	features_gamepad_connect_attempt_variant_waiting_bond_confirm	%1$s (等待配对确认)	JTEkcyAo562J5b6F6YWN5a+556Gu6K6kKQ==	com.xiaoji.egggame.features.gamepadconnect/values-zh-rCN/strings.commonMain.cvr	24
com.xiaoji.egggame.features.gamepadconnect	string	features_gamepad_connect_attempt_variant_waiting_connect	%1$s (等待连接)	JTEkcyAo562J5b6F6L+e5o6lKQ==	com.xiaoji.egggame.features.gamepadconnect/values-zh-rCN/strings.commonMain.cvr	25
com.xiaoji.egggame.features.gamepadconnect	string	features_gamepad_connect_bt_enabled_reconnect	已开启，重新连接	5bey5byA5ZCv77yM6YeN5paw6L+e5o6l	com.xiaoji.egggame.features.gamepadconnect/values-zh-rCN/strings.commonMain.cvr	26
com.xiaoji.egggame.features.gamepadconnect	string	features_gamepad_connect_bt_pair_limit_confirm	去设置	5Y676K6+572u	com.xiaoji.egggame.features.gamepadconnect/values-zh-rCN/strings.commonMain.cvr	27
com.xiaoji.egggame.features.gamepadconnect	string	features_gamepad_connect_bt_pair_limit_title	当前已配对设备数为 %1$d，可能会影响连接。请进入系统蓝牙设置清理不常用设备。	5b2T5YmN5bey6YWN5a+56K6+5aSH5pWw5Li6ICUxJGTvvIzlj6/og73kvJrlvbHlk43ov57mjqXjgILor7fov5vlhaXns7vnu5/ok53niZnorr7nva7muIXnkIbkuI3luLjnlKjorr7lpIfjgII=	com.xiaoji.egggame.features.gamepadconnect/values-zh-rCN/strings.commonMain.cvr	28
com.xiaoji.egggame.features.gamepadconnect	string	features_gamepad_connect_bt_paired_reconnect	已配对，重新连接	5bey6YWN5a+577yM6YeN5paw6L+e5o6l	com.xiaoji.egggame.features.gamepadconnect/values-zh-rCN/strings.commonMain.cvr	29
com.xiaoji.egggame.features.gamepadconnect	string	features_gamepad_connect_card_status_not_connected	未连接	5pyq6L+e5o6l	com.xiaoji.egggame.features.gamepadconnect/values-zh-rCN/strings.commonMain.cvr	30
com.xiaoji.egggame.features.gamepadconnect	string	features_gamepad_connect_delete_device_confirm	是否确认删除	5piv5ZCm56Gu6K6k5Yig6Zmk	com.xiaoji.egggame.features.gamepadconnect/values-zh-rCN/strings.commonMain.cvr	31
com.xiaoji.egggame.features.gamepadconnect	string	features_gamepad_connect_delete_device	删除设备	5Yig6Zmk6K6+5aSH	com.xiaoji.egggame.features.gamepadconnect/values-zh-rCN/strings.commonMain.cvr	32
com.xiaoji.egggame.features.gamepadconnect	string	features_gamepad_connect_device_fallback_name	设备	6K6+5aSH	com.xiaoji.egggame.features.gamepadconnect/values-zh-rCN/strings.commonMain.cvr	33
com.xiaoji.egggame.features.gamepadconnect	string	features_gamepad_connect_device_list_title	添加设备	5re75Yqg6K6+5aSH	com.xiaoji.egggame.features.gamepadconnect/values-zh-rCN/strings.commonMain.cvr	34
com.xiaoji.egggame.features.gamepadconnect	string	features_gamepad_connect_edr_guidance	确保外设正确连接，提示灯处于常亮状态	56Gu5L+d5aSW6K6+5q2j56Gu6L+e5o6l77yM5o+Q56S654Gv5aSE5LqO5bi45Lqu54q25oCB	com.xiaoji.egggame.features.gamepadconnect/values-zh-rCN/strings.commonMain.cvr	35
com.xiaoji.egggame.features.gamepadconnect	string	features_gamepad_connect_edr_open_system_bt	手动连接	5omL5Yqo6L+e5o6l	com.xiaoji.egggame.features.gamepadconnect/values-zh-rCN/strings.commonMain.cvr	36
com.xiaoji.egggame.features.gamepadconnect	string	features_gamepad_connect_edr_title	未发现外设	5pyq5Y+R546w5aSW6K6+	com.xiaoji.egggame.features.gamepadconnect/values-zh-rCN/strings.commonMain.cvr	37
com.xiaoji.egggame.features.gamepadconnect	string	features_gamepad_connect_error_bt_disabled	蓝牙未开启	6JOd54mZ5pyq5byA5ZCv	com.xiaoji.egggame.features.gamepadconnect/values-zh-rCN/strings.commonMain.cvr	38
com.xiaoji.egggame.features.gamepadconnect	string	features_gamepad_connect_error_bt_not_paired	蓝牙未配对	6JOd54mZ5pyq6YWN5a+5	com.xiaoji.egggame.features.gamepadconnect/values-zh-rCN/strings.commonMain.cvr	39
com.xiaoji.egggame.features.gamepadconnect	string	features_gamepad_connect_error_generic	连接失败	6L+e5o6l5aSx6LSl	com.xiaoji.egggame.features.gamepadconnect/values-zh-rCN/strings.commonMain.cvr	40
com.xiaoji.egggame.features.gamepadconnect	string	features_gamepad_connect_error_missing_permission	缺少权限	57y65bCR5p2D6ZmQ	com.xiaoji.egggame.features.gamepadconnect/values-zh-rCN/strings.commonMain.cvr	41
com.xiaoji.egggame.features.gamepadconnect	string	features_gamepad_connect_error_tip_default	确保外设正确连接，提示灯处于常亮状态	56Gu5L+d5aSW6K6+5q2j56Gu6L+e5o6l77yM5o+Q56S654Gv5aSE5LqO5bi45Lqu54q25oCB	com.xiaoji.egggame.features.gamepadconnect/values-zh-rCN/strings.commonMain.cvr	42
com.xiaoji.egggame.features.gamepadconnect	string	features_gamepad_connect_error_tip_otg	*部分安卓手机需要打开 OTG 功能，请手动开启	KumDqOWIhuWuieWNk+aJi+acuumcgOimgeaJk+W8gCBPVEcg5Yqf6IO977yM6K+35omL5Yqo5byA5ZCv	com.xiaoji.egggame.features.gamepadconnect/values-zh-rCN/strings.commonMain.cvr	43
com.xiaoji.egggame.features.gamepadconnect	string	features_gamepad_connect_firmware_version	固件版本：%1$s	5Zu65Lu254mI5pys77yaJTEkcw==	com.xiaoji.egggame.features.gamepadconnect/values-zh-rCN/strings.commonMain.cvr	44
com.xiaoji.egggame.features.gamepadconnect	string	features_gamepad_connect_go_bt_settings	去蓝牙设置	5Y676JOd54mZ6K6+572u	com.xiaoji.egggame.features.gamepadconnect/values-zh-rCN/strings.commonMain.cvr	45
com.xiaoji.egggame.features.gamepadconnect	string	features_gamepad_connect_mode_switch_cancel	暂不切换	5pqC5LiN5YiH5o2i	com.xiaoji.egggame.features.gamepadconnect/values-zh-rCN/strings.commonMain.cvr	46
com.xiaoji.egggame.features.gamepadconnect	string	features_gamepad_connect_mode_switch_confirm	切换模式	5YiH5o2i5qih5byP	com.xiaoji.egggame.features.gamepadconnect/values-zh-rCN/strings.commonMain.cvr	47
com.xiaoji.egggame.features.gamepadconnect	string	features_gamepad_connect_mode_switch_message	当前手柄处于 HID 模式，此功能需要 GTouch 模式。\n点击【切换模式】后：\n1. 手柄关机，长按 Home + 右肩键开机\n2. App 将自动搜索并连接	5b2T5YmN5omL5p+E5aSE5LqOIEhJRCDmqKHlvI/vvIzmraTlip/og73pnIDopoEgR1RvdWNoIOaooeW8j+OAggrngrnlh7vjgJDliIfmjaLmqKHlvI/jgJHlkI7vvJoKMS4g5omL5p+E5YWz5py677yM6ZW/5oyJIEhvbWUgKyDlj7PogqnplK7lvIDmnLoKMi4gQXBwIOWwhuiHquWKqOaQnOe0ouW5tui/nuaOpQ==	com.xiaoji.egggame.features.gamepadconnect/values-zh-rCN/strings.commonMain.cvr	48
com.xiaoji.egggame.features.gamepadconnect	string	features_gamepad_connect_mode_switch_ota_cancel	暂不升级	5pqC5LiN5Y2H57qn	com.xiaoji.egggame.features.gamepadconnect/values-zh-rCN/strings.commonMain.cvr	49
com.xiaoji.egggame.features.gamepadconnect	string	features_gamepad_connect_mode_switch_ota_confirm	继续升级	57un57ut5Y2H57qn	com.xiaoji.egggame.features.gamepadconnect/values-zh-rCN/strings.commonMain.cvr	50
com.xiaoji.egggame.features.gamepadconnect	string	features_gamepad_connect_mode_switch_ota_message	请点击"继续升级"，手柄会自动取消配对并进入回连状态。	6K+354K55Ye7Iue7p+e7reWNh+e6pyLvvIzmiYvmn4TkvJroh6rliqjlj5bmtojphY3lr7nlubbov5vlhaXlm57ov57nirbmgIHjgII=	com.xiaoji.egggame.features.gamepadconnect/values-zh-rCN/strings.commonMain.cvr	51
com.xiaoji.egggame.features.gamepadconnect	string	features_gamepad_connect_mode_switch_ota_note	注意：\n1.部分机型点击"继续升级"会跳转到系统蓝牙，手动"取消配对"后直接回到固件升级页即可。\n2.如手柄连接失败，长按手柄Home键至手柄关机，重新开机连接。	5rOo5oSP77yaCjEu6YOo5YiG5py65Z6L54K55Ye7Iue7p+e7reWNh+e6pyLkvJrot7PovazliLDns7vnu5/ok53niZnvvIzmiYvliqgi5Y+W5raI6YWN5a+5IuWQjuebtOaOpeWbnuWIsOWbuuS7tuWNh+e6p+mhteWNs+WPr+OAggoyLuWmguaJi+afhOi/nuaOpeWksei0pe+8jOmVv+aMieaJi+afhEhvbWXplK7oh7PmiYvmn4TlhbPmnLrvvIzph43mlrDlvIDmnLrov57mjqXjgII=	com.xiaoji.egggame.features.gamepadconnect/values-zh-rCN/strings.commonMain.cvr	52
com.xiaoji.egggame.features.gamepadconnect	string	features_gamepad_connect_mode_switch_ota_title	手柄需进入升级模式	5omL5p+E6ZyA6L+b5YWl5Y2H57qn5qih5byP	com.xiaoji.egggame.features.gamepadconnect/values-zh-rCN/strings.commonMain.cvr	53
com.xiaoji.egggame.features.gamepadconnect	string	features_gamepad_connect_mode_switch_title	手柄需进入 GTouch 模式	5omL5p+E6ZyA6L+b5YWlIEdUb3VjaCDmqKHlvI8=	com.xiaoji.egggame.features.gamepadconnect/values-zh-rCN/strings.commonMain.cvr	54
com.xiaoji.egggame.features.gamepadconnect	string	features_gamepad_connect_my_device_dfu_mode_blocked	当前处于升级模式，该功能暂不可用	5b2T5YmN5aSE5LqO5Y2H57qn5qih5byP77yM6K+l5Yqf6IO95pqC5LiN5Y+v55So	com.xiaoji.egggame.features.gamepadconnect/values-zh-rCN/strings.commonMain.cvr	55
com.xiaoji.egggame.features.gamepadconnect	string	features_gamepad_connect_my_device_orientation_switched_to_landscape	已自动切换至掌机模式	5bey6Ieq5Yqo5YiH5o2i6Iez5o6M5py65qih5byP	com.xiaoji.egggame.features.gamepadconnect/values-zh-rCN/strings.commonMain.cvr	56
com.xiaoji.egggame.features.gamepadconnect	string	features_gamepad_connect_my_device_orientation_switched_to_portrait	已自动切换至探索模式	5bey6Ieq5Yqo5YiH5o2i6Iez5o6i57Si5qih5byP	com.xiaoji.egggame.features.gamepadconnect/values-zh-rCN/strings.commonMain.cvr	57
com.xiaoji.egggame.features.gamepadconnect	string	features_gamepad_connect_my_device	我的设备	5oiR55qE6K6+5aSH	com.xiaoji.egggame.features.gamepadconnect/values-zh-rCN/strings.commonMain.cvr	58
com.xiaoji.egggame.features.gamepadconnect	string	features_gamepad_connect_permission_android_location	授权"附近设备"	5o6I5p2DIumZhOi/keiuvuWkhyI=	com.xiaoji.egggame.features.gamepadconnect/values-zh-rCN/strings.commonMain.cvr	59
com.xiaoji.egggame.features.gamepadconnect	string	features_gamepad_connect_permission_bt_hint	未开启手柄无法正常连接	5pyq5byA5ZCv5omL5p+E5peg5rOV5q2j5bi46L+e5o6l	com.xiaoji.egggame.features.gamepadconnect/values-zh-rCN/strings.commonMain.cvr	60
com.xiaoji.egggame.features.gamepadconnect	string	features_gamepad_connect_permission_dialog_title	连接手柄需开启以下权限	6L+e5o6l5omL5p+E6ZyA5byA5ZCv5Lul5LiL5p2D6ZmQ	com.xiaoji.egggame.features.gamepadconnect/values-zh-rCN/strings.commonMain.cvr	61
com.xiaoji.egggame.features.gamepadconnect	string	features_gamepad_connect_permission_enable_bt	开启蓝牙	5byA5ZCv6JOd54mZ	com.xiaoji.egggame.features.gamepadconnect/values-zh-rCN/strings.commonMain.cvr	62
com.xiaoji.egggame.features.gamepadconnect	string	features_gamepad_connect_permission_enable	开启	5byA5ZCv	com.xiaoji.egggame.features.gamepadconnect/values-zh-rCN/strings.commonMain.cvr	63
com.xiaoji.egggame.features.gamepadconnect	string	features_gamepad_connect_permission_ios_bluetooth	授权使用蓝牙	5o6I5p2D5L2/55So6JOd54mZ	com.xiaoji.egggame.features.gamepadconnect/values-zh-rCN/strings.commonMain.cvr	64
com.xiaoji.egggame.features.gamepadconnect	string	features_gamepad_connect_phase_cancelled	已取消	5bey5Y+W5raI	com.xiaoji.egggame.features.gamepadconnect/values-zh-rCN/strings.commonMain.cvr	65
com.xiaoji.egggame.features.gamepadconnect	string	features_gamepad_connect_phase_checking_prerequisites	检查连接条件…	5qOA5p+l6L+e5o6l5p2h5Lu24oCm	com.xiaoji.egggame.features.gamepadconnect/values-zh-rCN/strings.commonMain.cvr	66
com.xiaoji.egggame.features.gamepadconnect	string	features_gamepad_connect_phase_connected	连接成功	6L+e5o6l5oiQ5Yqf	com.xiaoji.egggame.features.gamepadconnect/values-zh-rCN/strings.commonMain.cvr	67
com.xiaoji.egggame.features.gamepadconnect	string	features_gamepad_connect_phase_connecting	连接中…	6L+e5o6l5Lit4oCm	com.xiaoji.egggame.features.gamepadconnect/values-zh-rCN/strings.commonMain.cvr	68
com.xiaoji.egggame.features.gamepadconnect	string	features_gamepad_connect_phase_disconnecting	断开中…	5pat5byA5Lit4oCm	com.xiaoji.egggame.features.gamepadconnect/values-zh-rCN/strings.commonMain.cvr	69
com.xiaoji.egggame.features.gamepadconnect	string	features_gamepad_connect_phase_failed	连接失败	6L+e5o6l5aSx6LSl	com.xiaoji.egggame.features.gamepadconnect/values-zh-rCN/strings.commonMain.cvr	70
com.xiaoji.egggame.features.gamepadconnect	string	features_gamepad_connect_phase_handshaking	握手中…	5o+h5omL5Lit4oCm	com.xiaoji.egggame.features.gamepadconnect/values-zh-rCN/strings.commonMain.cvr	71
com.xiaoji.egggame.features.gamepadconnect	string	features_gamepad_connect_phase_idle	等待连接…	562J5b6F6L+e5o6l4oCm	com.xiaoji.egggame.features.gamepadconnect/values-zh-rCN/strings.commonMain.cvr	72
com.xiaoji.egggame.features.gamepadconnect	string	features_gamepad_connect_phase_mode_switching	模式切换中…	5qih5byP5YiH5o2i5Lit4oCm	com.xiaoji.egggame.features.gamepadconnect/values-zh-rCN/strings.commonMain.cvr	73
com.xiaoji.egggame.features.gamepadconnect	string	features_gamepad_connect_phase_querying_device_info	查询设备信息…	5p+l6K+i6K6+5aSH5L+h5oGv4oCm	com.xiaoji.egggame.features.gamepadconnect/values-zh-rCN/strings.commonMain.cvr	74
com.xiaoji.egggame.features.gamepadconnect	string	features_gamepad_connect_phase_resolving_plan	准备连接方案…	5YeG5aSH6L+e5o6l5pa55qGI4oCm	com.xiaoji.egggame.features.gamepadconnect/values-zh-rCN/strings.commonMain.cvr	75
com.xiaoji.egggame.features.gamepadconnect	string	features_gamepad_connect_phase_scanning	扫描设备中…	5omr5o+P6K6+5aSH5Lit4oCm	com.xiaoji.egggame.features.gamepadconnect/values-zh-rCN/strings.commonMain.cvr	76
com.xiaoji.egggame.features.gamepadconnect	string	features_gamepad_connect_phase_waiting_edr_pairing	经典蓝牙连接中…	57uP5YW46JOd54mZ6L+e5o6l5Lit4oCm	com.xiaoji.egggame.features.gamepadconnect/values-zh-rCN/strings.commonMain.cvr	77
com.xiaoji.egggame.features.gamepadconnect	string	features_gamepad_connect_reconnect	重新连接	6YeN5paw6L+e5o6l	com.xiaoji.egggame.features.gamepadconnect/values-zh-rCN/strings.commonMain.cvr	78
com.xiaoji.egggame.features.gamepadconnect	string	features_gamepad_connect_request_permission	申请权限	55Sz6K+35p2D6ZmQ	com.xiaoji.egggame.features.gamepadconnect/values-zh-rCN/strings.commonMain.cvr	79
com.xiaoji.egggame.features.gamepadconnect	string	features_gamepad_connect_success	连接成功	6L+e5o6l5oiQ5Yqf	com.xiaoji.egggame.features.gamepadconnect/values-zh-rCN/strings.commonMain.cvr	80
com.xiaoji.egggame.features.gamepadconnect	string	features_gamepad_connect_temperature	温度 %1$d°	5rip5bqmICUxJGTCsA==	com.xiaoji.egggame.features.gamepadconnect/values-zh-rCN/strings.commonMain.cvr	81
com.xiaoji.egggame.features.gamepadconnect	string	features_gamepad_connect_view_tutorial	查看连接教程	5p+l55yL6L+e5o6l5pWZ56iL	com.xiaoji.egggame.features.gamepadconnect/values-zh-rCN/strings.commonMain.cvr	82
com.xiaoji.egggame.features.home	string	features_epic_account_value	账号价值(￥)	6LSm5Y+35Lu35YC8KO+/pSk=	com.xiaoji.egggame.features.home/values-zh-rCN/strings.commonMain.cvr	2
com.xiaoji.egggame.features.home	string	features_epic_game_count	游戏数量	5ri45oiP5pWw6YeP	com.xiaoji.egggame.features.home/values-zh-rCN/strings.commonMain.cvr	3
com.xiaoji.egggame.features.home	string	features_epic_playtime	游玩时长 (h)	5ri4546p5pe26ZW/IChoKQ==	com.xiaoji.egggame.features.home/values-zh-rCN/strings.commonMain.cvr	4
com.xiaoji.egggame.features.home	string	features_home_cdkey_order_center	订单中心	6K6i5Y2V5Lit5b+D	com.xiaoji.egggame.features.home/values-zh-rCN/strings.commonMain.cvr	5
com.xiaoji.egggame.features.home	string	features_home_common_cancel	取消	5Y+W5raI	com.xiaoji.egggame.features.home/values-zh-rCN/strings.commonMain.cvr	6
com.xiaoji.egggame.features.home	string	features_home_common_confirm	确认	56Gu6K6k	com.xiaoji.egggame.features.home/values-zh-rCN/strings.commonMain.cvr	7
com.xiaoji.egggame.features.home	string	features_home_common_recommend	推荐	5o6o6I2Q	com.xiaoji.egggame.features.home/values-zh-rCN/strings.commonMain.cvr	8
com.xiaoji.egggame.features.home	string	features_home_create_room_confirm	创建并进入房间	5Yib5bu65bm26L+b5YWl5oi/6Ze0	com.xiaoji.egggame.features.home/values-zh-rCN/strings.commonMain.cvr	9
com.xiaoji.egggame.features.home	string	features_home_create_room_description	创建后你成为房主，可分享房间链接。房间未满时仍会被同游戏匹配用户补入。	5Yib5bu65ZCO5L2g5oiQ5Li65oi/5Li777yM5Y+v5YiG5Lqr5oi/6Ze06ZO+5o6l44CC5oi/6Ze05pyq5ruh5pe25LuN5Lya6KKr5ZCM5ri45oiP5Yy56YWN55So5oi36KGl5YWl44CC	com.xiaoji.egggame.features.home/values-zh-rCN/strings.commonMain.cvr	10
com.xiaoji.egggame.features.home	string	features_home_create_room_name_label	房间名称	5oi/6Ze05ZCN56ew	com.xiaoji.egggame.features.home/values-zh-rCN/strings.commonMain.cvr	11
com.xiaoji.egggame.features.home	string	features_home_create_room_name_placeholder	来不及解释了，快加入房间！	5p2l5LiN5Y+K6Kej6YeK5LqG77yM5b+r5Yqg5YWl5oi/6Ze077yB	com.xiaoji.egggame.features.home/values-zh-rCN/strings.commonMain.cvr	12
com.xiaoji.egggame.features.home	string	features_home_create_room_no_games	暂无可选游戏	5pqC5peg5Y+v6YCJ5ri45oiP	com.xiaoji.egggame.features.home/values-zh-rCN/strings.commonMain.cvr	13
com.xiaoji.egggame.features.home	string	features_home_create_room_password_label	房间密码（选填）	5oi/6Ze05a+G56CB77yI6YCJ5aGr77yJ	com.xiaoji.egggame.features.home/values-zh-rCN/strings.commonMain.cvr	14
com.xiaoji.egggame.features.home	string	features_home_create_room_recharge_guide_cancel	稍后再说	56iN5ZCO5YaN6K+0	com.xiaoji.egggame.features.home/values-zh-rCN/strings.commonMain.cvr	15
com.xiaoji.egggame.features.home	string	features_home_create_room_recharge_guide_confirm	立即充值	56uL5Y2z5YWF5YC8	com.xiaoji.egggame.features.home/values-zh-rCN/strings.commonMain.cvr	16
com.xiaoji.egggame.features.home	string	features_home_create_room_recharge_guide_message	当前剩余时长不足10分钟,请先充值。	5b2T5YmN5Ymp5L2Z5pe26ZW/5LiN6LazMTDliIbpkp8s6K+35YWI5YWF5YC844CC	com.xiaoji.egggame.features.home/values-zh-rCN/strings.commonMain.cvr	17
com.xiaoji.egggame.features.home	string	features_home_create_room_recharge_guide_title	秒玩时长不足	56eS546p5pe26ZW/5LiN6Laz	com.xiaoji.egggame.features.home/values-zh-rCN/strings.commonMain.cvr	18
com.xiaoji.egggame.features.home	string	features_home_create_room_title	创建组队房间	5Yib5bu657uE6Zif5oi/6Ze0	com.xiaoji.egggame.features.home/values-zh-rCN/strings.commonMain.cvr	19
com.xiaoji.egggame.features.home	string	features_home_epic_account_id	Epic ID: %1$s	RXBpYyBJRDogJTEkcw==	com.xiaoji.egggame.features.home/values-zh-rCN/strings.commonMain.cvr	20
com.xiaoji.egggame.features.home	string	features_home_epic_cancel	取消	5Y+W5raI	com.xiaoji.egggame.features.home/values-zh-rCN/strings.commonMain.cvr	21
com.xiaoji.egggame.features.home	string	features_home_epic_confirm	确认	56Gu6K6k	com.xiaoji.egggame.features.home/values-zh-rCN/strings.commonMain.cvr	22
com.xiaoji.egggame.features.home	string	features_home_epic_current_account	当前账号	5b2T5YmN6LSm5Y+3	com.xiaoji.egggame.features.home/values-zh-rCN/strings.commonMain.cvr	23
com.xiaoji.egggame.features.home	string	features_home_epic_library_game_count	%1$d款	JTEkZOasvg==	com.xiaoji.egggame.features.home/values-zh-rCN/strings.commonMain.cvr	24
com.xiaoji.egggame.features.home	string	features_home_epic_library_page_bind_button	绑定 Epic 账号	57uR5a6aIEVwaWMg6LSm5Y+3	com.xiaoji.egggame.features.home/values-zh-rCN/strings.commonMain.cvr	25
com.xiaoji.egggame.features.home	string	features_home_epic_library_page_bind_hint	Epic 数据同步功能\n绑定账号查看个人游戏库	RXBpYyDmlbDmja7lkIzmraXlip/og70K57uR5a6a6LSm5Y+35p+l55yL5Liq5Lq65ri45oiP5bqT	com.xiaoji.egggame.features.home/values-zh-rCN/strings.commonMain.cvr	26
com.xiaoji.egggame.features.home	string	features_home_epic_library_title	Epic库	RXBpY+W6kw==	com.xiaoji.egggame.features.home/values-zh-rCN/strings.commonMain.cvr	27
com.xiaoji.egggame.features.home	string	features_home_epic_login_title	Epic 登录	RXBpYyDnmbvlvZU=	com.xiaoji.egggame.features.home/values-zh-rCN/strings.commonMain.cvr	28
com.xiaoji.egggame.features.home	string	features_home_epic_logout_confirm_title	退出确认	6YCA5Ye656Gu6K6k	com.xiaoji.egggame.features.home/values-zh-rCN/strings.commonMain.cvr	29
com.xiaoji.egggame.features.home	string	features_home_epic_logout_confirm	确定要退出当前 Epic 账号吗？	56Gu5a6a6KaB6YCA5Ye65b2T5YmNIEVwaWMg6LSm5Y+35ZCX77yf	com.xiaoji.egggame.features.home/values-zh-rCN/strings.commonMain.cvr	30
com.xiaoji.egggame.features.home	string	features_home_epic_logout_failed	退出登录失败	6YCA5Ye655m75b2V5aSx6LSl	com.xiaoji.egggame.features.home/values-zh-rCN/strings.commonMain.cvr	31
com.xiaoji.egggame.features.home	string	features_home_epic_logout_success	退出登录成功	6YCA5Ye655m75b2V5oiQ5Yqf	com.xiaoji.egggame.features.home/values-zh-rCN/strings.commonMain.cvr	32
com.xiaoji.egggame.features.home	string	features_home_epic_online	在线	5Zyo57q/	com.xiaoji.egggame.features.home/values-zh-rCN/strings.commonMain.cvr	33
com.xiaoji.egggame.features.home	string	features_home_epic_remove_account_confirm	确定要移除当前 Epic 账号吗？	56Gu5a6a6KaB56e76Zmk5b2T5YmNIEVwaWMg6LSm5Y+35ZCX77yf	com.xiaoji.egggame.features.home/values-zh-rCN/strings.commonMain.cvr	34
com.xiaoji.egggame.features.home	string	features_home_epic_remove_account_failed	移除账号失败	56e76Zmk6LSm5Y+35aSx6LSl	com.xiaoji.egggame.features.home/values-zh-rCN/strings.commonMain.cvr	35
com.xiaoji.egggame.features.home	string	features_home_epic_remove_account_success	移除账号成功	56e76Zmk6LSm5Y+35oiQ5Yqf	com.xiaoji.egggame.features.home/values-zh-rCN/strings.commonMain.cvr	36
com.xiaoji.egggame.features.home	string	features_home_epic_remove_account	移除账号	56e76Zmk6LSm5Y+3	com.xiaoji.egggame.features.home/values-zh-rCN/strings.commonMain.cvr	37
com.xiaoji.egggame.features.home	string	features_home_epic_select_account_hint	选择要使用的 Epic 账号	6YCJ5oup6KaB5L2/55So55qEIEVwaWMg6LSm5Y+3	com.xiaoji.egggame.features.home/values-zh-rCN/strings.commonMain.cvr	38
com.xiaoji.egggame.features.home	string	features_home_epic_stat_games	游戏	5ri45oiP	com.xiaoji.egggame.features.home/values-zh-rCN/strings.commonMain.cvr	39
com.xiaoji.egggame.features.home	string	features_home_epic_switch_account_failed	切换账号失败	5YiH5o2i6LSm5Y+35aSx6LSl	com.xiaoji.egggame.features.home/values-zh-rCN/strings.commonMain.cvr	40
com.xiaoji.egggame.features.home	string	features_home_epic_switch_account_success	切换账号成功	5YiH5o2i6LSm5Y+35oiQ5Yqf	com.xiaoji.egggame.features.home/values-zh-rCN/strings.commonMain.cvr	41
com.xiaoji.egggame.features.home	string	features_home_epic_switch_account	切换账号	5YiH5o2i6LSm5Y+3	com.xiaoji.egggame.features.home/values-zh-rCN/strings.commonMain.cvr	42
com.xiaoji.egggame.features.home	string	features_home_epic_total_playtime	总时长 (h)	5oC75pe26ZW/IChoKQ==	com.xiaoji.egggame.features.home/values-zh-rCN/strings.commonMain.cvr	43
com.xiaoji.egggame.features.home	string	features_home_explore_orientation_guide_text	点击此处可切换横竖屏	54K55Ye75q2k5aSE5Y+v5YiH5o2i5qiq56uW5bGP	com.xiaoji.egggame.features.home/values-zh-rCN/strings.commonMain.cvr	44
com.xiaoji.egggame.features.home	string	features_home_explore_playable_games	继续游戏	57un57ut5ri45oiP	com.xiaoji.egggame.features.home/values-zh-rCN/strings.commonMain.cvr	45
com.xiaoji.egggame.features.home	string	features_home_explore_playable_resume_label	继续	57un57ut	com.xiaoji.egggame.features.home/values-zh-rCN/strings.commonMain.cvr	46
com.xiaoji.egggame.features.home	string	features_home_gamepad_hint_back	返回	6L+U5Zue	com.xiaoji.egggame.features.home/values-zh-rCN/strings.commonMain.cvr	47
com.xiaoji.egggame.features.home	string	features_home_gamepad_hint_confirm	确认	56Gu6K6k	com.xiaoji.egggame.features.home/values-zh-rCN/strings.commonMain.cvr	48
com.xiaoji.egggame.features.home	string	features_home_gamepad_hint_copy_id	复制UID	5aSN5Yi2VUlE	com.xiaoji.egggame.features.home/values-zh-rCN/strings.commonMain.cvr	49
com.xiaoji.egggame.features.home	string	features_home_gamepad_hint_detail	详情	6K+m5oOF	com.xiaoji.egggame.features.home/values-zh-rCN/strings.commonMain.cvr	50
com.xiaoji.egggame.features.home	string	features_home_gamepad_hint_edit_profile	编辑资料	57yW6L6R6LWE5paZ	com.xiaoji.egggame.features.home/values-zh-rCN/strings.commonMain.cvr	51
com.xiaoji.egggame.features.home	string	features_home_gamepad_hint_enter	进入	6L+b5YWl	com.xiaoji.egggame.features.home/values-zh-rCN/strings.commonMain.cvr	52
com.xiaoji.egggame.features.home	string	features_home_gamepad_hint_launch	启动	5ZCv5Yqo	com.xiaoji.egggame.features.home/values-zh-rCN/strings.commonMain.cvr	53
com.xiaoji.egggame.features.home	string	features_home_gamepad_hint_more	更多	5pu05aSa	com.xiaoji.egggame.features.home/values-zh-rCN/strings.commonMain.cvr	54
com.xiaoji.egggame.features.home	string	features_home_gamepad_hint_real_name	查看实名	5p+l55yL5a6e5ZCN	com.xiaoji.egggame.features.home/values-zh-rCN/strings.commonMain.cvr	55
com.xiaoji.egggame.features.home	string	features_home_gamepad_hint_refresh	刷新	5Yi35paw	com.xiaoji.egggame.features.home/values-zh-rCN/strings.commonMain.cvr	56
com.xiaoji.egggame.features.home	string	features_home_gamepad_hint_search	搜索	5pCc57Si	com.xiaoji.egggame.features.home/values-zh-rCN/strings.commonMain.cvr	57
com.xiaoji.egggame.features.home	string	features_home_gamepad_hint_view	查看	5p+l55yL	com.xiaoji.egggame.features.home/values-zh-rCN/strings.commonMain.cvr	58
com.xiaoji.egggame.features.home	string	features_home_import_choice_local_game_desc	选择本地游戏程序	6YCJ5oup5pys5Zyw5ri45oiP56iL5bqP	com.xiaoji.egggame.features.home/values-zh-rCN/strings.commonMain.cvr	59
com.xiaoji.egggame.features.home	string	features_home_import_choice_local_game	本地游戏	5pys5Zyw5ri45oiP	com.xiaoji.egggame.features.home/values-zh-rCN/strings.commonMain.cvr	60
com.xiaoji.egggame.features.home	string	features_home_import_choice_steam_library_desc	选择 Steam 库目录并扫描已安装游戏	6YCJ5oupIFN0ZWFtIOW6k+ebruW9leW5tuaJq+aPj+W3suWuieijhea4uOaIjw==	com.xiaoji.egggame.features.home/values-zh-rCN/strings.commonMain.cvr	61
com.xiaoji.egggame.features.home	string	features_home_import_choice_steam_library	Steam游戏库	U3RlYW3muLjmiI/lupM=	com.xiaoji.egggame.features.home/values-zh-rCN/strings.commonMain.cvr	62
com.xiaoji.egggame.features.home	string	features_home_import_choice_title	添加游戏	5re75Yqg5ri45oiP	com.xiaoji.egggame.features.home/values-zh-rCN/strings.commonMain.cvr	63
com.xiaoji.egggame.features.home	string	features_home_land_library_guide_button	我知道了	5oiR55+l6YGT5LqG	com.xiaoji.egggame.features.home/values-zh-rCN/strings.commonMain.cvr	64
com.xiaoji.egggame.features.home	string	features_home_land_library_guide_text	上滑导入游戏并查看Steam、Epic游戏库	5LiK5ruR5a+85YWl5ri45oiP5bm25p+l55yLU3RlYW3jgIFFcGlj5ri45oiP5bqT	com.xiaoji.egggame.features.home/values-zh-rCN/strings.commonMain.cvr	65
com.xiaoji.egggame.features.home	string	features_home_land_library_import_guide_text	点击此处可导入游戏	54K55Ye75q2k5aSE5Y+v5a+85YWl5ri45oiP	com.xiaoji.egggame.features.home/values-zh-rCN/strings.commonMain.cvr	66
com.xiaoji.egggame.features.home	string	features_home_land_status_battery_charging	充电中	5YWF55S15Lit	com.xiaoji.egggame.features.home/values-zh-rCN/strings.commonMain.cvr	67
com.xiaoji.egggame.features.home	string	features_home_land_status_battery_level	电量 %1$s	55S16YePICUxJHM=	com.xiaoji.egggame.features.home/values-zh-rCN/strings.commonMain.cvr	68
com.xiaoji.egggame.features.home	string	features_home_land_status_device	设备	6K6+5aSH	com.xiaoji.egggame.features.home/values-zh-rCN/strings.commonMain.cvr	69
com.xiaoji.egggame.features.home	string	features_home_land_status_network_mobile	移动网络	56e75Yqo572R57uc	com.xiaoji.egggame.features.home/values-zh-rCN/strings.commonMain.cvr	70
com.xiaoji.egggame.features.home	string	features_home_land_status_network_none	无网络	5peg572R57uc	com.xiaoji.egggame.features.home/values-zh-rCN/strings.commonMain.cvr	71
com.xiaoji.egggame.features.home	string	features_home_land_status_network_wifi	WiFi网络	V2lGaee9kee7nA==	com.xiaoji.egggame.features.home/values-zh-rCN/strings.commonMain.cvr	72
com.xiaoji.egggame.features.home	string	features_home_land_status_switch_to_landscape	切换到横屏	5YiH5o2i5Yiw5qiq5bGP	com.xiaoji.egggame.features.home/values-zh-rCN/strings.commonMain.cvr	73
com.xiaoji.egggame.features.home	string	features_home_land_status_switch_to_portrait	切换到竖屏	5YiH5o2i5Yiw56uW5bGP	com.xiaoji.egggame.features.home/values-zh-rCN/strings.commonMain.cvr	74
com.xiaoji.egggame.features.home	string	features_home_launch_config_core_select_tips	请选择一个模拟器内核	6K+36YCJ5oup5LiA5Liq5qih5ouf5Zmo5YaF5qC4	com.xiaoji.egggame.features.home/values-zh-rCN/strings.commonMain.cvr	75
com.xiaoji.egggame.features.home	string	features_home_launch_config_core_switch	内核切换	5YaF5qC45YiH5o2i	com.xiaoji.egggame.features.home/values-zh-rCN/strings.commonMain.cvr	76
com.xiaoji.egggame.features.home	string	features_home_launch_config_header_desc	游戏详情【查看更多】-【游戏设置】可切换	5ri45oiP6K+m5oOF44CQ5p+l55yL5pu05aSa44CRLeOAkOa4uOaIj+iuvue9ruOAkeWPr+WIh+aNog==	com.xiaoji.egggame.features.home/values-zh-rCN/strings.commonMain.cvr	77
com.xiaoji.egggame.features.home	string	features_home_launch_config_header_title	当前可选择的模拟器平台和内核	5b2T5YmN5Y+v6YCJ5oup55qE5qih5ouf5Zmo5bmz5Y+w5ZKM5YaF5qC4	com.xiaoji.egggame.features.home/values-zh-rCN/strings.commonMain.cvr	78
com.xiaoji.egggame.features.home	string	features_home_launch_config_platform_switch	平台切换	5bmz5Y+w5YiH5o2i	com.xiaoji.egggame.features.home/values-zh-rCN/strings.commonMain.cvr	79
com.xiaoji.egggame.features.home	string	features_home_leaderboard_filter_action	动作	5Yqo5L2c	com.xiaoji.egggame.features.home/values-zh-rCN/strings.commonMain.cvr	80
com.xiaoji.egggame.features.home	string	features_home_leaderboard_filter_adventure	冒险	5YaS6Zmp	com.xiaoji.egggame.features.home/values-zh-rCN/strings.commonMain.cvr	81
com.xiaoji.egggame.features.home	string	features_home_leaderboard_filter_long_term_hot	长期热门	6ZW/5pyf54Ot6Zeo	com.xiaoji.egggame.features.home/values-zh-rCN/strings.commonMain.cvr	82
com.xiaoji.egggame.features.home	string	features_home_leaderboard_filter_recent_hot	近期热门	6L+R5pyf54Ot6Zeo	com.xiaoji.egggame.features.home/values-zh-rCN/strings.commonMain.cvr	83
com.xiaoji.egggame.features.home	string	features_home_leaderboard_filter_simulation	模拟	5qih5ouf	com.xiaoji.egggame.features.home/values-zh-rCN/strings.commonMain.cvr	84
com.xiaoji.egggame.features.home	string	features_home_leaderboard_subtitle_90	最近90天玩家中热度最高的游戏	5pyA6L+ROTDlpKnnjqnlrrbkuK3ng63luqbmnIDpq5jnmoTmuLjmiI8=	com.xiaoji.egggame.features.home/values-zh-rCN/strings.commonMain.cvr	85
com.xiaoji.egggame.features.home	string	features_home_leaderboard_subtitle_day	最近24小时中热度最高的游戏	5pyA6L+RMjTlsI/ml7bkuK3ng63luqbmnIDpq5jnmoTmuLjmiI8=	com.xiaoji.egggame.features.home/values-zh-rCN/strings.commonMain.cvr	86
com.xiaoji.egggame.features.home	string	features_home_leaderboard_subtitle_type	最近7天玩家中热度最高的%1$s游戏	5pyA6L+RN+WkqeeOqeWutuS4reeDreW6puacgOmrmOeahCUxJHPmuLjmiI8=	com.xiaoji.egggame.features.home/values-zh-rCN/strings.commonMain.cvr	87
com.xiaoji.egggame.features.home	string	features_home_leaderboard_subtitle	最近7天玩家中热度最高的游戏	5pyA6L+RN+WkqeeOqeWutuS4reeDreW6puacgOmrmOeahOa4uOaIjw==	com.xiaoji.egggame.features.home/values-zh-rCN/strings.commonMain.cvr	88
com.xiaoji.egggame.features.home	string	features_home_leaderboard_title_hot	盖世热门榜	55uW5LiW54Ot6Zeo5qac	com.xiaoji.egggame.features.home/values-zh-rCN/strings.commonMain.cvr	89
com.xiaoji.egggame.features.home	string	features_home_leaderboard_title_instant	盖世秒玩榜	55uW5LiW56eS546p5qac	com.xiaoji.egggame.features.home/values-zh-rCN/strings.commonMain.cvr	90
com.xiaoji.egggame.features.home	string	features_home_leaderboard_title_soaring	盖世飙升榜	55uW5LiW6aOZ5Y2H5qac	com.xiaoji.egggame.features.home/values-zh-rCN/strings.commonMain.cvr	91
com.xiaoji.egggame.features.home	string	features_home_leaderboard_title	盖世热门榜	55uW5LiW54Ot6Zeo5qac	com.xiaoji.egggame.features.home/values-zh-rCN/strings.commonMain.cvr	92
com.xiaoji.egggame.features.home	string	features_home_leaderboard_type_hot	热门榜	54Ot6Zeo5qac	com.xiaoji.egggame.features.home/values-zh-rCN/strings.commonMain.cvr	93
com.xiaoji.egggame.features.home	string	features_home_leaderboard_type_instant	秒玩榜	56eS546p5qac	com.xiaoji.egggame.features.home/values-zh-rCN/strings.commonMain.cvr	94
com.xiaoji.egggame.features.home	string	features_home_leaderboard_type_soaring	飙升榜	6aOZ5Y2H5qac	com.xiaoji.egggame.features.home/values-zh-rCN/strings.commonMain.cvr	95
com.xiaoji.egggame.features.home	string	features_home_library_epic_bind_button	登录 Epic	55m75b2VIEVwaWM=	com.xiaoji.egggame.features.home/values-zh-rCN/strings.commonMain.cvr	96
com.xiaoji.egggame.features.home	string	features_home_library_epic_bind_hint	登录 Epic 账号查看您的游戏库	55m75b2VIEVwaWMg6LSm5Y+35p+l55yL5oKo55qE5ri45oiP5bqT	com.xiaoji.egggame.features.home/values-zh-rCN/strings.commonMain.cvr	97
com.xiaoji.egggame.features.home	string	features_home_library_filter_category	分类	5YiG57G7	com.xiaoji.egggame.features.home/values-zh-rCN/strings.commonMain.cvr	98
com.xiaoji.egggame.features.home	string	features_home_library_filter_platform	平台	5bmz5Y+w	com.xiaoji.egggame.features.home/values-zh-rCN/strings.commonMain.cvr	99
com.xiaoji.egggame.features.home	string	features_home_library_filter_sort_alphabetical	按字母（A-Z）	5oyJ5a2X5q+N77yIQS1a77yJ	com.xiaoji.egggame.features.home/values-zh-rCN/strings.commonMain.cvr	100
com.xiaoji.egggame.features.home	string	features_home_library_filter_sort_duration	按游戏时长（长→短）	5oyJ5ri45oiP5pe26ZW/77yI6ZW/4oaS55+t77yJ	com.xiaoji.egggame.features.home/values-zh-rCN/strings.commonMain.cvr	101
com.xiaoji.egggame.features.home	string	features_home_library_filter_sort_recent	按最近游玩	5oyJ5pyA6L+R5ri4546p	com.xiaoji.egggame.features.home/values-zh-rCN/strings.commonMain.cvr	102
com.xiaoji.egggame.features.home	string	features_home_library_filter_sort	排序	5o6S5bqP	com.xiaoji.egggame.features.home/values-zh-rCN/strings.commonMain.cvr	103
com.xiaoji.egggame.features.home	string	features_home_library_filter_type_action	动作	5Yqo5L2c	com.xiaoji.egggame.features.home/values-zh-rCN/strings.commonMain.cvr	104
com.xiaoji.egggame.features.home	string	features_home_library_filter_type_adventure	冒险	5YaS6Zmp	com.xiaoji.egggame.features.home/values-zh-rCN/strings.commonMain.cvr	105
com.xiaoji.egggame.features.home	string	features_home_library_filter_type_all	全部	5YWo6YOo	com.xiaoji.egggame.features.home/values-zh-rCN/strings.commonMain.cvr	106
com.xiaoji.egggame.features.home	string	features_home_library_filter_type_casual	休闲	5LyR6Zey	com.xiaoji.egggame.features.home/values-zh-rCN/strings.commonMain.cvr	107
com.xiaoji.egggame.features.home	string	features_home_library_filter_type_indie	独立	54us56uL	com.xiaoji.egggame.features.home/values-zh-rCN/strings.commonMain.cvr	108
com.xiaoji.egggame.features.home	string	features_home_library_filter_type_racing	竞速	56ue6YCf	com.xiaoji.egggame.features.home/values-zh-rCN/strings.commonMain.cvr	109
com.xiaoji.egggame.features.home	string	features_home_library_filter_type_rpg	角色扮演	6KeS6Imy5omu5ryU	com.xiaoji.egggame.features.home/values-zh-rCN/strings.commonMain.cvr	110
com.xiaoji.egggame.features.home	string	features_home_library_filter_type_simulation	模拟	5qih5ouf	com.xiaoji.egggame.features.home/values-zh-rCN/strings.commonMain.cvr	111
com.xiaoji.egggame.features.home	string	features_home_library_filter_type_sports	体育	5L2T6IKy	com.xiaoji.egggame.features.home/values-zh-rCN/strings.commonMain.cvr	112
com.xiaoji.egggame.features.home	string	features_home_library_filter_type_strategy	策略	562W55Wl	com.xiaoji.egggame.features.home/values-zh-rCN/strings.commonMain.cvr	113
com.xiaoji.egggame.features.home	string	features_home_library_filter_type	类型	57G75Z6L	com.xiaoji.egggame.features.home/values-zh-rCN/strings.commonMain.cvr	114
com.xiaoji.egggame.features.home	string	features_home_library_land_action_more	更多	5pu05aSa	com.xiaoji.egggame.features.home/values-zh-rCN/strings.commonMain.cvr	115
com.xiaoji.egggame.features.home	string	features_home_library_land_action_search	搜索	5pCc57Si	com.xiaoji.egggame.features.home/values-zh-rCN/strings.commonMain.cvr	116
com.xiaoji.egggame.features.home	string	features_home_library_land_action_settings	设置	6K6+572u	com.xiaoji.egggame.features.home/values-zh-rCN/strings.commonMain.cvr	117
com.xiaoji.egggame.features.home	string	features_home_library_land_action_share	分享	5YiG5Lqr	com.xiaoji.egggame.features.home/values-zh-rCN/strings.commonMain.cvr	118
com.xiaoji.egggame.features.home	string	features_home_library_land_back_to_hero	返回首屏	6L+U5Zue6aaW5bGP	com.xiaoji.egggame.features.home/values-zh-rCN/strings.commonMain.cvr	119
com.xiaoji.egggame.features.home	string	features_home_library_land_confirm_remove_from_library	确认要将该游戏移除游戏库吗？	56Gu6K6k6KaB5bCG6K+l5ri45oiP56e76Zmk5ri45oiP5bqT5ZCX77yf	com.xiaoji.egggame.features.home/values-zh-rCN/strings.commonMain.cvr	120
com.xiaoji.egggame.features.home	string	features_home_library_land_confirm_uninstall_custom_location_delete	将从您的游戏库中移除并卸载。当前游戏位于自定义安装位置，默认会删除该位置下的游戏文件及本地配置。	5bCG5LuO5oKo55qE5ri45oiP5bqT5Lit56e76Zmk5bm25Y246L2944CC5b2T5YmN5ri45oiP5L2N5LqO6Ieq5a6a5LmJ5a6J6KOF5L2N572u77yM6buY6K6k5Lya5Yig6Zmk6K+l5L2N572u5LiL55qE5ri45oiP5paH5Lu25Y+K5pys5Zyw6YWN572u44CC	com.xiaoji.egggame.features.home/values-zh-rCN/strings.commonMain.cvr	121
com.xiaoji.egggame.features.home	string	features_home_library_land_confirm_uninstall_custom_location_keep	将从您的游戏库中移除并清除本地配置，当前安装位置下的游戏文件会保留。	5bCG5LuO5oKo55qE5ri45oiP5bqT5Lit56e76Zmk5bm25riF6Zmk5pys5Zyw6YWN572u77yM5b2T5YmN5a6J6KOF5L2N572u5LiL55qE5ri45oiP5paH5Lu25Lya5L+d55WZ44CC	com.xiaoji.egggame.features.home/values-zh-rCN/strings.commonMain.cvr	122
com.xiaoji.egggame.features.home	string	features_home_library_land_confirm_uninstall_game	将从您的游戏库中移除并卸载，游戏文件及本地配置会被删除。是否继续？	5bCG5LuO5oKo55qE5ri45oiP5bqT5Lit56e76Zmk5bm25Y246L2977yM5ri45oiP5paH5Lu25Y+K5pys5Zyw6YWN572u5Lya6KKr5Yig6Zmk44CC5piv5ZCm57un57ut77yf	com.xiaoji.egggame.features.home/values-zh-rCN/strings.commonMain.cvr	123
com.xiaoji.egggame.features.home	string	features_home_library_land_detail	查看详情	5p+l55yL6K+m5oOF	com.xiaoji.egggame.features.home/values-zh-rCN/strings.commonMain.cvr	124
com.xiaoji.egggame.features.home	string	features_home_library_land_empty_subtitle	等同步数据补齐后，这里会展示对应分类的游戏列表。	562J5ZCM5q2l5pWw5o2u6KGl6b2Q5ZCO77yM6L+Z6YeM5Lya5bGV56S65a+55bqU5YiG57G755qE5ri45oiP5YiX6KGo44CC	com.xiaoji.egggame.features.home/values-zh-rCN/strings.commonMain.cvr	125
com.xiaoji.egggame.features.home	string	features_home_library_land_empty_title_ios	暂无游戏	5pqC5peg5ri45oiP	com.xiaoji.egggame.features.home/values-zh-rCN/strings.commonMain.cvr	126
com.xiaoji.egggame.features.home	string	features_home_library_land_empty_title	暂无游戏，请先导入游戏或去游玩吧	5pqC5peg5ri45oiP77yM6K+35YWI5a+85YWl5ri45oiP5oiW5Y675ri4546p5ZCn	com.xiaoji.egggame.features.home/values-zh-rCN/strings.commonMain.cvr	127
com.xiaoji.egggame.features.home	string	features_home_library_land_epic_refresh_failed	Epic 游戏库刷新失败	RXBpYyDmuLjmiI/lupPliLfmlrDlpLHotKU=	com.xiaoji.egggame.features.home/values-zh-rCN/strings.commonMain.cvr	128
com.xiaoji.egggame.features.home	string	features_home_library_land_epic_refresh_success	Epic 游戏库已刷新	RXBpYyDmuLjmiI/lupPlt7LliLfmlrA=	com.xiaoji.egggame.features.home/values-zh-rCN/strings.commonMain.cvr	129
com.xiaoji.egggame.features.home	string	features_home_library_land_keep_game_files	保留游戏文件	5L+d55WZ5ri45oiP5paH5Lu2	com.xiaoji.egggame.features.home/values-zh-rCN/strings.commonMain.cvr	130
com.xiaoji.egggame.features.home	string	features_home_library_land_menu_add_to_desktop	添加到桌面	5re75Yqg5Yiw5qGM6Z2i	com.xiaoji.egggame.features.home/values-zh-rCN/strings.commonMain.cvr	131
com.xiaoji.egggame.features.home	string	features_home_library_land_menu_instant_settings	秒玩设置	56eS546p6K6+572u	com.xiaoji.egggame.features.home/values-zh-rCN/strings.commonMain.cvr	132
com.xiaoji.egggame.features.home	string	features_home_library_land_menu_keymap_layout	按键与布局	5oyJ6ZSu5LiO5biD5bGA	com.xiaoji.egggame.features.home/values-zh-rCN/strings.commonMain.cvr	133
com.xiaoji.egggame.features.home	string	features_home_library_land_menu_online_update	在线更新	5Zyo57q/5pu05paw	com.xiaoji.egggame.features.home/values-zh-rCN/strings.commonMain.cvr	134
com.xiaoji.egggame.features.home	string	features_home_library_land_menu_pc_settings	PC引擎设置	UEPlvJXmk47orr7nva4=	com.xiaoji.egggame.features.home/values-zh-rCN/strings.commonMain.cvr	135
com.xiaoji.egggame.features.home	string	features_home_library_land_menu_pc_uninstall	PC游戏卸载	UEPmuLjmiI/ljbjovb0=	com.xiaoji.egggame.features.home/values-zh-rCN/strings.commonMain.cvr	136
com.xiaoji.egggame.features.home	string	features_home_library_land_menu_remove_from_library	移除游戏库	56e76Zmk5ri45oiP5bqT	com.xiaoji.egggame.features.home/values-zh-rCN/strings.commonMain.cvr	137
com.xiaoji.egggame.features.home	string	features_home_library_land_online_update_prompt	是否在线更新当前游戏版本？	5piv5ZCm5Zyo57q/5pu05paw5b2T5YmN5ri45oiP54mI5pys77yf	com.xiaoji.egggame.features.home/values-zh-rCN/strings.commonMain.cvr	138
com.xiaoji.egggame.features.home	string	features_home_library_land_online_update_trigger_failed	在线更新触发失败	5Zyo57q/5pu05paw6Kem5Y+R5aSx6LSl	com.xiaoji.egggame.features.home/values-zh-rCN/strings.commonMain.cvr	139
com.xiaoji.egggame.features.home	string	features_home_library_land_online_update	在线更新	5Zyo57q/5pu05paw	com.xiaoji.egggame.features.home/values-zh-rCN/strings.commonMain.cvr	140
com.xiaoji.egggame.features.home	string	features_home_library_land_play_time_days_ago	%1$d天前	JTEkZOWkqeWJjQ==	com.xiaoji.egggame.features.home/values-zh-rCN/strings.commonMain.cvr	141
com.xiaoji.egggame.features.home	string	features_home_library_land_play_time_hours_ago	%1$d小时前	JTEkZOWwj+aXtuWJjQ==	com.xiaoji.egggame.features.home/values-zh-rCN/strings.commonMain.cvr	142
com.xiaoji.egggame.features.home	string	features_home_library_land_play_time_just_now	刚刚游玩	5Yia5Yia5ri4546p	com.xiaoji.egggame.features.home/values-zh-rCN/strings.commonMain.cvr	143
com.xiaoji.egggame.features.home	string	features_home_library_land_play_time_minutes_ago	%1$d分钟前	JTEkZOWIhumSn+WJjQ==	com.xiaoji.egggame.features.home/values-zh-rCN/strings.commonMain.cvr	144
com.xiaoji.egggame.features.home	string	features_home_library_land_remove_failed	移除失败	56e76Zmk5aSx6LSl	com.xiaoji.egggame.features.home/values-zh-rCN/strings.commonMain.cvr	145
com.xiaoji.egggame.features.home	string	features_home_library_land_retro_import_method_file_desc	单游戏文件或压缩包游戏文件	5Y2V5ri45oiP5paH5Lu25oiW5Y6L57yp5YyF5ri45oiP5paH5Lu2	com.xiaoji.egggame.features.home/values-zh-rCN/strings.commonMain.cvr	146
com.xiaoji.egggame.features.home	string	features_home_library_land_retro_import_method_file	游戏文件导入	5ri45oiP5paH5Lu25a+85YWl	com.xiaoji.egggame.features.home/values-zh-rCN/strings.commonMain.cvr	147
com.xiaoji.egggame.features.home	string	features_home_library_land_retro_import_method_folder_desc	文件夹或包含多个游戏的压缩包	5paH5Lu25aS55oiW5YyF5ZCr5aSa5Liq5ri45oiP55qE5Y6L57yp5YyF	com.xiaoji.egggame.features.home/values-zh-rCN/strings.commonMain.cvr	148
com.xiaoji.egggame.features.home	string	features_home_library_land_retro_import_method_folder	文件夹导入	5paH5Lu25aS55a+85YWl	com.xiaoji.egggame.features.home/values-zh-rCN/strings.commonMain.cvr	149
com.xiaoji.egggame.features.home	string	features_home_library_land_retro_import_method_title	导入方式	5a+85YWl5pa55byP	com.xiaoji.egggame.features.home/values-zh-rCN/strings.commonMain.cvr	150
com.xiaoji.egggame.features.home	string	features_home_library_land_section_count	%1$s %2$d	JTEkcyAlMiRk	com.xiaoji.egggame.features.home/values-zh-rCN/strings.commonMain.cvr	151
com.xiaoji.egggame.features.home	string	features_home_library_land_steam_avatar_logout	退出账号	6YCA5Ye66LSm5Y+3	com.xiaoji.egggame.features.home/values-zh-rCN/strings.commonMain.cvr	152
com.xiaoji.egggame.features.home	string	features_home_library_land_steam_avatar_switch_account	切换账号	5YiH5o2i6LSm5Y+3	com.xiaoji.egggame.features.home/values-zh-rCN/strings.commonMain.cvr	153
com.xiaoji.egggame.features.home	string	features_home_library_land_steam_avatar_view_home	查看主页	5p+l55yL5Li76aG1	com.xiaoji.egggame.features.home/values-zh-rCN/strings.commonMain.cvr	154
com.xiaoji.egggame.features.home	string	features_home_library_land_steam_avatar	Steam 头像	U3RlYW0g5aS05YOP	com.xiaoji.egggame.features.home/values-zh-rCN/strings.commonMain.cvr	155
com.xiaoji.egggame.features.home	string	features_home_library_land_steam_logout_confirm_title	提示	5o+Q56S6	com.xiaoji.egggame.features.home/values-zh-rCN/strings.commonMain.cvr	156
com.xiaoji.egggame.features.home	string	features_home_library_land_steam_logout_confirm	是否退出该 Steam 账号？	5piv5ZCm6YCA5Ye66K+lIFN0ZWFtIOi0puWPt++8nw==	com.xiaoji.egggame.features.home/values-zh-rCN/strings.commonMain.cvr	157
com.xiaoji.egggame.features.home	string	features_home_library_land_steam_logout_failed	退出账号失败	6YCA5Ye66LSm5Y+35aSx6LSl	com.xiaoji.egggame.features.home/values-zh-rCN/strings.commonMain.cvr	158
com.xiaoji.egggame.features.home	string	features_home_library_land_steam_logout_success	退出账号成功	6YCA5Ye66LSm5Y+35oiQ5Yqf	com.xiaoji.egggame.features.home/values-zh-rCN/strings.commonMain.cvr	159
com.xiaoji.egggame.features.home	string	features_home_library_land_synced_count	已同步 %1$d 项	5bey5ZCM5q2lICUxJGQg6aG5	com.xiaoji.egggame.features.home/values-zh-rCN/strings.commonMain.cvr	160
com.xiaoji.egggame.features.home	string	features_home_library_land_uninstall_failed	卸载失败	5Y246L295aSx6LSl	com.xiaoji.egggame.features.home/values-zh-rCN/strings.commonMain.cvr	161
com.xiaoji.egggame.features.home	string	features_home_library_land_unnamed_game	未命名游戏	5pyq5ZG95ZCN5ri45oiP	com.xiaoji.egggame.features.home/values-zh-rCN/strings.commonMain.cvr	162
com.xiaoji.egggame.features.home	string	features_home_library_login_hint	登录后查看您的游戏库	55m75b2V5ZCO5p+l55yL5oKo55qE5ri45oiP5bqT	com.xiaoji.egggame.features.home/values-zh-rCN/strings.commonMain.cvr	163
com.xiaoji.egggame.features.home	string	features_home_library_login_now	立即登录	56uL5Y2z55m75b2V	com.xiaoji.egggame.features.home/values-zh-rCN/strings.commonMain.cvr	164
com.xiaoji.egggame.features.home	string	features_home_library_mobile_empty_action	前往开启	5YmN5b6A5byA5ZCv	com.xiaoji.egggame.features.home/values-zh-rCN/strings.commonMain.cvr	165
com.xiaoji.egggame.features.home	string	features_home_library_mobile_empty_subtitle	开启路径：应用管理 - 权限管理 - 读取应用列表权限	5byA5ZCv6Lev5b6E77ya5bqU55So566h55CGIC0g5p2D6ZmQ566h55CGIC0g6K+75Y+W5bqU55So5YiX6KGo5p2D6ZmQ	com.xiaoji.egggame.features.home/values-zh-rCN/strings.commonMain.cvr	166
com.xiaoji.egggame.features.home	string	features_home_library_mobile_empty_title	开启权限，可享更多已安装游戏服务	5byA5ZCv5p2D6ZmQ77yM5Y+v5Lqr5pu05aSa5bey5a6J6KOF5ri45oiP5pyN5Yqh	com.xiaoji.egggame.features.home/values-zh-rCN/strings.commonMain.cvr	167
com.xiaoji.egggame.features.home	string	features_home_library_my_games	我的游戏	5oiR55qE5ri45oiP	com.xiaoji.egggame.features.home/values-zh-rCN/strings.commonMain.cvr	168
com.xiaoji.egggame.features.home	string	features_home_library_no_data_ios	暂无游戏	5pqC5peg5ri45oiP	com.xiaoji.egggame.features.home/values-zh-rCN/strings.commonMain.cvr	169
com.xiaoji.egggame.features.home	string	features_home_library_no_data	暂无游戏，请先导入游戏或去游玩吧	5pqC5peg5ri45oiP77yM6K+35YWI5a+85YWl5ri45oiP5oiW5Y675ri4546p5ZCn	com.xiaoji.egggame.features.home/values-zh-rCN/strings.commonMain.cvr	170
com.xiaoji.egggame.features.home	string	features_home_library_search_cancel	取消	5Y+W5raI	com.xiaoji.egggame.features.home/values-zh-rCN/strings.commonMain.cvr	171
com.xiaoji.egggame.features.home	string	features_home_library_search_clear	清除搜索	5riF6Zmk5pCc57Si	com.xiaoji.egggame.features.home/values-zh-rCN/strings.commonMain.cvr	172
com.xiaoji.egggame.features.home	string	features_home_library_search_empty_subtitle	换个关键字试试吧~	5o2i5Liq5YWz6ZSu5a2X6K+V6K+V5ZCnfg==	com.xiaoji.egggame.features.home/values-zh-rCN/strings.commonMain.cvr	173
com.xiaoji.egggame.features.home	string	features_home_library_search_empty_title	没有发现游戏	5rKh5pyJ5Y+R546w5ri45oiP	com.xiaoji.egggame.features.home/values-zh-rCN/strings.commonMain.cvr	174
com.xiaoji.egggame.features.home	string	features_home_library_search_hint	搜索游戏名	5pCc57Si5ri45oiP5ZCN	com.xiaoji.egggame.features.home/values-zh-rCN/strings.commonMain.cvr	175
com.xiaoji.egggame.features.home	string	features_home_library_sort_alphabetical_short	字母 A-Z	5a2X5q+NIEEtWg==	com.xiaoji.egggame.features.home/values-zh-rCN/strings.commonMain.cvr	176
com.xiaoji.egggame.features.home	string	features_home_library_sort_duration_short	游戏时长	5ri45oiP5pe26ZW/	com.xiaoji.egggame.features.home/values-zh-rCN/strings.commonMain.cvr	177
com.xiaoji.egggame.features.home	string	features_home_library_sort_recent_short	最近游玩	5pyA6L+R5ri4546p	com.xiaoji.egggame.features.home/values-zh-rCN/strings.commonMain.cvr	178
com.xiaoji.egggame.features.home	string	features_home_library_steam_sync_detail_owned_expand_apps	生成游戏列表	55Sf5oiQ5ri45oiP5YiX6KGo	com.xiaoji.egggame.features.home/values-zh-rCN/strings.commonMain.cvr	179
com.xiaoji.egggame.features.home	string	features_home_library_steam_sync_detail_owned_fetch_packages	补全许可证包	6KGl5YWo6K645Y+v6K+B5YyF	com.xiaoji.egggame.features.home/values-zh-rCN/strings.commonMain.cvr	180
com.xiaoji.egggame.features.home	string	features_home_library_steam_sync_detail_owned_license_wait	等待许可证	562J5b6F6K645Y+v6K+B	com.xiaoji.egggame.features.home/values-zh-rCN/strings.commonMain.cvr	181
com.xiaoji.egggame.features.home	string	features_home_library_steam_sync_detail_owned_package_cache_check	检查许可证包	5qOA5p+l6K645Y+v6K+B5YyF	com.xiaoji.egggame.features.home/values-zh-rCN/strings.commonMain.cvr	182
com.xiaoji.egggame.features.home	string	features_home_library_steam_sync_stage_check_delta	检查更新	5qOA5p+l5pu05paw	com.xiaoji.egggame.features.home/values-zh-rCN/strings.commonMain.cvr	183
com.xiaoji.egggame.features.home	string	features_home_library_steam_sync_stage_fetch_owned	读取游戏库	6K+75Y+W5ri45oiP5bqT	com.xiaoji.egggame.features.home/values-zh-rCN/strings.commonMain.cvr	184
com.xiaoji.egggame.features.home	string	features_home_library_steam_sync_stage_fetch_playtime	更新游玩数据	5pu05paw5ri4546p5pWw5o2u	com.xiaoji.egggame.features.home/values-zh-rCN/strings.commonMain.cvr	185
com.xiaoji.egggame.features.home	string	features_home_library_steam_sync_stage_fetch_products	加载游戏详情	5Yqg6L295ri45oiP6K+m5oOF	com.xiaoji.egggame.features.home/values-zh-rCN/strings.commonMain.cvr	186
com.xiaoji.egggame.features.home	string	features_home_library_steam_sync_stage_fetch_tokens	获取访问令牌	6I635Y+W6K6/6Zeu5Luk54mM	com.xiaoji.egggame.features.home/values-zh-rCN/strings.commonMain.cvr	187
com.xiaoji.egggame.features.home	string	features_home_library_steam_sync_stage_load_cache	准备同步	5YeG5aSH5ZCM5q2l	com.xiaoji.egggame.features.home/values-zh-rCN/strings.commonMain.cvr	188
com.xiaoji.egggame.features.home	string	features_home_library_steam_sync_stage_merge	保存游戏库	5L+d5a2Y5ri45oiP5bqT	com.xiaoji.egggame.features.home/values-zh-rCN/strings.commonMain.cvr	189
com.xiaoji.egggame.features.home	string	features_home_library_steam_sync_stage_persist	保存游戏库	5L+d5a2Y5ri45oiP5bqT	com.xiaoji.egggame.features.home/values-zh-rCN/strings.commonMain.cvr	190
com.xiaoji.egggame.features.home	string	features_home_library_steam_syncing	同步中	5ZCM5q2l5Lit	com.xiaoji.egggame.features.home/values-zh-rCN/strings.commonMain.cvr	191
com.xiaoji.egggame.features.home	string	features_home_library_tab_cloud_games	云游戏	5LqR5ri45oiP	com.xiaoji.egggame.features.home/values-zh-rCN/strings.commonMain.cvr	192
com.xiaoji.egggame.features.home	string	features_home_library_tab_epic_games	Epic游戏	RXBpY+a4uOaIjw==	com.xiaoji.egggame.features.home/values-zh-rCN/strings.commonMain.cvr	193
com.xiaoji.egggame.features.home	string	features_home_library_tab_mobile_games	手游	5omL5ri4	com.xiaoji.egggame.features.home/values-zh-rCN/strings.commonMain.cvr	194
com.xiaoji.egggame.features.home	string	features_home_library_tab_pc_games	PC游戏	UEPmuLjmiI8=	com.xiaoji.egggame.features.home/values-zh-rCN/strings.commonMain.cvr	195
com.xiaoji.egggame.features.home	string	features_home_library_tab_retro_games	复古游戏	5aSN5Y+k5ri45oiP	com.xiaoji.egggame.features.home/values-zh-rCN/strings.commonMain.cvr	196
com.xiaoji.egggame.features.home	string	features_home_library_tab_steam_games	Steam游戏	U3RlYW3muLjmiI8=	com.xiaoji.egggame.features.home/values-zh-rCN/strings.commonMain.cvr	197
com.xiaoji.egggame.features.home	string	features_home_library_visible_count	%1$d款	JTEkZOasvg==	com.xiaoji.egggame.features.home/values-zh-rCN/strings.commonMain.cvr	198
com.xiaoji.egggame.features.home	string	features_home_loaded_all	已加载全部（共 %1$d 个）	5bey5Yqg6L295YWo6YOo77yI5YWxICUxJGQg5Liq77yJ	com.xiaoji.egggame.features.home/values-zh-rCN/strings.commonMain.cvr	199
com.xiaoji.egggame.features.home	string	features_home_mobile_import_added_to_library	已加入游戏库	5bey5Yqg5YWl5ri45oiP5bqT	com.xiaoji.egggame.features.home/values-zh-rCN/strings.commonMain.cvr	200
com.xiaoji.egggame.features.home	string	features_home_mobile_import_empty_subtitle	请确认当前设备应用列表可用后再重试。	6K+356Gu6K6k5b2T5YmN6K6+5aSH5bqU55So5YiX6KGo5Y+v55So5ZCO5YaN6YeN6K+V44CC	com.xiaoji.egggame.features.home/values-zh-rCN/strings.commonMain.cvr	201
com.xiaoji.egggame.features.home	string	features_home_mobile_import_empty_title	暂未找到可导入的应用	5pqC5pyq5om+5Yiw5Y+v5a+85YWl55qE5bqU55So	com.xiaoji.egggame.features.home/values-zh-rCN/strings.commonMain.cvr	202
com.xiaoji.egggame.features.home	string	features_home_mobile_import_failed	导入失败	5a+85YWl5aSx6LSl	com.xiaoji.egggame.features.home/values-zh-rCN/strings.commonMain.cvr	203
com.xiaoji.egggame.features.home	string	features_home_mobile_import_in_library	已入库	5bey5YWl5bqT	com.xiaoji.egggame.features.home/values-zh-rCN/strings.commonMain.cvr	204
com.xiaoji.egggame.features.home	string	features_home_mobile_import_title	导入手游	5a+85YWl5omL5ri4	com.xiaoji.egggame.features.home/values-zh-rCN/strings.commonMain.cvr	205
com.xiaoji.egggame.features.home	string	features_home_nav_home	主页	5Li76aG1	com.xiaoji.egggame.features.home/values-zh-rCN/strings.commonMain.cvr	206
com.xiaoji.egggame.features.home	string	features_home_nav_leaderboard	排行榜	5o6S6KGM5qac	com.xiaoji.egggame.features.home/values-zh-rCN/strings.commonMain.cvr	207
com.xiaoji.egggame.features.home	string	features_home_nav_library	游戏库	5ri45oiP5bqT	com.xiaoji.egggame.features.home/values-zh-rCN/strings.commonMain.cvr	208
com.xiaoji.egggame.features.home	string	features_home_nav_play	玩游戏	546p5ri45oiP	com.xiaoji.egggame.features.home/values-zh-rCN/strings.commonMain.cvr	209
com.xiaoji.egggame.features.home	string	features_home_nav_profile	我的	5oiR55qE	com.xiaoji.egggame.features.home/values-zh-rCN/strings.commonMain.cvr	210
com.xiaoji.egggame.features.home	string	features_home_pc_empty_library	暂无导入的游戏	5pqC5peg5a+85YWl55qE5ri45oiP	com.xiaoji.egggame.features.home/values-zh-rCN/strings.commonMain.cvr	211
com.xiaoji.egggame.features.home	string	features_home_pc_game_play_time_hours	%1$s小时	JTEkc+Wwj+aXtg==	com.xiaoji.egggame.features.home/values-zh-rCN/strings.commonMain.cvr	212
com.xiaoji.egggame.features.home	string	features_home_pc_game_play_time_minutes	%1$s分钟	JTEkc+WIhumSnw==	com.xiaoji.egggame.features.home/values-zh-rCN/strings.commonMain.cvr	213
com.xiaoji.egggame.features.home	string	features_home_pc_game_play_time	%1$d小时	JTEkZOWwj+aXtg==	com.xiaoji.egggame.features.home/values-zh-rCN/strings.commonMain.cvr	214
com.xiaoji.egggame.features.home	string	features_home_pc_game_tag_demo	试玩版	6K+V546p54mI	com.xiaoji.egggame.features.home/values-zh-rCN/strings.commonMain.cvr	215
com.xiaoji.egggame.features.home	string	features_home_pc_import_game_short	导入游戏	5a+85YWl5ri45oiP	com.xiaoji.egggame.features.home/values-zh-rCN/strings.commonMain.cvr	216
com.xiaoji.egggame.features.home	string	features_home_pc_import_game	导入游戏	5a+85YWl5ri45oiP	com.xiaoji.egggame.features.home/values-zh-rCN/strings.commonMain.cvr	217
com.xiaoji.egggame.features.home	string	features_home_pc_import_google_unsupported	谷歌不支持该功能	6LC35q2M5LiN5pSv5oyB6K+l5Yqf6IO9	com.xiaoji.egggame.features.home/values-zh-rCN/strings.commonMain.cvr	218
com.xiaoji.egggame.features.home	string	features_home_play_action_tab_action	动作冒险	5Yqo5L2c5YaS6Zmp	com.xiaoji.egggame.features.home/values-zh-rCN/strings.commonMain.cvr	219
com.xiaoji.egggame.features.home	string	features_home_play_action_tab_all	全部	5YWo6YOo	com.xiaoji.egggame.features.home/values-zh-rCN/strings.commonMain.cvr	220
com.xiaoji.egggame.features.home	string	features_home_play_action_tab_hardcore	硬核动作	56Gs5qC45Yqo5L2c	com.xiaoji.egggame.features.home/values-zh-rCN/strings.commonMain.cvr	221
com.xiaoji.egggame.features.home	string	features_home_play_action_tab_shoot	射击游戏	5bCE5Ye75ri45oiP	com.xiaoji.egggame.features.home/values-zh-rCN/strings.commonMain.cvr	222
com.xiaoji.egggame.features.home	string	features_home_play_all_title	全部秒玩	5YWo6YOo56eS546p	com.xiaoji.egggame.features.home/values-zh-rCN/strings.commonMain.cvr	223
com.xiaoji.egggame.features.home	string	features_home_play_benefit_fast_start	极速启动	5p6B6YCf5ZCv5Yqo	com.xiaoji.egggame.features.home/values-zh-rCN/strings.commonMain.cvr	224
com.xiaoji.egggame.features.home	string	features_home_play_benefit_high_quality	专属高画质	5LiT5bGe6auY55S76LSo	com.xiaoji.egggame.features.home/values-zh-rCN/strings.commonMain.cvr	225
com.xiaoji.egggame.features.home	string	features_home_play_benefit_long_time	超长时长	6LaF6ZW/5pe26ZW/	com.xiaoji.egggame.features.home/values-zh-rCN/strings.commonMain.cvr	226
com.xiaoji.egggame.features.home	string	features_home_play_btn_play	秒玩	56eS546p	com.xiaoji.egggame.features.home/values-zh-rCN/strings.commonMain.cvr	227
com.xiaoji.egggame.features.home	string	features_home_play_check_in_dialog_tips	推广期每日赠送，记得明日再来领取	5o6o5bm/5pyf5q+P5pel6LWg6YCB77yM6K6w5b6X5piO5pel5YaN5p2l6aKG5Y+W	com.xiaoji.egggame.features.home/values-zh-rCN/strings.commonMain.cvr	228
com.xiaoji.egggame.features.home	string	features_home_play_check_in_seven_day_validity	有效期%1$d天，请合理安排时间	5pyJ5pWI5pyfJTEkZOWkqe+8jOivt+WQiOeQhuWuieaOkuaXtumXtA==	com.xiaoji.egggame.features.home/values-zh-rCN/strings.commonMain.cvr	229
com.xiaoji.egggame.features.home	string	features_home_play_check_in_sign_failed	签到失败	562+5Yiw5aSx6LSl	com.xiaoji.egggame.features.home/values-zh-rCN/strings.commonMain.cvr	230
com.xiaoji.egggame.features.home	string	features_home_play_check_in_signed	明日再来	5piO5pel5YaN5p2l	com.xiaoji.egggame.features.home/values-zh-rCN/strings.commonMain.cvr	231
com.xiaoji.egggame.features.home	string	features_home_play_check_in_succ_des	免费秒玩时长	5YWN6LS556eS546p5pe26ZW/	com.xiaoji.egggame.features.home/values-zh-rCN/strings.commonMain.cvr	232
com.xiaoji.egggame.features.home	string	features_home_play_check_in_succ_value	+%1$s 分钟	KyUxJHMg5YiG6ZKf	com.xiaoji.egggame.features.home/values-zh-rCN/strings.commonMain.cvr	233
com.xiaoji.egggame.features.home	string	features_home_play_check_in_succ	领取成功!	6aKG5Y+W5oiQ5YqfIQ==	com.xiaoji.egggame.features.home/values-zh-rCN/strings.commonMain.cvr	234
com.xiaoji.egggame.features.home	string	features_home_play_check_in_watch_rewarded_ad	看广告再领 %1$s 分钟	55yL5bm/5ZGK5YaN6aKGICUxJHMg5YiG6ZKf	com.xiaoji.egggame.features.home/values-zh-rCN/strings.commonMain.cvr	235
com.xiaoji.egggame.features.home	string	features_home_play_check_in	签到	562+5Yiw	com.xiaoji.egggame.features.home/values-zh-rCN/strings.commonMain.cvr	236
com.xiaoji.egggame.features.home	string	features_home_play_daily_check_in_desc	连续7天，每天送2小时免费时长	6L+e57utN+Wkqe+8jOavj+WkqemAgTLlsI/ml7blhY3otLnml7bplb8=	com.xiaoji.egggame.features.home/values-zh-rCN/strings.commonMain.cvr	237
com.xiaoji.egggame.features.home	string	features_home_play_daily_check_in_reward_received	基础签到奖励已到账	5Z+656GA562+5Yiw5aWW5Yqx5bey5Yiw6LSm	com.xiaoji.egggame.features.home/values-zh-rCN/strings.commonMain.cvr	238
com.xiaoji.egggame.features.home	string	features_home_play_daily_check_in_reward_value	+%1$s	KyUxJHM=	com.xiaoji.egggame.features.home/values-zh-rCN/strings.commonMain.cvr	239
com.xiaoji.egggame.features.home	string	features_home_play_daily_check_in_success_title	签到成功!	562+5Yiw5oiQ5YqfIQ==	com.xiaoji.egggame.features.home/values-zh-rCN/strings.commonMain.cvr	240
com.xiaoji.egggame.features.home	string	features_home_play_daily_check_in	每日签到	5q+P5pel562+5Yiw	com.xiaoji.egggame.features.home/values-zh-rCN/strings.commonMain.cvr	241
com.xiaoji.egggame.features.home	string	features_home_play_login_tips	登录/注册	55m75b2VL+azqOWGjA==	com.xiaoji.egggame.features.home/values-zh-rCN/strings.commonMain.cvr	242
com.xiaoji.egggame.features.home	string	features_home_play_play_time_label	秒玩时长：	56eS546p5pe26ZW/77ya	com.xiaoji.egggame.features.home/values-zh-rCN/strings.commonMain.cvr	243
com.xiaoji.egggame.features.home	string	features_home_play_play_time_unit_hour	小时	5bCP5pe2	com.xiaoji.egggame.features.home/values-zh-rCN/strings.commonMain.cvr	244
com.xiaoji.egggame.features.home	string	features_home_play_play_time_unit_minute	分钟	5YiG6ZKf	com.xiaoji.egggame.features.home/values-zh-rCN/strings.commonMain.cvr	245
com.xiaoji.egggame.features.home	string	features_home_play_popular_title	秒玩人气热游	56eS546p5Lq65rCU54Ot5ri4	com.xiaoji.egggame.features.home/values-zh-rCN/strings.commonMain.cvr	246
com.xiaoji.egggame.features.home	string	features_home_play_reached_bottom	已经到底了	5bey57uP5Yiw5bqV5LqG	com.xiaoji.egggame.features.home/values-zh-rCN/strings.commonMain.cvr	247
com.xiaoji.egggame.features.home	string	features_home_play_recently_played_empty	暂无最近游戏，请先去游玩游戏吧~	5pqC5peg5pyA6L+R5ri45oiP77yM6K+35YWI5Y675ri4546p5ri45oiP5ZCnfg==	com.xiaoji.egggame.features.home/values-zh-rCN/strings.commonMain.cvr	248
com.xiaoji.egggame.features.home	string	features_home_play_recently_played	最近常玩	5pyA6L+R5bi4546p	com.xiaoji.egggame.features.home/values-zh-rCN/strings.commonMain.cvr	249
com.xiaoji.egggame.features.home	string	features_home_play_recharge_benefits_title	购买秒玩时长可享受	6LSt5Lmw56eS546p5pe26ZW/5Y+v5Lqr5Y+X	com.xiaoji.egggame.features.home/values-zh-rCN/strings.commonMain.cvr	250
com.xiaoji.egggame.features.home	string	features_home_play_recharge	立即充值	56uL5Y2z5YWF5YC8	com.xiaoji.egggame.features.home/values-zh-rCN/strings.commonMain.cvr	251
com.xiaoji.egggame.features.home	string	features_home_play_retro_item_download	下载	5LiL6L29	com.xiaoji.egggame.features.home/values-zh-rCN/strings.commonMain.cvr	252
com.xiaoji.egggame.features.home	string	features_home_play_retro_item_launch	启动	5ZCv5Yqo	com.xiaoji.egggame.features.home/values-zh-rCN/strings.commonMain.cvr	253
com.xiaoji.egggame.features.home	string	features_home_play_search_placeholder	三角洲行动	5LiJ6KeS5rSy6KGM5Yqo	com.xiaoji.egggame.features.home/values-zh-rCN/strings.commonMain.cvr	254
com.xiaoji.egggame.features.home	string	features_home_play_tab_instant	秒玩	56eS546p	com.xiaoji.egggame.features.home/values-zh-rCN/strings.commonMain.cvr	255
com.xiaoji.egggame.features.home	string	features_home_play_tab_pc	PC游戏	UEPmuLjmiI8=	com.xiaoji.egggame.features.home/values-zh-rCN/strings.commonMain.cvr	256
com.xiaoji.egggame.features.home	string	features_home_play_tab_retro	复古游戏	5aSN5Y+k5ri45oiP	com.xiaoji.egggame.features.home/values-zh-rCN/strings.commonMain.cvr	257
com.xiaoji.egggame.features.home	string	features_home_play_tab_teamplay	组队玩	57uE6Zif546p	com.xiaoji.egggame.features.home/values-zh-rCN/strings.commonMain.cvr	258
com.xiaoji.egggame.features.home	string	features_home_press_again_to_exit	再按一次退出	5YaN5oyJ5LiA5qyh6YCA5Ye6	com.xiaoji.egggame.features.home/values-zh-rCN/strings.commonMain.cvr	259
com.xiaoji.egggame.features.home	string	features_home_profile_add_device	添加设备	5re75Yqg6K6+5aSH	com.xiaoji.egggame.features.home/values-zh-rCN/strings.commonMain.cvr	260
com.xiaoji.egggame.features.home	string	features_home_profile_battery	电量	55S16YeP	com.xiaoji.egggame.features.home/values-zh-rCN/strings.commonMain.cvr	261
com.xiaoji.egggame.features.home	string	features_home_profile_download_manage	下载管理	5LiL6L29566h55CG	com.xiaoji.egggame.features.home/values-zh-rCN/strings.commonMain.cvr	262
com.xiaoji.egggame.features.home	string	features_home_profile_epic_bind	绑定 Epic 账号	57uR5a6aIEVwaWMg6LSm5Y+3	com.xiaoji.egggame.features.home/values-zh-rCN/strings.commonMain.cvr	263
com.xiaoji.egggame.features.home	string	features_home_profile_epic_desc	绑定账号后可查看个人游戏库	57uR5a6a6LSm5Y+35ZCO5Y+v5p+l55yL5Liq5Lq65ri45oiP5bqT	com.xiaoji.egggame.features.home/values-zh-rCN/strings.commonMain.cvr	264
com.xiaoji.egggame.features.home	string	features_home_profile_epic_info_title	Epic 个人信息	RXBpYyDkuKrkurrkv6Hmga8=	com.xiaoji.egggame.features.home/values-zh-rCN/strings.commonMain.cvr	265
com.xiaoji.egggame.features.home	string	features_home_profile_epic_refresh_failed	Epic 信息刷新失败	RXBpYyDkv6Hmga/liLfmlrDlpLHotKU=	com.xiaoji.egggame.features.home/values-zh-rCN/strings.commonMain.cvr	266
com.xiaoji.egggame.features.home	string	features_home_profile_epic_refresh_success	Epic 信息已刷新	RXBpYyDkv6Hmga/lt7LliLfmlrA=	com.xiaoji.egggame.features.home/values-zh-rCN/strings.commonMain.cvr	267
com.xiaoji.egggame.features.home	string	features_home_profile_epic_title	Epic Games 数据同步功能	RXBpYyBHYW1lcyDmlbDmja7lkIzmraXlip/og70=	com.xiaoji.egggame.features.home/values-zh-rCN/strings.commonMain.cvr	268
com.xiaoji.egggame.features.home	string	features_home_profile_free_game	喜加一	5Zac5Yqg5LiA	com.xiaoji.egggame.features.home/values-zh-rCN/strings.commonMain.cvr	269
com.xiaoji.egggame.features.home	string	features_home_profile_gog_bind	绑定 GOG 账号	57uR5a6aIEdPRyDotKblj7c=	com.xiaoji.egggame.features.home/values-zh-rCN/strings.commonMain.cvr	270
com.xiaoji.egggame.features.home	string	features_home_profile_gog_desc	绑定账号后可查看个人游戏库	57uR5a6a6LSm5Y+35ZCO5Y+v5p+l55yL5Liq5Lq65ri45oiP5bqT	com.xiaoji.egggame.features.home/values-zh-rCN/strings.commonMain.cvr	271
com.xiaoji.egggame.features.home	string	features_home_profile_gog_title	GOG 数据同步功能	R09HIOaVsOaNruWQjOatpeWKn+iDvQ==	com.xiaoji.egggame.features.home/values-zh-rCN/strings.commonMain.cvr	272
com.xiaoji.egggame.features.home	string	features_home_profile_guest_badge	游客	5ri45a6i	com.xiaoji.egggame.features.home/values-zh-rCN/strings.commonMain.cvr	273
com.xiaoji.egggame.features.home	string	features_home_profile_guest_banner_overseas	游客模式下，存档功能暂不可用	5ri45a6i5qih5byP5LiL77yM5a2Y5qGj5Yqf6IO95pqC5LiN5Y+v55So	com.xiaoji.egggame.features.home/values-zh-rCN/strings.commonMain.cvr	274
com.xiaoji.egggame.features.home	string	features_home_profile_guest_banner	游客模式下，存档功能、充值付费暂不可用	5ri45a6i5qih5byP5LiL77yM5a2Y5qGj5Yqf6IO944CB5YWF5YC85LuY6LS55pqC5LiN5Y+v55So	com.xiaoji.egggame.features.home/values-zh-rCN/strings.commonMain.cvr	275
com.xiaoji.egggame.features.home	string	features_home_profile_guest_subtitle	点击登录	54K55Ye755m75b2V	com.xiaoji.egggame.features.home/values-zh-rCN/strings.commonMain.cvr	276
com.xiaoji.egggame.features.home	string	features_home_profile_join_group	加入盖世掌游官方游戏圈，更多玩家资讯等你来~	5Yqg5YWl55uW5LiW5o6M5ri45a6Y5pa55ri45oiP5ZyI77yM5pu05aSa546p5a626LWE6K6v562J5L2g5p2lfg==	com.xiaoji.egggame.features.home/values-zh-rCN/strings.commonMain.cvr	277
com.xiaoji.egggame.features.home	string	features_home_profile_logged_in	已登录	5bey55m75b2V	com.xiaoji.egggame.features.home/values-zh-rCN/strings.commonMain.cvr	278
com.xiaoji.egggame.features.home	string	features_home_profile_login_or_register	登录/注册	55m75b2VL+azqOWGjA==	com.xiaoji.egggame.features.home/values-zh-rCN/strings.commonMain.cvr	279
com.xiaoji.egggame.features.home	string	features_home_profile_no_data	暂无数据	5pqC5peg5pWw5o2u	com.xiaoji.egggame.features.home/values-zh-rCN/strings.commonMain.cvr	280
com.xiaoji.egggame.features.home	string	features_home_profile_no_network	网络连接断开，请检查网络~	572R57uc6L+e5o6l5pat5byA77yM6K+35qOA5p+l572R57ucfg==	com.xiaoji.egggame.features.home/values-zh-rCN/strings.commonMain.cvr	281
com.xiaoji.egggame.features.home	string	features_home_profile_platform_menu_logout	退出账号	6YCA5Ye66LSm5Y+3	com.xiaoji.egggame.features.home/values-zh-rCN/strings.commonMain.cvr	282
com.xiaoji.egggame.features.home	string	features_home_profile_platform_menu_refresh	更新数据	5pu05paw5pWw5o2u	com.xiaoji.egggame.features.home/values-zh-rCN/strings.commonMain.cvr	283
com.xiaoji.egggame.features.home	string	features_home_profile_platform_menu_switch	切换账号	5YiH5o2i6LSm5Y+3	com.xiaoji.egggame.features.home/values-zh-rCN/strings.commonMain.cvr	284
com.xiaoji.egggame.features.home	string	features_home_profile_platform_tab_epic	Epic	RXBpYw==	com.xiaoji.egggame.features.home/values-zh-rCN/strings.commonMain.cvr	285
com.xiaoji.egggame.features.home	string	features_home_profile_platform_tab_gog	GOG	R09H	com.xiaoji.egggame.features.home/values-zh-rCN/strings.commonMain.cvr	286
com.xiaoji.egggame.features.home	string	features_home_profile_platform_tab_steam	Steam	U3RlYW0=	com.xiaoji.egggame.features.home/values-zh-rCN/strings.commonMain.cvr	287
com.xiaoji.egggame.features.home	string	features_home_profile_real_name_tag_minor	未成年	5pyq5oiQ5bm0	com.xiaoji.egggame.features.home/values-zh-rCN/strings.commonMain.cvr	288
com.xiaoji.egggame.features.home	string	features_home_profile_real_name_tag_unverified	未实名	5pyq5a6e5ZCN	com.xiaoji.egggame.features.home/values-zh-rCN/strings.commonMain.cvr	289
com.xiaoji.egggame.features.home	string	features_home_profile_real_name_tag_verified	已实名	5bey5a6e5ZCN	com.xiaoji.egggame.features.home/values-zh-rCN/strings.commonMain.cvr	290
com.xiaoji.egggame.features.home	string	features_home_profile_restart	重试	6YeN6K+V	com.xiaoji.egggame.features.home/values-zh-rCN/strings.commonMain.cvr	291
com.xiaoji.egggame.features.home	string	features_home_profile_settings	设置	6K6+572u	com.xiaoji.egggame.features.home/values-zh-rCN/strings.commonMain.cvr	292
com.xiaoji.egggame.features.home	string	features_home_profile_steam_bind	绑定 Steam 账号	57uR5a6aIFN0ZWFtIOi0puWPtw==	com.xiaoji.egggame.features.home/values-zh-rCN/strings.commonMain.cvr	293
com.xiaoji.egggame.features.home	string	features_home_profile_steam_desc	绑定账号后可查看个人游戏库	57uR5a6a6LSm5Y+35ZCO5Y+v5p+l55yL5Liq5Lq65ri45oiP5bqT	com.xiaoji.egggame.features.home/values-zh-rCN/strings.commonMain.cvr	294
com.xiaoji.egggame.features.home	string	features_home_profile_steam_friends_chat	Steam 好友与聊天	U3RlYW0g5aW95Y+L5LiO6IGK5aSp	com.xiaoji.egggame.features.home/values-zh-rCN/strings.commonMain.cvr	295
com.xiaoji.egggame.features.home	string	features_home_profile_steam_info_title	Steam 个人信息	U3RlYW0g5Liq5Lq65L+h5oGv	com.xiaoji.egggame.features.home/values-zh-rCN/strings.commonMain.cvr	296
com.xiaoji.egggame.features.home	string	features_home_profile_steam_refresh_failed	Steam 信息刷新失败	U3RlYW0g5L+h5oGv5Yi35paw5aSx6LSl	com.xiaoji.egggame.features.home/values-zh-rCN/strings.commonMain.cvr	297
com.xiaoji.egggame.features.home	string	features_home_profile_steam_refresh_success	Steam 信息已刷新	U3RlYW0g5L+h5oGv5bey5Yi35paw	com.xiaoji.egggame.features.home/values-zh-rCN/strings.commonMain.cvr	298
com.xiaoji.egggame.features.home	string	features_home_profile_steam_title	Steam 数据同步功能	U3RlYW0g5pWw5o2u5ZCM5q2l5Yqf6IO9	com.xiaoji.egggame.features.home/values-zh-rCN/strings.commonMain.cvr	299
com.xiaoji.egggame.features.home	string	features_home_profile_tab_device_center	设备中心	6K6+5aSH5Lit5b+D	com.xiaoji.egggame.features.home/values-zh-rCN/strings.commonMain.cvr	300
com.xiaoji.egggame.features.home	string	features_home_profile_tab_device_nocontent	未连接	5pyq6L+e5o6l	com.xiaoji.egggame.features.home/values-zh-rCN/strings.commonMain.cvr	301
com.xiaoji.egggame.features.home	string	features_home_profile_tab_firmware_version	固件版本：%1$d	5Zu65Lu254mI5pys77yaJTEkZA==	com.xiaoji.egggame.features.home/values-zh-rCN/strings.commonMain.cvr	302
com.xiaoji.egggame.features.home	string	features_home_profile_tab_gamepad_test	手柄测试	5omL5p+E5rWL6K+V	com.xiaoji.egggame.features.home/values-zh-rCN/strings.commonMain.cvr	303
com.xiaoji.egggame.features.home	string	features_home_profile_tab_my_devices	我的设备	5oiR55qE6K6+5aSH	com.xiaoji.egggame.features.home/values-zh-rCN/strings.commonMain.cvr	304
com.xiaoji.egggame.features.home	string	features_home_profile_tab_product_wiki	产品百科	5Lqn5ZOB55m+56eR	com.xiaoji.egggame.features.home/values-zh-rCN/strings.commonMain.cvr	305
com.xiaoji.egggame.features.home	string	features_home_profile_tab_screen_ratio	屏幕比例	5bGP5bmV5q+U5L6L	com.xiaoji.egggame.features.home/values-zh-rCN/strings.commonMain.cvr	306
com.xiaoji.egggame.features.home	string	features_home_profile_tab_title	手柄设置	5omL5p+E6K6+572u	com.xiaoji.egggame.features.home/values-zh-rCN/strings.commonMain.cvr	307
com.xiaoji.egggame.features.home	string	features_home_profile_toast_copied	已复制到剪贴板	5bey5aSN5Yi25Yiw5Ymq6LS05p2/	com.xiaoji.egggame.features.home/values-zh-rCN/strings.commonMain.cvr	308
com.xiaoji.egggame.features.home	string	features_home_profile_uid	UID %1$s	VUlEICUxJHM=	com.xiaoji.egggame.features.home/values-zh-rCN/strings.commonMain.cvr	309
com.xiaoji.egggame.features.home	string	features_home_promo_cta_join_now	立即参与	56uL5Y2z5Y+C5LiO	com.xiaoji.egggame.features.home/values-zh-rCN/strings.commonMain.cvr	310
com.xiaoji.egggame.features.home	string	features_home_push_activity_off_shelf	活动已下架	5rS75Yqo5bey5LiL5p62	com.xiaoji.egggame.features.home/values-zh-rCN/strings.commonMain.cvr	311
com.xiaoji.egggame.features.home	string	features_home_recommendation_enter_home	进入我的专属首页	6L+b5YWl5oiR55qE5LiT5bGe6aaW6aG1	com.xiaoji.egggame.features.home/values-zh-rCN/strings.commonMain.cvr	312
com.xiaoji.egggame.features.home	string	features_home_recommendation_list_title	当前推荐列表	5b2T5YmN5o6o6I2Q5YiX6KGo	com.xiaoji.egggame.features.home/values-zh-rCN/strings.commonMain.cvr	313
com.xiaoji.egggame.features.home	string	features_home_recommendation_load_failed	加载推荐游戏失败	5Yqg6L295o6o6I2Q5ri45oiP5aSx6LSl	com.xiaoji.egggame.features.home/values-zh-rCN/strings.commonMain.cvr	314
com.xiaoji.egggame.features.home	string	features_home_recommendation_min_games	至少选择%1$d款游戏	6Iez5bCR6YCJ5oupJTEkZOasvua4uOaIjw==	com.xiaoji.egggame.features.home/values-zh-rCN/strings.commonMain.cvr	315
com.xiaoji.egggame.features.home	string	features_home_recommendation_more_needed	还需%1$d款	6L+Y6ZyAJTEkZOasvg==	com.xiaoji.egggame.features.home/values-zh-rCN/strings.commonMain.cvr	316
com.xiaoji.egggame.features.home	string	features_home_recommendation_refresh	换一批	5o2i5LiA5om5	com.xiaoji.egggame.features.home/values-zh-rCN/strings.commonMain.cvr	317
com.xiaoji.egggame.features.home	string	features_home_recommendation_selected_count	已选：%1$d款	5bey6YCJ77yaJTEkZOasvg==	com.xiaoji.egggame.features.home/values-zh-rCN/strings.commonMain.cvr	318
com.xiaoji.egggame.features.home	string	features_home_recommendation_skip	跳过	6Lez6L+H	com.xiaoji.egggame.features.home/values-zh-rCN/strings.commonMain.cvr	319
com.xiaoji.egggame.features.home	string	features_home_recommendation_submit_failed	提交推荐选择失败	5o+Q5Lqk5o6o6I2Q6YCJ5oup5aSx6LSl	com.xiaoji.egggame.features.home/values-zh-rCN/strings.commonMain.cvr	320
com.xiaoji.egggame.features.home	string	features_home_recommendation_subtitle	挑选你感兴趣的游戏，让推荐更懂你。	5oyR6YCJ5L2g5oSf5YW06Laj55qE5ri45oiP77yM6K6p5o6o6I2Q5pu05oeC5L2g44CC	com.xiaoji.egggame.features.home/values-zh-rCN/strings.commonMain.cvr	321
com.xiaoji.egggame.features.home	string	features_home_recommendation_title	定制你的专属首页	5a6a5Yi25L2g55qE5LiT5bGe6aaW6aG1	com.xiaoji.egggame.features.home/values-zh-rCN/strings.commonMain.cvr	322
com.xiaoji.egggame.features.home	string	features_home_retro_auth_banner_action	前往	5YmN5b6A	com.xiaoji.egggame.features.home/values-zh-rCN/strings.commonMain.cvr	323
com.xiaoji.egggame.features.home	string	features_home_retro_auth_banner_message	检测到授权手柄连接，是否前往查看授权游戏	5qOA5rWL5Yiw5o6I5p2D5omL5p+E6L+e5o6l77yM5piv5ZCm5YmN5b6A5p+l55yL5o6I5p2D5ri45oiP	com.xiaoji.egggame.features.home/values-zh-rCN/strings.commonMain.cvr	324
com.xiaoji.egggame.features.home	string	features_home_retro_auth_connected_toast	新增了%1$d款专属授权游戏	5paw5aKe5LqGJTEkZOasvuS4k+WxnuaOiOadg+a4uOaIjw==	com.xiaoji.egggame.features.home/values-zh-rCN/strings.commonMain.cvr	325
com.xiaoji.egggame.features.home	string	features_home_retro_auth_disconnected_action_fail	授权手柄已断开，操作失败	5o6I5p2D5omL5p+E5bey5pat5byA77yM5pON5L2c5aSx6LSl	com.xiaoji.egggame.features.home/values-zh-rCN/strings.commonMain.cvr	326
com.xiaoji.egggame.features.home	string	features_home_retro_auth_disconnected_toast	授权手柄已断开，专属游戏已隐藏	5o6I5p2D5omL5p+E5bey5pat5byA77yM5LiT5bGe5ri45oiP5bey6ZqQ6JeP	com.xiaoji.egggame.features.home/values-zh-rCN/strings.commonMain.cvr	327
com.xiaoji.egggame.features.home	string	features_home_retro_detail_close	关闭	5YWz6Zet	com.xiaoji.egggame.features.home/values-zh-rCN/strings.commonMain.cvr	328
com.xiaoji.egggame.features.home	string	features_home_retro_detail_delete_fail	删除失败	5Yig6Zmk5aSx6LSl	com.xiaoji.egggame.features.home/values-zh-rCN/strings.commonMain.cvr	329
com.xiaoji.egggame.features.home	string	features_home_retro_detail_delete_file	卸载游戏	5Y246L295ri45oiP	com.xiaoji.egggame.features.home/values-zh-rCN/strings.commonMain.cvr	330
com.xiaoji.egggame.features.home	string	features_home_retro_detail_delete_success	%1$s已从您的游戏库移除	JTEkc+W3suS7juaCqOeahOa4uOaIj+W6k+enu+mZpA==	com.xiaoji.egggame.features.home/values-zh-rCN/strings.commonMain.cvr	331
com.xiaoji.egggame.features.home	string	features_home_retro_detail_download_confirm	是否下载%1$s	5piv5ZCm5LiL6L29JTEkcw==	com.xiaoji.egggame.features.home/values-zh-rCN/strings.commonMain.cvr	332
com.xiaoji.egggame.features.home	string	features_home_retro_detail_download_fail	下载失败	5LiL6L295aSx6LSl	com.xiaoji.egggame.features.home/values-zh-rCN/strings.commonMain.cvr	333
com.xiaoji.egggame.features.home	string	features_home_retro_detail_download_now	立即下载	56uL5Y2z5LiL6L29	com.xiaoji.egggame.features.home/values-zh-rCN/strings.commonMain.cvr	334
com.xiaoji.egggame.features.home	string	features_home_retro_detail_download_url_empty	下载链接为空	5LiL6L296ZO+5o6l5Li656m6	com.xiaoji.egggame.features.home/values-zh-rCN/strings.commonMain.cvr	335
com.xiaoji.egggame.features.home	string	features_home_retro_detail_downloading_percent	%1$d%	JTEkZCU=	com.xiaoji.egggame.features.home/values-zh-rCN/strings.commonMain.cvr	336
com.xiaoji.egggame.features.home	string	features_home_retro_detail_edit_name	编辑名称	57yW6L6R5ZCN56ew	com.xiaoji.egggame.features.home/values-zh-rCN/strings.commonMain.cvr	337
com.xiaoji.egggame.features.home	string	features_home_retro_detail_expand	展开	5bGV5byA	com.xiaoji.egggame.features.home/values-zh-rCN/strings.commonMain.cvr	338
com.xiaoji.egggame.features.home	string	features_home_retro_detail_game_settings	游戏设置	5ri45oiP6K6+572u	com.xiaoji.egggame.features.home/values-zh-rCN/strings.commonMain.cvr	339
com.xiaoji.egggame.features.home	string	features_home_retro_detail_loading	加载中...	5Yqg6L295LitLi4u	com.xiaoji.egggame.features.home/values-zh-rCN/strings.commonMain.cvr	340
com.xiaoji.egggame.features.home	string	features_home_retro_detail_more_button	更多键	5pu05aSa6ZSu	com.xiaoji.egggame.features.home/values-zh-rCN/strings.commonMain.cvr	341
com.xiaoji.egggame.features.home	string	features_home_retro_detail_more_menu	更多菜单	5pu05aSa6I+c5Y2V	com.xiaoji.egggame.features.home/values-zh-rCN/strings.commonMain.cvr	342
com.xiaoji.egggame.features.home	string	features_home_retro_detail_no_resource	暂无该资源	5pqC5peg6K+l6LWE5rqQ	com.xiaoji.egggame.features.home/values-zh-rCN/strings.commonMain.cvr	343
com.xiaoji.egggame.features.home	string	features_home_retro_detail_no_synopsis	暂无简介	5pqC5peg566A5LuL	com.xiaoji.egggame.features.home/values-zh-rCN/strings.commonMain.cvr	344
com.xiaoji.egggame.features.home	string	features_home_retro_detail_pause_fail	暂停失败	5pqC5YGc5aSx6LSl	com.xiaoji.egggame.features.home/values-zh-rCN/strings.commonMain.cvr	345
com.xiaoji.egggame.features.home	string	features_home_retro_detail_pause	暂停	5pqC5YGc	com.xiaoji.egggame.features.home/values-zh-rCN/strings.commonMain.cvr	346
com.xiaoji.egggame.features.home	string	features_home_retro_detail_remove_game	移出游戏库	56e75Ye65ri45oiP5bqT	com.xiaoji.egggame.features.home/values-zh-rCN/strings.commonMain.cvr	347
com.xiaoji.egggame.features.home	string	features_home_retro_detail_remove_tips	是否移出游戏库	5piv5ZCm56e75Ye65ri45oiP5bqT	com.xiaoji.egggame.features.home/values-zh-rCN/strings.commonMain.cvr	348
com.xiaoji.egggame.features.home	string	features_home_retro_detail_rename_succ	修改名称成功	5L+u5pS55ZCN56ew5oiQ5Yqf	com.xiaoji.egggame.features.home/values-zh-rCN/strings.commonMain.cvr	349
com.xiaoji.egggame.features.home	string	features_home_retro_detail_rename_tips	请输入游戏名称	6K+36L6T5YWl5ri45oiP5ZCN56ew	com.xiaoji.egggame.features.home/values-zh-rCN/strings.commonMain.cvr	350
com.xiaoji.egggame.features.home	string	features_home_retro_detail_resume_fail	恢复失败	5oGi5aSN5aSx6LSl	com.xiaoji.egggame.features.home/values-zh-rCN/strings.commonMain.cvr	351
com.xiaoji.egggame.features.home	string	features_home_retro_detail_start_now	立即启动	56uL5Y2z5ZCv5Yqo	com.xiaoji.egggame.features.home/values-zh-rCN/strings.commonMain.cvr	352
com.xiaoji.egggame.features.home	string	features_home_retro_detail_synopsis	简介	566A5LuL	com.xiaoji.egggame.features.home/values-zh-rCN/strings.commonMain.cvr	353
com.xiaoji.egggame.features.home	string	features_home_retro_detail_uninstall_success	%1$s已卸载并从您的游戏库移除	JTEkc+W3suWNuOi9veW5tuS7juaCqOeahOa4uOaIj+W6k+enu+mZpA==	com.xiaoji.egggame.features.home/values-zh-rCN/strings.commonMain.cvr	354
com.xiaoji.egggame.features.home	string	features_home_retro_detail_uninstall_tips	是否卸载游戏	5piv5ZCm5Y246L295ri45oiP	com.xiaoji.egggame.features.home/values-zh-rCN/strings.commonMain.cvr	355
com.xiaoji.egggame.features.home	string	features_home_retro_dialog_tips	提示	5o+Q56S6	com.xiaoji.egggame.features.home/values-zh-rCN/strings.commonMain.cvr	356
com.xiaoji.egggame.features.home	string	features_home_retro_list_gamepad	Gamepad	R2FtZXBhZA==	com.xiaoji.egggame.features.home/values-zh-rCN/strings.commonMain.cvr	357
com.xiaoji.egggame.features.home	string	features_home_retro_list_hot_recommendations	热门推荐	54Ot6Zeo5o6o6I2Q	com.xiaoji.egggame.features.home/values-zh-rCN/strings.commonMain.cvr	358
com.xiaoji.egggame.features.home	string	features_home_retro_list_import_game	导入游戏	5a+85YWl5ri45oiP	com.xiaoji.egggame.features.home/values-zh-rCN/strings.commonMain.cvr	359
com.xiaoji.egggame.features.home	string	features_home_retro_list_local_games	本地游戏	5pys5Zyw5ri45oiP	com.xiaoji.egggame.features.home/values-zh-rCN/strings.commonMain.cvr	360
com.xiaoji.egggame.features.home	string	features_home_retro_list_title	盖世掌游	55uW5LiW5o6M5ri4	com.xiaoji.egggame.features.home/values-zh-rCN/strings.commonMain.cvr	361
com.xiaoji.egggame.features.home	string	features_home_rewarded_ad_not_ready	广告暂未准备好，请稍后再试	5bm/5ZGK5pqC5pyq5YeG5aSH5aW977yM6K+356iN5ZCO5YaN6K+V	com.xiaoji.egggame.features.home/values-zh-rCN/strings.commonMain.cvr	362
com.xiaoji.egggame.features.home	string	features_home_search_hint	搜索游戏名	5pCc57Si5ri45oiP5ZCN	com.xiaoji.egggame.features.home/values-zh-rCN/strings.commonMain.cvr	363
com.xiaoji.egggame.features.home	string	features_home_select_game_title	选择游戏	6YCJ5oup5ri45oiP	com.xiaoji.egggame.features.home/values-zh-rCN/strings.commonMain.cvr	364
com.xiaoji.egggame.features.home	string	features_home_setting_color_black	黑色	6buR6Imy	com.xiaoji.egggame.features.home/values-zh-rCN/strings.commonMain.cvr	365
com.xiaoji.egggame.features.home	string	features_home_setting_color_white	白色	55m96Imy	com.xiaoji.egggame.features.home/values-zh-rCN/strings.commonMain.cvr	366
com.xiaoji.egggame.features.home	string	features_home_setting_keyboard_color	键盘颜色	6ZSu55uY6aKc6Imy	com.xiaoji.egggame.features.home/values-zh-rCN/strings.commonMain.cvr	367
com.xiaoji.egggame.features.home	string	features_home_setting_license_item_01_desc	由 NovaSquirrel 开发并基于 ZLIB 许可协议发布。	55SxIE5vdmFTcXVpcnJlbCDlvIDlj5Hlubbln7rkuo4gWkxJQiDorrjlj6/ljY/orq7lj5HluIPjgII=	com.xiaoji.egggame.features.home/values-zh-rCN/strings.commonMain.cvr	368
com.xiaoji.egggame.features.home	string	features_home_setting_license_item_01_name	dabg	ZGFiZw==	com.xiaoji.egggame.features.home/values-zh-rCN/strings.commonMain.cvr	369
com.xiaoji.egggame.features.home	string	features_home_setting_license_item_02_desc	由 sebastiandine 开发并基于 ZLIB 许可协议发布。	55SxIHNlYmFzdGlhbmRpbmUg5byA5Y+R5bm25Z+65LqOIFpMSUIg6K645Y+v5Y2P6K6u5Y+R5biD44CC	com.xiaoji.egggame.features.home/values-zh-rCN/strings.commonMain.cvr	370
com.xiaoji.egggame.features.home	string	features_home_setting_license_item_02_name	NES贪吃蛇	TkVT6LSq5ZCD6JuH	com.xiaoji.egggame.features.home/values-zh-rCN/strings.commonMain.cvr	371
com.xiaoji.egggame.features.home	string	features_home_setting_license_item_03_desc	由 sebastiandine 开发并基于 ZLIB 许可协议发布。	55SxIHNlYmFzdGlhbmRpbmUg5byA5Y+R5bm25Z+65LqOIFpMSUIg6K645Y+v5Y2P6K6u5Y+R5biD44CC	com.xiaoji.egggame.features.home/values-zh-rCN/strings.commonMain.cvr	372
com.xiaoji.egggame.features.home	string	features_home_setting_license_item_03_name	NES打砖块	TkVT5omT56CW5Z2X	com.xiaoji.egggame.features.home/values-zh-rCN/strings.commonMain.cvr	373
com.xiaoji.egggame.features.home	string	features_home_setting_license_item_04_desc	由 Torlus 开发并基于 Public Domain 许可协议发布。	55SxIFRvcmx1cyDlvIDlj5Hlubbln7rkuo4gUHVibGljIERvbWFpbiDorrjlj6/ljY/orq7lj5HluIPjgII=	com.xiaoji.egggame.features.home/values-zh-rCN/strings.commonMain.cvr	374
com.xiaoji.egggame.features.home	string	features_home_setting_license_item_04_name	Pnakys	UG5ha3lz	com.xiaoji.egggame.features.home/values-zh-rCN/strings.commonMain.cvr	375
com.xiaoji.egggame.features.home	string	features_home_setting_license_item_05_desc	由 TimDeve 开发并基于 MIT 许可协议发布。	55SxIFRpbURldmUg5byA5Y+R5bm25Z+65LqOIE1JVCDorrjlj6/ljY/orq7lj5HluIPjgII=	com.xiaoji.egggame.features.home/values-zh-rCN/strings.commonMain.cvr	376
com.xiaoji.egggame.features.home	string	features_home_setting_license_item_05_name	彩虹独角兽	5b2p6Jm554us6KeS5YW9	com.xiaoji.egggame.features.home/values-zh-rCN/strings.commonMain.cvr	377
com.xiaoji.egggame.features.home	string	features_home_setting_license_item_06_desc	由 exelotl, Rik, Pyro_Pyro 开发并基于 MIT 许可协议发布。	55SxIGV4ZWxvdGwsIFJpaywgUHlyb19QeXJvIOW8gOWPkeW5tuWfuuS6jiBNSVQg6K645Y+v5Y2P6K6u5Y+R5biD44CC	com.xiaoji.egggame.features.home/values-zh-rCN/strings.commonMain.cvr	378
com.xiaoji.egggame.features.home	string	features_home_setting_license_item_06_name	XNIQ	WE5JUQ==	com.xiaoji.egggame.features.home/values-zh-rCN/strings.commonMain.cvr	379
com.xiaoji.egggame.features.home	string	features_home_setting_license_item_07_desc	由 sgadrat 开发并基于 WTFPL 许可协议发布。	55SxIHNnYWRyYXQg5byA5Y+R5bm25Z+65LqOIFdURlBMIOiuuOWPr+WNj+iuruWPkeW4g+OAgg==	com.xiaoji.egggame.features.home/values-zh-rCN/strings.commonMain.cvr	380
com.xiaoji.egggame.features.home	string	features_home_setting_license_item_07_name	超级倾斜兄弟	6LaF57qn5YC+5pac5YWE5byf	com.xiaoji.egggame.features.home/values-zh-rCN/strings.commonMain.cvr	381
com.xiaoji.egggame.features.home	string	features_home_setting_license_item_08_desc	由 AnthonyBongers 开发并发布到公有领域。	55SxIEFudGhvbnlCb25nZXJzIOW8gOWPkeW5tuWPkeW4g+WIsOWFrOaciemihuWfn+OAgg==	com.xiaoji.egggame.features.home/values-zh-rCN/strings.commonMain.cvr	382
com.xiaoji.egggame.features.home	string	features_home_setting_license_item_08_name	鬼魂与坟墓	6ay86a2C5LiO5Z2f5aKT	com.xiaoji.egggame.features.home/values-zh-rCN/strings.commonMain.cvr	383
com.xiaoji.egggame.features.home	string	features_home_setting_license_item_09_desc	由 wendelscardua 开发并基于 MIT 许可协议发布。	55SxIHdlbmRlbHNjYXJkdWEg5byA5Y+R5bm25Z+65LqOIE1JVCDorrjlj6/ljY/orq7lj5HluIPjgII=	com.xiaoji.egggame.features.home/values-zh-rCN/strings.commonMain.cvr	384
com.xiaoji.egggame.features.home	string	features_home_setting_license_item_09_name	数织	5pWw57uH	com.xiaoji.egggame.features.home/values-zh-rCN/strings.commonMain.cvr	385
com.xiaoji.egggame.features.home	string	features_home_setting_license_item_10_desc	由 Dr. Ludos 开发并基于 MIT 许可协议发布。	55SxIERyLiBMdWRvcyDlvIDlj5Hlubbln7rkuo4gTUlUIOiuuOWPr+WNj+iuruWPkeW4g+OAgg==	com.xiaoji.egggame.features.home/values-zh-rCN/strings.commonMain.cvr	386
com.xiaoji.egggame.features.home	string	features_home_setting_license_item_10_name	流星雨	5rWB5pif6Zuo	com.xiaoji.egggame.features.home/values-zh-rCN/strings.commonMain.cvr	387
com.xiaoji.egggame.features.home	string	features_home_setting_license_item_11_desc	由 Dania Rifki 开发并基于 MIT 许可协议发布。	55SxIERhbmlhIFJpZmtpIOW8gOWPkeW5tuWfuuS6jiBNSVQg6K645Y+v5Y2P6K6u5Y+R5biD44CC	com.xiaoji.egggame.features.home/values-zh-rCN/strings.commonMain.cvr	388
com.xiaoji.egggame.features.home	string	features_home_setting_license_item_11_name	六边形	5YWt6L655b2i	com.xiaoji.egggame.features.home/values-zh-rCN/strings.commonMain.cvr	389
com.xiaoji.egggame.features.home	string	features_home_setting_license_item_12_desc	由 Evan Bowman 开发并基于 MIT 许可协议发布。	55SxIEV2YW4gQm93bWFuIOW8gOWPkeW5tuWfuuS6jiBNSVQg6K645Y+v5Y2P6K6u5Y+R5biD44CC	com.xiaoji.egggame.features.home/values-zh-rCN/strings.commonMain.cvr	390
com.xiaoji.egggame.features.home	string	features_home_setting_license_item_12_name	盲跳	55uy6Lez	com.xiaoji.egggame.features.home/values-zh-rCN/strings.commonMain.cvr	391
com.xiaoji.egggame.features.home	string	features_home_setting_license_item_13_desc	由 Lsh Games (Runa457) 开发并基于 MIT 许可协议发布。	55SxIExzaCBHYW1lcyAoUnVuYTQ1Nykg5byA5Y+R5bm25Z+65LqOIE1JVCDorrjlj6/ljY/orq7lj5HluIPjgII=	com.xiaoji.egggame.features.home/values-zh-rCN/strings.commonMain.cvr	392
com.xiaoji.egggame.features.home	string	features_home_setting_license_item_13_name	巧克力猎人露娜	5ben5YWL5Yqb54yO5Lq66Zyy5aic	com.xiaoji.egggame.features.home/values-zh-rCN/strings.commonMain.cvr	393
com.xiaoji.egggame.features.home	string	features_home_setting_license_item_14_desc	由 copyrat90 (Guyeon Yu) 开发并基于 MIT 许可协议发布。	55SxIGNvcHlyYXQ5MCAoR3V5ZW9uIFl1KSDlvIDlj5Hlubbln7rkuo4gTUlUIOiuuOWPr+WNj+iuruWPkeW4g+OAgg==	com.xiaoji.egggame.features.home/values-zh-rCN/strings.commonMain.cvr	394
com.xiaoji.egggame.features.home	string	features_home_setting_license_item_14_name	符号合并	56ym5Y+35ZCI5bm2	com.xiaoji.egggame.features.home/values-zh-rCN/strings.commonMain.cvr	395
com.xiaoji.egggame.features.home	string	features_home_setting_license_item_15_desc	由 Maximilian II 开发并基于 MIT 许可协议发布。	55SxIE1heGltaWxpYW4gSUkg5byA5Y+R5bm25Z+65LqOIE1JVCDorrjlj6/ljY/orq7lj5HluIPjgII=	com.xiaoji.egggame.features.home/values-zh-rCN/strings.commonMain.cvr	396
com.xiaoji.egggame.features.home	string	features_home_setting_license_item_15_name	斧头	5pan5aS0	com.xiaoji.egggame.features.home/values-zh-rCN/strings.commonMain.cvr	397
com.xiaoji.egggame.features.home	string	features_home_setting_license_item_16_desc	由 MilanFIN 开发并基于 MIT 许可协议发布。	55SxIE1pbGFuRklOIOW8gOWPkeW5tuWfuuS6jiBNSVQg6K645Y+v5Y2P6K6u5Y+R5biD44CC	com.xiaoji.egggame.features.home/values-zh-rCN/strings.commonMain.cvr	398
com.xiaoji.egggame.features.home	string	features_home_setting_license_item_16_name	DCPR	RENQUg==	com.xiaoji.egggame.features.home/values-zh-rCN/strings.commonMain.cvr	399
com.xiaoji.egggame.features.home	string	features_home_setting_license_item_17_desc	由 Jono Shields 开发并基于 MIT 许可协议发布。	55SxIEpvbm8gU2hpZWxkcyDlvIDlj5Hlubbln7rkuo4gTUlUIOiuuOWPr+WNj+iuruWPkeW4g+OAgg==	com.xiaoji.egggame.features.home/values-zh-rCN/strings.commonMain.cvr	400
com.xiaoji.egggame.features.home	string	features_home_setting_license_item_17_name	猫科	54yr56eR	com.xiaoji.egggame.features.home/values-zh-rCN/strings.commonMain.cvr	401
com.xiaoji.egggame.features.home	string	features_home_setting_license_item_18_desc	由 yaplus 开发并基于 MIT 许可协议发布。	55SxIHlhcGx1cyDlvIDlj5Hlubbln7rkuo4gTUlUIOiuuOWPr+WNj+iuruWPkeW4g+OAgg==	com.xiaoji.egggame.features.home/values-zh-rCN/strings.commonMain.cvr	402
com.xiaoji.egggame.features.home	string	features_home_setting_license_item_18_name	Gabdeo	R2FiZGVv	com.xiaoji.egggame.features.home/values-zh-rCN/strings.commonMain.cvr	403
com.xiaoji.egggame.features.home	string	features_home_setting_license_item_19_desc	由 klomp 开发并基于 MIT 许可协议发布。	55SxIGtsb21wIOW8gOWPkeW5tuWfuuS6jiBNSVQg6K645Y+v5Y2P6K6u5Y+R5biD44CC	com.xiaoji.egggame.features.home/values-zh-rCN/strings.commonMain.cvr	404
com.xiaoji.egggame.features.home	string	features_home_setting_license_item_19_name	疫情冒险	55ar5oOF5YaS6Zmp	com.xiaoji.egggame.features.home/values-zh-rCN/strings.commonMain.cvr	405
com.xiaoji.egggame.features.home	string	features_home_setting_license_item_20_desc	由 TFDSoft 开发并基于 MIT 许可协议发布。	55SxIFRGRFNvZnQg5byA5Y+R5bm25Z+65LqOIE1JVCDorrjlj6/ljY/orq7lj5HluIPjgII=	com.xiaoji.egggame.features.home/values-zh-rCN/strings.commonMain.cvr	406
com.xiaoji.egggame.features.home	string	features_home_setting_license_item_20_name	Famidash	RmFtaWRhc2g=	com.xiaoji.egggame.features.home/values-zh-rCN/strings.commonMain.cvr	407
com.xiaoji.egggame.features.home	string	features_home_setting_license_item_21_desc	由 xram64 开发并基于 MIT 许可协议发布。	55SxIHhyYW02NCDlvIDlj5Hlubbln7rkuo4gTUlUIOiuuOWPr+WNj+iuruWPkeW4g+OAgg==	com.xiaoji.egggame.features.home/values-zh-rCN/strings.commonMain.cvr	408
com.xiaoji.egggame.features.home	string	features_home_setting_license_item_21_name	坠落	5Z2g6JC9	com.xiaoji.egggame.features.home/values-zh-rCN/strings.commonMain.cvr	409
com.xiaoji.egggame.features.home	string	features_home_setting_license_item_22_desc	由 Various authors 开发并基于 MIT 许可协议发布。	55SxIFZhcmlvdXMgYXV0aG9ycyDlvIDlj5Hlubbln7rkuo4gTUlUIOiuuOWPr+WNj+iuruWPkeW4g+OAgg==	com.xiaoji.egggame.features.home/values-zh-rCN/strings.commonMain.cvr	410
com.xiaoji.egggame.features.home	string	features_home_setting_license_item_22_name	GBA微游戏合集23	R0JB5b6u5ri45oiP5ZCI6ZuGMjM=	com.xiaoji.egggame.features.home/values-zh-rCN/strings.commonMain.cvr	411
com.xiaoji.egggame.features.home	string	features_home_setting_license_item_23_desc	由 kva64 开发并基于 MIT 许可协议发布。	55SxIGt2YTY0IOW8gOWPkeW5tuWfuuS6jiBNSVQg6K645Y+v5Y2P6K6u5Y+R5biD44CC	com.xiaoji.egggame.features.home/values-zh-rCN/strings.commonMain.cvr	412
com.xiaoji.egggame.features.home	string	features_home_setting_license_item_23_name	数学与逻辑	5pWw5a2m5LiO6YC76L6R	com.xiaoji.egggame.features.home/values-zh-rCN/strings.commonMain.cvr	413
com.xiaoji.egggame.features.home	string	features_home_setting_license_item_24_desc	由 DaviAMSilva 开发并基于 MIT 许可协议发布。	55SxIERhdmlBTVNpbHZhIOW8gOWPkeW5tuWfuuS6jiBNSVQg6K645Y+v5Y2P6K6u5Y+R5biD44CC	com.xiaoji.egggame.features.home/values-zh-rCN/strings.commonMain.cvr	414
com.xiaoji.egggame.features.home	string	features_home_setting_license_item_24_name	街机狂热	6KGX5py654uC54Ot	com.xiaoji.egggame.features.home/values-zh-rCN/strings.commonMain.cvr	415
com.xiaoji.egggame.features.home	string	features_home_setting_license_item_25_desc	由 Paul Lay, Harvey A. Kong Tin 开发并基于 Public Domain 许可协议发布。	55SxIFBhdWwgTGF5LCBIYXJ2ZXkgQS4gS29uZyBUaW4g5byA5Y+R5bm25Z+65LqOIFB1YmxpYyBEb21haW4g6K645Y+v5Y2P6K6u5Y+R5biD44CC	com.xiaoji.egggame.features.home/values-zh-rCN/strings.commonMain.cvr	416
com.xiaoji.egggame.features.home	string	features_home_setting_license_item_25_name	星际鹰隼	5pif6ZmF6bmw6Zq8	com.xiaoji.egggame.features.home/values-zh-rCN/strings.commonMain.cvr	417
com.xiaoji.egggame.features.home	string	features_home_setting_license_item_26_desc	由 Elliott Ayling 开发并基于 MIT 许可协议发布。	55SxIEVsbGlvdHQgQXlsaW5nIOW8gOWPkeW5tuWfuuS6jiBNSVQg6K645Y+v5Y2P6K6u5Y+R5biD44CC	com.xiaoji.egggame.features.home/values-zh-rCN/strings.commonMain.cvr	418
com.xiaoji.egggame.features.home	string	features_home_setting_license_item_26_name	太空游戏	5aSq56m65ri45oiP	com.xiaoji.egggame.features.home/values-zh-rCN/strings.commonMain.cvr	419
com.xiaoji.egggame.features.home	string	features_home_setting_license_item_27_desc	由 Cinemint 开发并基于 MIT 许可协议发布。	55SxIENpbmVtaW50IOW8gOWPkeW5tuWfuuS6jiBNSVQg6K645Y+v5Y2P6K6u5Y+R5biD44CC	com.xiaoji.egggame.features.home/values-zh-rCN/strings.commonMain.cvr	420
com.xiaoji.egggame.features.home	string	features_home_setting_license_item_27_name	特伦布莱岛	54m55Lym5biD6I6x5bKb	com.xiaoji.egggame.features.home/values-zh-rCN/strings.commonMain.cvr	421
com.xiaoji.egggame.features.home	string	features_home_setting_license_item_28_desc	由 kevin20012 开发并基于 MIT 许可协议发布。	55SxIGtldmluMjAwMTIg5byA5Y+R5bm25Z+65LqOIE1JVCDorrjlj6/ljY/orq7lj5HluIPjgII=	com.xiaoji.egggame.features.home/values-zh-rCN/strings.commonMain.cvr	422
com.xiaoji.egggame.features.home	string	features_home_setting_license_item_28_name	球在哪里	55CD5Zyo5ZOq6YeM	com.xiaoji.egggame.features.home/values-zh-rCN/strings.commonMain.cvr	423
com.xiaoji.egggame.features.home	string	features_home_setting_license_item_29_desc	由 Evan Bowman 开发并基于 MIT 许可协议发布。	55SxIEV2YW4gQm93bWFuIOW8gOWPkeW5tuWfuuS6jiBNSVQg6K645Y+v5Y2P6K6u5Y+R5biD44CC	com.xiaoji.egggame.features.home/values-zh-rCN/strings.commonMain.cvr	424
com.xiaoji.egggame.features.home	string	features_home_setting_license_item_29_name	天空岛	5aSp56m65bKb	com.xiaoji.egggame.features.home/values-zh-rCN/strings.commonMain.cvr	425
com.xiaoji.egggame.features.home	string	features_home_setting_license_item_30_desc	由 Marq Watkin (pmprog) 开发并基于 MIT 许可协议发布。	55SxIE1hcnEgV2F0a2luIChwbXByb2cpIOW8gOWPkeW5tuWfuuS6jiBNSVQg6K645Y+v5Y2P6K6u5Y+R5biD44CC	com.xiaoji.egggame.features.home/values-zh-rCN/strings.commonMain.cvr	426
com.xiaoji.egggame.features.home	string	features_home_setting_license_item_30_name	虎蛾	6JmO6Ju+	com.xiaoji.egggame.features.home/values-zh-rCN/strings.commonMain.cvr	427
com.xiaoji.egggame.features.home	string	features_home_setting_license_label	许可证：	6K645Y+v6K+B77ya	com.xiaoji.egggame.features.home/values-zh-rCN/strings.commonMain.cvr	428
com.xiaoji.egggame.features.home	string	features_home_setting_license	游戏许可	5ri45oiP6K645Y+v	com.xiaoji.egggame.features.home/values-zh-rCN/strings.commonMain.cvr	429
com.xiaoji.egggame.features.home	string	features_home_setting_source_label	源代码：	5rqQ5Luj56CB77ya	com.xiaoji.egggame.features.home/values-zh-rCN/strings.commonMain.cvr	430
com.xiaoji.egggame.features.home	string	features_home_setting_title	游戏设置	5ri45oiP6K6+572u	com.xiaoji.egggame.features.home/values-zh-rCN/strings.commonMain.cvr	431
com.xiaoji.egggame.features.home	string	features_home_steam_bind_account_success	绑定账号成功	57uR5a6a6LSm5Y+35oiQ5Yqf	com.xiaoji.egggame.features.home/values-zh-rCN/strings.commonMain.cvr	432
com.xiaoji.egggame.features.home	string	features_home_steam_empty_library	游戏库为空	5ri45oiP5bqT5Li656m6	com.xiaoji.egggame.features.home/values-zh-rCN/strings.commonMain.cvr	433
com.xiaoji.egggame.features.home	string	features_home_steam_fetch_games_failed	获取游戏列表失败: %1$s	6I635Y+W5ri45oiP5YiX6KGo5aSx6LSlOiAlMSRz	com.xiaoji.egggame.features.home/values-zh-rCN/strings.commonMain.cvr	434
com.xiaoji.egggame.features.home	string	features_home_steam_game_play_time_hours	%1$s小时	JTEkc+Wwj+aXtg==	com.xiaoji.egggame.features.home/values-zh-rCN/strings.commonMain.cvr	435
com.xiaoji.egggame.features.home	string	features_home_steam_game_play_time_minutes	%1$s分钟	JTEkc+WIhumSnw==	com.xiaoji.egggame.features.home/values-zh-rCN/strings.commonMain.cvr	436
com.xiaoji.egggame.features.home	string	features_home_steam_library_import_already_imported	已导入	5bey5a+85YWl	com.xiaoji.egggame.features.home/values-zh-rCN/strings.commonMain.cvr	437
com.xiaoji.egggame.features.home	string	features_home_steam_library_import_cancel	取消	5Y+W5raI	com.xiaoji.egggame.features.home/values-zh-rCN/strings.commonMain.cvr	438
com.xiaoji.egggame.features.home	string	features_home_steam_library_import_confirm	导入（%1$d）	5a+85YWl77yIJTEkZO+8iQ==	com.xiaoji.egggame.features.home/values-zh-rCN/strings.commonMain.cvr	439
com.xiaoji.egggame.features.home	string	features_home_steam_library_import_deselect_all	取消全选	5Y+W5raI5YWo6YCJ	com.xiaoji.egggame.features.home/values-zh-rCN/strings.commonMain.cvr	440
com.xiaoji.egggame.features.home	string	features_home_steam_library_import_empty	没有找到已安装的 Steam 游戏	5rKh5pyJ5om+5Yiw5bey5a6J6KOF55qEIFN0ZWFtIOa4uOaIjw==	com.xiaoji.egggame.features.home/values-zh-rCN/strings.commonMain.cvr	441
com.xiaoji.egggame.features.home	string	features_home_steam_library_import_importing	导入中...	5a+85YWl5LitLi4u	com.xiaoji.egggame.features.home/values-zh-rCN/strings.commonMain.cvr	442
com.xiaoji.egggame.features.home	string	features_home_steam_library_import_nothing_selected	请先选择要导入的游戏	6K+35YWI6YCJ5oup6KaB5a+85YWl55qE5ri45oiP	com.xiaoji.egggame.features.home/values-zh-rCN/strings.commonMain.cvr	443
com.xiaoji.egggame.features.home	string	features_home_steam_library_import_scanning	正在扫描 Steam 游戏库...	5q2j5Zyo5omr5o+PIFN0ZWFtIOa4uOaIj+W6ky4uLg==	com.xiaoji.egggame.features.home/values-zh-rCN/strings.commonMain.cvr	444
com.xiaoji.egggame.features.home	string	features_home_steam_library_import_select_all	全选	5YWo6YCJ	com.xiaoji.egggame.features.home/values-zh-rCN/strings.commonMain.cvr	445
com.xiaoji.egggame.features.home	string	features_home_steam_library_import_success	已导入 %1$d 个游戏	5bey5a+85YWlICUxJGQg5Liq5ri45oiP	com.xiaoji.egggame.features.home/values-zh-rCN/strings.commonMain.cvr	446
com.xiaoji.egggame.features.home	string	features_home_steam_library_import_title	Steam 游戏库	U3RlYW0g5ri45oiP5bqT	com.xiaoji.egggame.features.home/values-zh-rCN/strings.commonMain.cvr	447
com.xiaoji.egggame.features.home	string	features_home_steam_library_select_folder_confirm	选择	6YCJ5oup	com.xiaoji.egggame.features.home/values-zh-rCN/strings.commonMain.cvr	448
com.xiaoji.egggame.features.home	string	features_home_steam_library_select_folder_title	选择 Steam 游戏库	6YCJ5oupIFN0ZWFtIOa4uOaIj+W6kw==	com.xiaoji.egggame.features.home/values-zh-rCN/strings.commonMain.cvr	449
com.xiaoji.egggame.features.home	string	features_home_steam_loading_games	加载游戏列表中...	5Yqg6L295ri45oiP5YiX6KGo5LitLi4u	com.xiaoji.egggame.features.home/values-zh-rCN/strings.commonMain.cvr	450
com.xiaoji.egggame.features.home	string	features_home_steam_loading	加载中...	5Yqg6L295LitLi4u	com.xiaoji.egggame.features.home/values-zh-rCN/strings.commonMain.cvr	451
com.xiaoji.egggame.features.home	string	features_home_steam_remove_account_confirm	确定要移除当前 Steam 账号吗？	56Gu5a6a6KaB56e76Zmk5b2T5YmNIFN0ZWFtIOi0puWPt+WQl++8nw==	com.xiaoji.egggame.features.home/values-zh-rCN/strings.commonMain.cvr	452
com.xiaoji.egggame.features.home	string	features_home_steam_remove_account_failed	移除账号失败	56e76Zmk6LSm5Y+35aSx6LSl	com.xiaoji.egggame.features.home/values-zh-rCN/strings.commonMain.cvr	453
com.xiaoji.egggame.features.home	string	features_home_steam_remove_account_success	移除账号成功	56e76Zmk6LSm5Y+35oiQ5Yqf	com.xiaoji.egggame.features.home/values-zh-rCN/strings.commonMain.cvr	454
com.xiaoji.egggame.features.home	string	features_home_steam_search_empty	暂无数据	5pqC5peg5pWw5o2u	com.xiaoji.egggame.features.home/values-zh-rCN/strings.commonMain.cvr	455
com.xiaoji.egggame.features.home	string	features_home_steam_switch_account_failed	切换账号失败	5YiH5o2i6LSm5Y+35aSx6LSl	com.xiaoji.egggame.features.home/values-zh-rCN/strings.commonMain.cvr	456
com.xiaoji.egggame.features.home	string	features_home_steam_switch_account_success	切换账号成功	5YiH5o2i6LSm5Y+35oiQ5Yqf	com.xiaoji.egggame.features.home/values-zh-rCN/strings.commonMain.cvr	457
com.xiaoji.egggame.features.home	string	features_home_teamplay_create_room_failed	创建房间失败，请稍后再试	5Yib5bu65oi/6Ze05aSx6LSl77yM6K+356iN5ZCO5YaN6K+V	com.xiaoji.egggame.features.home/values-zh-rCN/strings.commonMain.cvr	458
com.xiaoji.egggame.features.home	string	features_home_teamplay_create_room_game_required	请选择要创建房间的游戏	6K+36YCJ5oup6KaB5Yib5bu65oi/6Ze055qE5ri45oiP	com.xiaoji.egggame.features.home/values-zh-rCN/strings.commonMain.cvr	459
com.xiaoji.egggame.features.home	string	features_home_teamplay_create_room_in_room	你已在房间中，请先解散或退出当前房间	5L2g5bey5Zyo5oi/6Ze05Lit77yM6K+35YWI6Kej5pWj5oiW6YCA5Ye65b2T5YmN5oi/6Ze0	com.xiaoji.egggame.features.home/values-zh-rCN/strings.commonMain.cvr	460
com.xiaoji.egggame.features.home	string	features_home_teamplay_create_room_name_required	请输入房间名称	6K+36L6T5YWl5oi/6Ze05ZCN56ew	com.xiaoji.egggame.features.home/values-zh-rCN/strings.commonMain.cvr	461
com.xiaoji.egggame.features.home	string	features_home_teamplay_create_room	创建房间	5Yib5bu65oi/6Ze0	com.xiaoji.egggame.features.home/values-zh-rCN/strings.commonMain.cvr	462
com.xiaoji.egggame.features.home	string	features_home_teamplay_game_lobby	游戏大厅	5ri45oiP5aSn5Y6F	com.xiaoji.egggame.features.home/values-zh-rCN/strings.commonMain.cvr	463
com.xiaoji.egggame.features.home	string	features_home_teamplay_game_members_format	%1$d人	JTEkZOS6ug==	com.xiaoji.egggame.features.home/values-zh-rCN/strings.commonMain.cvr	464
com.xiaoji.egggame.features.home	string	features_home_teamplay_help_content	组队玩功能支持多人在线协作游戏。\n\n1. 在游戏大厅选择喜欢的游戏，点击\\"快速加入\\"自动匹配房间\n2. 也可以点击\\"创建房间\\"建立自己的房间，邀请好友加入\n3. 在组队大厅浏览所有开放的房间，选择加入\n4. 支持公开房间和私密房间两种模式	57uE6Zif546p5Yqf6IO95pSv5oyB5aSa5Lq65Zyo57q/5Y2P5L2c5ri45oiP44CCCgoxLiDlnKjmuLjmiI/lpKfljoXpgInmi6nllpzmrKLnmoTmuLjmiI/vvIzngrnlh7tcIuW/q+mAn+WKoOWFpVwi6Ieq5Yqo5Yy56YWN5oi/6Ze0CjIuIOS5n+WPr+S7peeCueWHu1wi5Yib5bu65oi/6Ze0XCLlu7rnq4voh6rlt7HnmoTmiL/pl7TvvIzpgoDor7flpb3lj4vliqDlhaUKMy4g5Zyo57uE6Zif5aSn5Y6F5rWP6KeI5omA5pyJ5byA5pS+55qE5oi/6Ze077yM6YCJ5oup5Yqg5YWlCjQuIOaUr+aMgeWFrOW8gOaIv+mXtOWSjOengeWvhuaIv+mXtOS4pOenjeaooeW8jw==	com.xiaoji.egggame.features.home/values-zh-rCN/strings.commonMain.cvr	465
com.xiaoji.egggame.features.home	string	features_home_teamplay_join_failed_already_in	已在其他房间中	5bey5Zyo5YW25LuW5oi/6Ze05Lit	com.xiaoji.egggame.features.home/values-zh-rCN/strings.commonMain.cvr	466
com.xiaoji.egggame.features.home	string	features_home_teamplay_join_failed_dissolved	房间已解散	5oi/6Ze05bey6Kej5pWj	com.xiaoji.egggame.features.home/values-zh-rCN/strings.commonMain.cvr	467
com.xiaoji.egggame.features.home	string	features_home_teamplay_join_failed_full	房间已满	5oi/6Ze05bey5ruh	com.xiaoji.egggame.features.home/values-zh-rCN/strings.commonMain.cvr	468
com.xiaoji.egggame.features.home	string	features_home_teamplay_join_failed_none	无可加入房间	5peg5Y+v5Yqg5YWl5oi/6Ze0	com.xiaoji.egggame.features.home/values-zh-rCN/strings.commonMain.cvr	469
com.xiaoji.egggame.features.home	string	features_home_teamplay_join_failed_not_exist	房间不存在或已过期	5oi/6Ze05LiN5a2Y5Zyo5oiW5bey6L+H5pyf	com.xiaoji.egggame.features.home/values-zh-rCN/strings.commonMain.cvr	470
com.xiaoji.egggame.features.home	string	features_home_teamplay_join_failed_started	游戏已开始	5ri45oiP5bey5byA5aeL	com.xiaoji.egggame.features.home/values-zh-rCN/strings.commonMain.cvr	471
com.xiaoji.egggame.features.home	string	features_home_teamplay_join_failed	加入失败	5Yqg5YWl5aSx6LSl	com.xiaoji.egggame.features.home/values-zh-rCN/strings.commonMain.cvr	472
com.xiaoji.egggame.features.home	string	features_home_teamplay_join_success	已加入 %1$s	5bey5Yqg5YWlICUxJHM=	com.xiaoji.egggame.features.home/values-zh-rCN/strings.commonMain.cvr	473
com.xiaoji.egggame.features.home	string	features_home_teamplay_load_games_failed	加载游戏失败，请稍后再试	5Yqg6L295ri45oiP5aSx6LSl77yM6K+356iN5ZCO5YaN6K+V	com.xiaoji.egggame.features.home/values-zh-rCN/strings.commonMain.cvr	474
com.xiaoji.egggame.features.home	string	features_home_teamplay_network_error	网络异常，请检查网络后重试	572R57uc5byC5bi477yM6K+35qOA5p+l572R57uc5ZCO6YeN6K+V	com.xiaoji.egggame.features.home/values-zh-rCN/strings.commonMain.cvr	475
com.xiaoji.egggame.features.home	string	features_home_teamplay_play_info_load_failed	内容加载失败，请稍后重试	5YaF5a655Yqg6L295aSx6LSl77yM6K+356iN5ZCO6YeN6K+V	com.xiaoji.egggame.features.home/values-zh-rCN/strings.commonMain.cvr	476
com.xiaoji.egggame.features.home	string	features_home_teamplay_play_info	说明	6K+05piO	com.xiaoji.egggame.features.home/values-zh-rCN/strings.commonMain.cvr	477
com.xiaoji.egggame.features.home	string	features_home_teamplay_private_room_cancel	取消	5Y+W5raI	com.xiaoji.egggame.features.home/values-zh-rCN/strings.commonMain.cvr	478
com.xiaoji.egggame.features.home	string	features_home_teamplay_private_room_confirm	加入	5Yqg5YWl	com.xiaoji.egggame.features.home/values-zh-rCN/strings.commonMain.cvr	479
com.xiaoji.egggame.features.home	string	features_home_teamplay_private_room_placeholder	输入密码	6L6T5YWl5a+G56CB	com.xiaoji.egggame.features.home/values-zh-rCN/strings.commonMain.cvr	480
com.xiaoji.egggame.features.home	string	features_home_teamplay_private_room_title	请输入房间密码	6K+36L6T5YWl5oi/6Ze05a+G56CB	com.xiaoji.egggame.features.home/values-zh-rCN/strings.commonMain.cvr	481
com.xiaoji.egggame.features.home	string	features_home_teamplay_private_room	私密	56eB5a+G	com.xiaoji.egggame.features.home/values-zh-rCN/strings.commonMain.cvr	482
com.xiaoji.egggame.features.home	string	features_home_teamplay_quick_join_searching	正在为你寻找合适房间…	5q2j5Zyo5Li65L2g5a+75om+5ZCI6YCC5oi/6Ze04oCm	com.xiaoji.egggame.features.home/values-zh-rCN/strings.commonMain.cvr	483
com.xiaoji.egggame.features.home	string	features_home_teamplay_quick_join	快速加入	5b+r6YCf5Yqg5YWl	com.xiaoji.egggame.features.home/values-zh-rCN/strings.commonMain.cvr	484
com.xiaoji.egggame.features.home	string	features_home_teamplay_rooms_count	%1$d 房间	JTEkZCDmiL/pl7Q=	com.xiaoji.egggame.features.home/values-zh-rCN/strings.commonMain.cvr	485
com.xiaoji.egggame.features.home	string	features_home_teamplay_search_hint_game	搜索游戏名	5pCc57Si5ri45oiP5ZCN	com.xiaoji.egggame.features.home/values-zh-rCN/strings.commonMain.cvr	486
com.xiaoji.egggame.features.home	string	features_home_teamplay_search_hint_room	搜索游戏名、房主昵称、房间ID	5pCc57Si5ri45oiP5ZCN44CB5oi/5Li75pi156ew44CB5oi/6Ze0SUQ=	com.xiaoji.egggame.features.home/values-zh-rCN/strings.commonMain.cvr	487
com.xiaoji.egggame.features.home	string	features_home_teamplay_searching_room	正在为你寻找合适房间…	5q2j5Zyo5Li65L2g5a+75om+5ZCI6YCC5oi/6Ze04oCm	com.xiaoji.egggame.features.home/values-zh-rCN/strings.commonMain.cvr	488
com.xiaoji.egggame.features.home	string	features_home_teamplay_service_error	服务异常（%1$d），请稍后再试	5pyN5Yqh5byC5bi477yIJTEkZO+8ie+8jOivt+eojeWQjuWGjeivlQ==	com.xiaoji.egggame.features.home/values-zh-rCN/strings.commonMain.cvr	489
com.xiaoji.egggame.features.home	string	features_home_teamplay_team_lobby	组队大厅	57uE6Zif5aSn5Y6F	com.xiaoji.egggame.features.home/values-zh-rCN/strings.commonMain.cvr	490
com.xiaoji.egggame.features.home	string	features_home_teamplay_world_channel	世界频道	5LiW55WM6aKR6YGT	com.xiaoji.egggame.features.home/values-zh-rCN/strings.commonMain.cvr	491
com.xiaoji.egggame.features.home	string	features_home_teamplay_world_coming_soon	即将开放	5Y2z5bCG5byA5pS+	com.xiaoji.egggame.features.home/values-zh-rCN/strings.commonMain.cvr	492
com.xiaoji.egggame.features.home	string	features_home_teamplay_world_empty	暂无消息	5pqC5peg5raI5oGv	com.xiaoji.egggame.features.home/values-zh-rCN/strings.commonMain.cvr	493
com.xiaoji.egggame.features.home	string	features_home_teamplay_world_entry_cancel	我再逛逛	5oiR5YaN6YCb6YCb	com.xiaoji.egggame.features.home/values-zh-rCN/strings.commonMain.cvr	494
com.xiaoji.egggame.features.home	string	features_home_teamplay_world_entry_confirm	寻找队友	5a+75om+6Zif5Y+L	com.xiaoji.egggame.features.home/values-zh-rCN/strings.commonMain.cvr	495
com.xiaoji.egggame.features.home	string	features_home_teamplay_world_entry_content	世界频道是玩家实时寻找队友、加入组队房间的公共交流区。如果您正缺个游戏搭子，欢迎进入寻找默契队友！	5LiW55WM6aKR6YGT5piv546p5a625a6e5pe25a+75om+6Zif5Y+L44CB5Yqg5YWl57uE6Zif5oi/6Ze055qE5YWs5YWx5Lqk5rWB5Yy644CC5aaC5p6c5oKo5q2j57y65Liq5ri45oiP5pCt5a2Q77yM5qyi6L+O6L+b5YWl5a+75om+6buY5aWR6Zif5Y+L77yB	com.xiaoji.egggame.features.home/values-zh-rCN/strings.commonMain.cvr	496
com.xiaoji.egggame.features.home	string	features_home_teamplay_world_entry_title	进入世界频道	6L+b5YWl5LiW55WM6aKR6YGT	com.xiaoji.egggame.features.home/values-zh-rCN/strings.commonMain.cvr	497
com.xiaoji.egggame.features.home	string	features_home_teamplay_world_kicked_offline_confirm	我知道了	5oiR55+l6YGT5LqG	com.xiaoji.egggame.features.home/values-zh-rCN/strings.commonMain.cvr	498
com.xiaoji.egggame.features.home	string	features_home_teamplay_world_kicked_offline_content	同账号有其他设备进入世界频道，世界频道已退出	5ZCM6LSm5Y+35pyJ5YW25LuW6K6+5aSH6L+b5YWl5LiW55WM6aKR6YGT77yM5LiW55WM6aKR6YGT5bey6YCA5Ye6	com.xiaoji.egggame.features.home/values-zh-rCN/strings.commonMain.cvr	499
com.xiaoji.egggame.features.home	string	features_home_teamplay_world_kicked_offline_title	提示	5o+Q56S6	com.xiaoji.egggame.features.home/values-zh-rCN/strings.commonMain.cvr	500
com.xiaoji.egggame.features.home	string	features_home_teamplay_world_load_failed	世界频道加载失败	5LiW55WM6aKR6YGT5Yqg6L295aSx6LSl	com.xiaoji.egggame.features.home/values-zh-rCN/strings.commonMain.cvr	501
com.xiaoji.egggame.features.home	string	features_home_teamplay_world_login_failed	IM 连接失败	SU0g6L+e5o6l5aSx6LSl	com.xiaoji.egggame.features.home/values-zh-rCN/strings.commonMain.cvr	502
com.xiaoji.egggame.features.home	string	features_home_teamplay_world_nickname_sensitive_text	用户昵称存在敏感内容，请调整后再试	55So5oi35pi156ew5a2Y5Zyo5pWP5oSf5YaF5a6577yM6K+36LCD5pW05ZCO5YaN6K+V	com.xiaoji.egggame.features.home/values-zh-rCN/strings.commonMain.cvr	503
com.xiaoji.egggame.features.home	string	features_home_teamplay_world_recruit_join	立即加入	56uL5Y2z5Yqg5YWl	com.xiaoji.egggame.features.home/values-zh-rCN/strings.commonMain.cvr	504
com.xiaoji.egggame.features.home	string	features_home_teamplay_world_report_toast	不良信息举报请截图发送至 gamehub@gamesir.com	5LiN6Imv5L+h5oGv5Li+5oql6K+35oiq5Zu+5Y+R6YCB6IezIGdhbWVodWJAZ2FtZXNpci5jb20=	com.xiaoji.egggame.features.home/values-zh-rCN/strings.commonMain.cvr	505
com.xiaoji.egggame.features.home	string	features_home_teamplay_world_retry	重试	6YeN6K+V	com.xiaoji.egggame.features.home/values-zh-rCN/strings.commonMain.cvr	506
com.xiaoji.egggame.features.home	string	features_home_teamplay_world_speak_cd	发言处于CD中，%1$d秒后可发送	5Y+R6KiA5aSE5LqOQ0TkuK3vvIwlMSRk56eS5ZCO5Y+v5Y+R6YCB	com.xiaoji.egggame.features.home/values-zh-rCN/strings.commonMain.cvr	507
com.xiaoji.egggame.features.home	string	features_home_teamplay_world_speak_too_fast	说话太快了，请稍后再试	6K+06K+d5aSq5b+r5LqG77yM6K+356iN5ZCO5YaN6K+V	com.xiaoji.egggame.features.home/values-zh-rCN/strings.commonMain.cvr	508
com.xiaoji.egggame.features.home	string	features_home_teamplay_world_status_connected	世界频道已连接	5LiW55WM6aKR6YGT5bey6L+e5o6l	com.xiaoji.egggame.features.home/values-zh-rCN/strings.commonMain.cvr	509
com.xiaoji.egggame.features.home	string	features_home_teamplay_world_status_connecting	正在连接世界频道	5q2j5Zyo6L+e5o6l5LiW55WM6aKR6YGT	com.xiaoji.egggame.features.home/values-zh-rCN/strings.commonMain.cvr	510
com.xiaoji.egggame.features.home	string	features_home_teamroom_cancel_ready	取消准备	5Y+W5raI5YeG5aSH	com.xiaoji.egggame.features.home/values-zh-rCN/strings.commonMain.cvr	511
com.xiaoji.egggame.features.home	string	features_home_teamroom_chat_browse	聊天浏览	6IGK5aSp5rWP6KeI	com.xiaoji.egggame.features.home/values-zh-rCN/strings.commonMain.cvr	512
com.xiaoji.egggame.features.home	string	features_home_teamroom_chat_owner_nickname	%1$s（房主）	JTEkc++8iOaIv+S4u++8iQ==	com.xiaoji.egggame.features.home/values-zh-rCN/strings.commonMain.cvr	513
com.xiaoji.egggame.features.home	string	features_home_teamroom_chat_self_nickname	我	5oiR	com.xiaoji.egggame.features.home/values-zh-rCN/strings.commonMain.cvr	514
com.xiaoji.egggame.features.home	string	features_home_teamroom_dismiss_confirm_message	确定解散本房间吗，解散后参与者也将被移出房间	56Gu5a6a6Kej5pWj5pys5oi/6Ze05ZCX77yM6Kej5pWj5ZCO5Y+C5LiO6ICF5Lmf5bCG6KKr56e75Ye65oi/6Ze0	com.xiaoji.egggame.features.home/values-zh-rCN/strings.commonMain.cvr	515
com.xiaoji.egggame.features.home	string	features_home_teamroom_dismiss_failed	解散失败	6Kej5pWj5aSx6LSl	com.xiaoji.egggame.features.home/values-zh-rCN/strings.commonMain.cvr	516
com.xiaoji.egggame.features.home	string	features_home_teamroom_dismissed	已解散房间	5bey6Kej5pWj5oi/6Ze0	com.xiaoji.egggame.features.home/values-zh-rCN/strings.commonMain.cvr	517
com.xiaoji.egggame.features.home	string	features_home_teamroom_dismiss	解散房间	6Kej5pWj5oi/6Ze0	com.xiaoji.egggame.features.home/values-zh-rCN/strings.commonMain.cvr	518
com.xiaoji.egggame.features.home	string	features_home_teamroom_edit_name_label	房间名称	5oi/6Ze05ZCN56ew	com.xiaoji.egggame.features.home/values-zh-rCN/strings.commonMain.cvr	519
com.xiaoji.egggame.features.home	string	features_home_teamroom_edit_name_required	请输入房间名称	6K+36L6T5YWl5oi/6Ze05ZCN56ew	com.xiaoji.egggame.features.home/values-zh-rCN/strings.commonMain.cvr	520
com.xiaoji.egggame.features.home	string	features_home_teamroom_edit_password_label	房间密码（选填）	5oi/6Ze05a+G56CB77yI6YCJ5aGr77yJ	com.xiaoji.egggame.features.home/values-zh-rCN/strings.commonMain.cvr	521
com.xiaoji.egggame.features.home	string	features_home_teamroom_edit_save_failed	保存失败，请重试	5L+d5a2Y5aSx6LSl77yM6K+36YeN6K+V	com.xiaoji.egggame.features.home/values-zh-rCN/strings.commonMain.cvr	522
com.xiaoji.egggame.features.home	string	features_home_teamroom_edit_save_success	保存成功	5L+d5a2Y5oiQ5Yqf	com.xiaoji.egggame.features.home/values-zh-rCN/strings.commonMain.cvr	523
com.xiaoji.egggame.features.home	string	features_home_teamroom_edit_save	保存修改	5L+d5a2Y5L+u5pS5	com.xiaoji.egggame.features.home/values-zh-rCN/strings.commonMain.cvr	524
com.xiaoji.egggame.features.home	string	features_home_teamroom_edit_title	修改房间信息	5L+u5pS55oi/6Ze05L+h5oGv	com.xiaoji.egggame.features.home/values-zh-rCN/strings.commonMain.cvr	525
com.xiaoji.egggame.features.home	string	features_home_teamroom_exit_browse	退出浏览	6YCA5Ye65rWP6KeI	com.xiaoji.egggame.features.home/values-zh-rCN/strings.commonMain.cvr	526
com.xiaoji.egggame.features.home	string	features_home_teamroom_floating_enter	进入	6L+b5YWl	com.xiaoji.egggame.features.home/values-zh-rCN/strings.commonMain.cvr	527
com.xiaoji.egggame.features.home	string	features_home_teamroom_floating_status_playing	游戏中	5ri45oiP5Lit	com.xiaoji.egggame.features.home/values-zh-rCN/strings.commonMain.cvr	528
com.xiaoji.egggame.features.home	string	features_home_teamroom_floating_status_starting	启动中	5ZCv5Yqo5Lit	com.xiaoji.egggame.features.home/values-zh-rCN/strings.commonMain.cvr	529
com.xiaoji.egggame.features.home	string	features_home_teamroom_floating_status_waiting	准备中	5YeG5aSH5Lit	com.xiaoji.egggame.features.home/values-zh-rCN/strings.commonMain.cvr	530
com.xiaoji.egggame.features.home	string	features_home_teamroom_game_started_notice	已启动游戏，稍后将一并进入游戏，请耐心等待...	5bey5ZCv5Yqo5ri45oiP77yM56iN5ZCO5bCG5LiA5bm26L+b5YWl5ri45oiP77yM6K+36ICQ5b+D562J5b6FLi4u	com.xiaoji.egggame.features.home/values-zh-rCN/strings.commonMain.cvr	531
com.xiaoji.egggame.features.home	string	features_home_teamroom_join_info_failed	获取加入信息失败: %1$s	6I635Y+W5Yqg5YWl5L+h5oGv5aSx6LSlOiAlMSRz	com.xiaoji.egggame.features.home/values-zh-rCN/strings.commonMain.cvr	532
com.xiaoji.egggame.features.home	string	features_home_teamroom_join	加入	5Yqg5YWl	com.xiaoji.egggame.features.home/values-zh-rCN/strings.commonMain.cvr	533
com.xiaoji.egggame.features.home	string	features_home_teamroom_kick_failed	踢出失败	6Lii5Ye65aSx6LSl	com.xiaoji.egggame.features.home/values-zh-rCN/strings.commonMain.cvr	534
com.xiaoji.egggame.features.home	string	features_home_teamroom_kick	踢出	6Lii5Ye6	com.xiaoji.egggame.features.home/values-zh-rCN/strings.commonMain.cvr	535
com.xiaoji.egggame.features.home	string	features_home_teamroom_leave_starting	启动中...	5ZCv5Yqo5LitLi4u	com.xiaoji.egggame.features.home/values-zh-rCN/strings.commonMain.cvr	536
com.xiaoji.egggame.features.home	string	features_home_teamroom_leave	退出房间	6YCA5Ye65oi/6Ze0	com.xiaoji.egggame.features.home/values-zh-rCN/strings.commonMain.cvr	537
com.xiaoji.egggame.features.home	string	features_home_teamroom_load_failed	加载房间信息失败	5Yqg6L295oi/6Ze05L+h5oGv5aSx6LSl	com.xiaoji.egggame.features.home/values-zh-rCN/strings.commonMain.cvr	538
com.xiaoji.egggame.features.home	string	features_home_teamroom_more_edit	修改信息	5L+u5pS55L+h5oGv	com.xiaoji.egggame.features.home/values-zh-rCN/strings.commonMain.cvr	539
com.xiaoji.egggame.features.home	string	features_home_teamroom_more_share	分享房间	5YiG5Lqr5oi/6Ze0	com.xiaoji.egggame.features.home/values-zh-rCN/strings.commonMain.cvr	540
com.xiaoji.egggame.features.home	string	features_home_teamroom_not_in_room	当前不在房间中	5b2T5YmN5LiN5Zyo5oi/6Ze05Lit	com.xiaoji.egggame.features.home/values-zh-rCN/strings.commonMain.cvr	541
com.xiaoji.egggame.features.home	string	features_home_teamroom_notice_world_recruit_joined	通过世界招募进入房间	6YCa6L+H5LiW55WM5oub5Yuf6L+b5YWl5oi/6Ze0	com.xiaoji.egggame.features.home/values-zh-rCN/strings.commonMain.cvr	542
com.xiaoji.egggame.features.home	string	features_home_teamroom_notice_world_recruit_sent	招募信息已发送到世界频道	5oub5Yuf5L+h5oGv5bey5Y+R6YCB5Yiw5LiW55WM6aKR6YGT	com.xiaoji.egggame.features.home/values-zh-rCN/strings.commonMain.cvr	543
com.xiaoji.egggame.features.home	string	features_home_teamroom_owner_me	我（房主）	5oiR77yI5oi/5Li777yJ	com.xiaoji.egggame.features.home/values-zh-rCN/strings.commonMain.cvr	544
com.xiaoji.egggame.features.home	string	features_home_teamroom_owner	房主	5oi/5Li7	com.xiaoji.egggame.features.home/values-zh-rCN/strings.commonMain.cvr	545
com.xiaoji.egggame.features.home	string	features_home_teamroom_player_count	房间内 (%1$d/%2$d)	5oi/6Ze05YaFICglMSRkLyUyJGQp	com.xiaoji.egggame.features.home/values-zh-rCN/strings.commonMain.cvr	546
com.xiaoji.egggame.features.home	string	features_home_teamroom_player_slot	P%1$d	UCUxJGQ=	com.xiaoji.egggame.features.home/values-zh-rCN/strings.commonMain.cvr	547
com.xiaoji.egggame.features.home	string	features_home_teamroom_private_room_info	私密房间·%1$d/%2$d人	56eB5a+G5oi/6Ze0wrclMSRkLyUyJGTkuro=	com.xiaoji.egggame.features.home/values-zh-rCN/strings.commonMain.cvr	548
com.xiaoji.egggame.features.home	string	features_home_teamroom_public_room_info	公开房间·%1$d/%2$d人	5YWs5byA5oi/6Ze0wrclMSRkLyUyJGTkuro=	com.xiaoji.egggame.features.home/values-zh-rCN/strings.commonMain.cvr	549
com.xiaoji.egggame.features.home	string	features_home_teamroom_quick_phrase_1	你好	5L2g5aW9	com.xiaoji.egggame.features.home/values-zh-rCN/strings.commonMain.cvr	550
com.xiaoji.egggame.features.home	string	features_home_teamroom_quick_phrase_2	等一下	562J5LiA5LiL	com.xiaoji.egggame.features.home/values-zh-rCN/strings.commonMain.cvr	551
com.xiaoji.egggame.features.home	string	features_home_teamroom_quick_phrase_3	打得漂亮	5omT5b6X5ryC5Lqu	com.xiaoji.egggame.features.home/values-zh-rCN/strings.commonMain.cvr	552
com.xiaoji.egggame.features.home	string	features_home_teamroom_ready	准备	5YeG5aSH	com.xiaoji.egggame.features.home/values-zh-rCN/strings.commonMain.cvr	553
com.xiaoji.egggame.features.home	string	features_home_teamroom_reconnect_continue	重连继续	6YeN6L+e57un57ut	com.xiaoji.egggame.features.home/values-zh-rCN/strings.commonMain.cvr	554
com.xiaoji.egggame.features.home	string	features_home_teamroom_reconnect_exit	退出游戏	6YCA5Ye65ri45oiP	com.xiaoji.egggame.features.home/values-zh-rCN/strings.commonMain.cvr	555
com.xiaoji.egggame.features.home	string	features_home_teamroom_reconnect_failed	重连失败，请稍后重试	6YeN6L+e5aSx6LSl77yM6K+356iN5ZCO6YeN6K+V	com.xiaoji.egggame.features.home/values-zh-rCN/strings.commonMain.cvr	556
com.xiaoji.egggame.features.home	string	features_home_teamroom_reconnect_headline	检测到未结束的组队云游戏	5qOA5rWL5Yiw5pyq57uT5p2f55qE57uE6Zif5LqR5ri45oiP	com.xiaoji.egggame.features.home/values-zh-rCN/strings.commonMain.cvr	557
com.xiaoji.egggame.features.home	string	features_home_teamroom_reconnect_message	是否重连【%1$s】云游戏组队？	5piv5ZCm6YeN6L+e44CQJTEkc+OAkeS6kea4uOaIj+e7hOmYn++8nw==	com.xiaoji.egggame.features.home/values-zh-rCN/strings.commonMain.cvr	558
com.xiaoji.egggame.features.home	string	features_home_teamroom_reconnect_title	提示	5o+Q56S6	com.xiaoji.egggame.features.home/values-zh-rCN/strings.commonMain.cvr	559
com.xiaoji.egggame.features.home	string	features_home_teamroom_room_id	房间ID：%1$s	5oi/6Ze0SUTvvJolMSRz	com.xiaoji.egggame.features.home/values-zh-rCN/strings.commonMain.cvr	560
com.xiaoji.egggame.features.home	string	features_home_teamroom_send_failed	发送失败: %1$s	5Y+R6YCB5aSx6LSlOiAlMSRz	com.xiaoji.egggame.features.home/values-zh-rCN/strings.commonMain.cvr	561
com.xiaoji.egggame.features.home	string	features_home_teamroom_share_copy_text	点击链接打开盖世游戏加入云游戏组队玩房间！\n%1$s	54K55Ye76ZO+5o6l5omT5byA55uW5LiW5ri45oiP5Yqg5YWl5LqR5ri45oiP57uE6Zif546p5oi/6Ze077yBCiUxJHM=	com.xiaoji.egggame.features.home/values-zh-rCN/strings.commonMain.cvr	562
com.xiaoji.egggame.features.home	string	features_home_teamroom_share_desc	人数：%1$d/%2$d	5Lq65pWw77yaJTEkZC8lMiRk	com.xiaoji.egggame.features.home/values-zh-rCN/strings.commonMain.cvr	563
com.xiaoji.egggame.features.home	string	features_home_teamroom_share_title	好友邀请你一起云游戏组队玩%1$s	5aW95Y+L6YKA6K+35L2g5LiA6LW35LqR5ri45oiP57uE6Zif546pJTEkcw==	com.xiaoji.egggame.features.home/values-zh-rCN/strings.commonMain.cvr	564
com.xiaoji.egggame.features.home	string	features_home_teamroom_start_game	开始游戏	5byA5aeL5ri45oiP	com.xiaoji.egggame.features.home/values-zh-rCN/strings.commonMain.cvr	565
com.xiaoji.egggame.features.home	string	features_home_teamroom_status_full	已满员	5bey5ruh5ZGY	com.xiaoji.egggame.features.home/values-zh-rCN/strings.commonMain.cvr	566
com.xiaoji.egggame.features.home	string	features_home_teamroom_status_playing	游戏中	5ri45oiP5Lit	com.xiaoji.egggame.features.home/values-zh-rCN/strings.commonMain.cvr	567
com.xiaoji.egggame.features.home	string	features_home_teamroom_status_starting	启动中	5ZCv5Yqo5Lit	com.xiaoji.egggame.features.home/values-zh-rCN/strings.commonMain.cvr	568
com.xiaoji.egggame.features.home	string	features_home_teamroom_status_waiting	准备中	5YeG5aSH5Lit	com.xiaoji.egggame.features.home/values-zh-rCN/strings.commonMain.cvr	569
com.xiaoji.egggame.features.home	string	features_home_teamroom_title	组队房间	57uE6Zif5oi/6Ze0	com.xiaoji.egggame.features.home/values-zh-rCN/strings.commonMain.cvr	570
com.xiaoji.egggame.features.home	string	features_home_teamroom_toast_dismiss_failed	解散失败	6Kej5pWj5aSx6LSl	com.xiaoji.egggame.features.home/values-zh-rCN/strings.commonMain.cvr	571
com.xiaoji.egggame.features.home	string	features_home_teamroom_toast_dismiss_success	已解散房间	5bey6Kej5pWj5oi/6Ze0	com.xiaoji.egggame.features.home/values-zh-rCN/strings.commonMain.cvr	572
com.xiaoji.egggame.features.home	string	features_home_teamroom_toast_join_info_failed	获取加入信息失败：%1$s	6I635Y+W5Yqg5YWl5L+h5oGv5aSx6LSl77yaJTEkcw==	com.xiaoji.egggame.features.home/values-zh-rCN/strings.commonMain.cvr	573
com.xiaoji.egggame.features.home	string	features_home_teamroom_toast_join_self	您已加入房间	5oKo5bey5Yqg5YWl5oi/6Ze0	com.xiaoji.egggame.features.home/values-zh-rCN/strings.commonMain.cvr	574
com.xiaoji.egggame.features.home	string	features_home_teamroom_toast_kick_failed	踢出失败	6Lii5Ye65aSx6LSl	com.xiaoji.egggame.features.home/values-zh-rCN/strings.commonMain.cvr	575
com.xiaoji.egggame.features.home	string	features_home_teamroom_toast_kick_success	已踢出玩家	5bey6Lii5Ye6546p5a62	com.xiaoji.egggame.features.home/values-zh-rCN/strings.commonMain.cvr	576
com.xiaoji.egggame.features.home	string	features_home_teamroom_toast_kicked_out	您已被踢出房间	5oKo5bey6KKr6Lii5Ye65oi/6Ze0	com.xiaoji.egggame.features.home/values-zh-rCN/strings.commonMain.cvr	577
com.xiaoji.egggame.features.home	string	features_home_teamroom_toast_leave_failed	退出失败	6YCA5Ye65aSx6LSl	com.xiaoji.egggame.features.home/values-zh-rCN/strings.commonMain.cvr	578
com.xiaoji.egggame.features.home	string	features_home_teamroom_toast_leave_self	您已离开房间	5oKo5bey56a75byA5oi/6Ze0	com.xiaoji.egggame.features.home/values-zh-rCN/strings.commonMain.cvr	579
com.xiaoji.egggame.features.home	string	features_home_teamroom_toast_leave_success	已退出房间	5bey6YCA5Ye65oi/6Ze0	com.xiaoji.egggame.features.home/values-zh-rCN/strings.commonMain.cvr	580
com.xiaoji.egggame.features.home	string	features_home_teamroom_toast_load_room_failed	加载房间信息失败	5Yqg6L295oi/6Ze05L+h5oGv5aSx6LSl	com.xiaoji.egggame.features.home/values-zh-rCN/strings.commonMain.cvr	581
com.xiaoji.egggame.features.home	string	features_home_teamroom_toast_member_joined	%1$s已加入房间	JTEkc+W3suWKoOWFpeaIv+mXtA==	com.xiaoji.egggame.features.home/values-zh-rCN/strings.commonMain.cvr	582
com.xiaoji.egggame.features.home	string	features_home_teamroom_toast_member_left	%1$s已离开房间	JTEkc+W3suemu+W8gOaIv+mXtA==	com.xiaoji.egggame.features.home/values-zh-rCN/strings.commonMain.cvr	583
com.xiaoji.egggame.features.home	string	features_home_teamroom_toast_not_in_room	当前不在房间中	5b2T5YmN5LiN5Zyo5oi/6Ze05Lit	com.xiaoji.egggame.features.home/values-zh-rCN/strings.commonMain.cvr	584
com.xiaoji.egggame.features.home	string	features_home_teamroom_toast_players_insufficient	云游组队最少需要%1$d人才能启动游戏	5LqR5ri457uE6Zif5pyA5bCR6ZyA6KaBJTEkZOS6uuaJjeiDveWQr+WKqOa4uOaIjw==	com.xiaoji.egggame.features.home/values-zh-rCN/strings.commonMain.cvr	585
com.xiaoji.egggame.features.home	string	features_home_teamroom_toast_recruit_success	房间招募已发送至世界频道	5oi/6Ze05oub5Yuf5bey5Y+R6YCB6Iez5LiW55WM6aKR6YGT	com.xiaoji.egggame.features.home/values-zh-rCN/strings.commonMain.cvr	586
com.xiaoji.egggame.features.home	string	features_home_teamroom_toast_room_dissolved	房间已被解散	5oi/6Ze05bey6KKr6Kej5pWj	com.xiaoji.egggame.features.home/values-zh-rCN/strings.commonMain.cvr	587
com.xiaoji.egggame.features.home	string	features_home_teamroom_toast_room_expired	房间已过期	5oi/6Ze05bey6L+H5pyf	com.xiaoji.egggame.features.home/values-zh-rCN/strings.commonMain.cvr	588
com.xiaoji.egggame.features.home	string	features_home_teamroom_toast_send_failed	发送失败：%1$s	5Y+R6YCB5aSx6LSl77yaJTEkcw==	com.xiaoji.egggame.features.home/values-zh-rCN/strings.commonMain.cvr	589
com.xiaoji.egggame.features.home	string	features_home_teamroom_toast_sensitive_text	存在敏感词，请调整后再试	5a2Y5Zyo5pWP5oSf6K+N77yM6K+36LCD5pW05ZCO5YaN6K+V	com.xiaoji.egggame.features.home/values-zh-rCN/strings.commonMain.cvr	590
com.xiaoji.egggame.features.home	string	features_home_teamroom_toast_share_link_unavailable	分享链接不可用	5YiG5Lqr6ZO+5o6l5LiN5Y+v55So	com.xiaoji.egggame.features.home/values-zh-rCN/strings.commonMain.cvr	591
com.xiaoji.egggame.features.home	string	features_home_teamroom_toast_start_failed	开始游戏失败，请稍后再试	5byA5aeL5ri45oiP5aSx6LSl77yM6K+356iN5ZCO5YaN6K+V	com.xiaoji.egggame.features.home/values-zh-rCN/strings.commonMain.cvr	592
com.xiaoji.egggame.features.home	string	features_home_teamroom_world_recruit	世界招募	5LiW55WM5oub5Yuf	com.xiaoji.egggame.features.home/values-zh-rCN/strings.commonMain.cvr	593
com.xiaoji.egggame.features.home	string	features_steam_game_count	游戏数量	5ri45oiP5pWw6YeP	com.xiaoji.egggame.features.home/values-zh-rCN/strings.commonMain.cvr	594
com.xiaoji.egggame.features.home	string	features_steam_playtime	游玩时长 (h)	5ri4546p5pe26ZW/IChoKQ==	com.xiaoji.egggame.features.home/values-zh-rCN/strings.commonMain.cvr	595
com.xiaoji.egggame.features.mods	string	features_mods_a11y_back	返回	6L+U5Zue	com.xiaoji.egggame.features.mods/values-zh-rCN/strings.commonMain.cvr	2
com.xiaoji.egggame.features.mods	string	features_mods_a11y_cover	MOD 封面	TU9EIOWwgemdog==	com.xiaoji.egggame.features.mods/values-zh-rCN/strings.commonMain.cvr	3
com.xiaoji.egggame.features.mods	string	features_mods_a11y_search	搜索 MOD	5pCc57SiIE1PRA==	com.xiaoji.egggame.features.mods/values-zh-rCN/strings.commonMain.cvr	4
com.xiaoji.egggame.features.mods	string	features_mods_action_conflict	该 MOD 的其他操作仍在进行	6K+lIE1PRCDnmoTlhbbku5bmk43kvZzku43lnKjov5vooYw=	com.xiaoji.egggame.features.mods/values-zh-rCN/strings.commonMain.cvr	5
com.xiaoji.egggame.features.mods	string	features_mods_author_format	作者：%1$s	5L2c6ICF77yaJTEkcw==	com.xiaoji.egggame.features.mods/values-zh-rCN/strings.commonMain.cvr	6
com.xiaoji.egggame.features.mods	string	features_mods_cancelled	操作已取消	5pON5L2c5bey5Y+W5raI	com.xiaoji.egggame.features.mods/values-zh-rCN/strings.commonMain.cvr	7
com.xiaoji.egggame.features.mods	string	features_mods_change_directory	更改目录	5pu05pS555uu5b2V	com.xiaoji.egggame.features.mods/values-zh-rCN/strings.commonMain.cvr	8
com.xiaoji.egggame.features.mods	string	features_mods_change_game_directory_cancel	取消	5Y+W5raI	com.xiaoji.egggame.features.mods/values-zh-rCN/strings.commonMain.cvr	9
com.xiaoji.egggame.features.mods	string	features_mods_change_game_directory_close	关闭	5YWz6Zet	com.xiaoji.egggame.features.mods/values-zh-rCN/strings.commonMain.cvr	10
com.xiaoji.egggame.features.mods	string	features_mods_change_game_directory_modify	修改	5L+u5pS5	com.xiaoji.egggame.features.mods/values-zh-rCN/strings.commonMain.cvr	11
com.xiaoji.egggame.features.mods	string	features_mods_change_game_directory_save	保存	5L+d5a2Y	com.xiaoji.egggame.features.mods/values-zh-rCN/strings.commonMain.cvr	12
com.xiaoji.egggame.features.mods	string	features_mods_change_game_directory_tip	选择游戏所在目录	6YCJ5oup5ri45oiP5omA5Zyo55uu5b2V	com.xiaoji.egggame.features.mods/values-zh-rCN/strings.commonMain.cvr	13
com.xiaoji.egggame.features.mods	string	features_mods_change_game_directory_warning_detail	路径错误可能导致 MOD 不生效或游戏无法启动，可手动选择路径。	6Lev5b6E6ZSZ6K+v5Y+v6IO95a+86Ie0IE1PRCDkuI3nlJ/mlYjmiJbmuLjmiI/ml6Dms5XlkK/liqjvvIzlj6/miYvliqjpgInmi6not6/lvoTjgII=	com.xiaoji.egggame.features.mods/values-zh-rCN/strings.commonMain.cvr	14
com.xiaoji.egggame.features.mods	string	features_mods_change_game_directory_warning	启用 MOD 前，请确认游戏根目录路径正确。	5ZCv55SoIE1PRCDliY3vvIzor7fnoa7orqTmuLjmiI/moLnnm67lvZXot6/lvoTmraPnoa7jgII=	com.xiaoji.egggame.features.mods/values-zh-rCN/strings.commonMain.cvr	15
com.xiaoji.egggame.features.mods	string	features_mods_change_game_directory	更改游戏目录	5pu05pS55ri45oiP55uu5b2V	com.xiaoji.egggame.features.mods/values-zh-rCN/strings.commonMain.cvr	16
com.xiaoji.egggame.features.mods	string	features_mods_clear_search	清空搜索	5riF56m65pCc57Si	com.xiaoji.egggame.features.mods/values-zh-rCN/strings.commonMain.cvr	17
com.xiaoji.egggame.features.mods	string	features_mods_dependencies_required	请先安装所需依赖，再安装该 MOD	6K+35YWI5a6J6KOF5omA6ZyA5L6d6LWW77yM5YaN5a6J6KOF6K+lIE1PRA==	com.xiaoji.egggame.features.mods/values-zh-rCN/strings.commonMain.cvr	18
com.xiaoji.egggame.features.mods	string	features_mods_dependency_dialog_available_space	本机可用空间	5pys5py65Y+v55So56m66Ze0	com.xiaoji.egggame.features.mods/values-zh-rCN/strings.commonMain.cvr	19
com.xiaoji.egggame.features.mods	string	features_mods_dependency_dialog_cancel	取消	5Y+W5raI	com.xiaoji.egggame.features.mods/values-zh-rCN/strings.commonMain.cvr	20
com.xiaoji.egggame.features.mods	string	features_mods_dependency_dialog_close	关闭	5YWz6Zet	com.xiaoji.egggame.features.mods/values-zh-rCN/strings.commonMain.cvr	21
com.xiaoji.egggame.features.mods	string	features_mods_dependency_dialog_continue	继续安装	57un57ut5a6J6KOF	com.xiaoji.egggame.features.mods/values-zh-rCN/strings.commonMain.cvr	22
com.xiaoji.egggame.features.mods	string	features_mods_dependency_dialog_enable_continue	同时启用并继续	5ZCM5pe25ZCv55So5bm257un57ut	com.xiaoji.egggame.features.mods/values-zh-rCN/strings.commonMain.cvr	23
com.xiaoji.egggame.features.mods	string	features_mods_dependency_dialog_enable_message	以下依赖 MOD 已安装但未启用，启用后才能继续。	5Lul5LiL5L6d6LWWIE1PRCDlt7Llronoo4XkvYbmnKrlkK/nlKjvvIzlkK/nlKjlkI7miY3og73nu6fnu63jgII=	com.xiaoji.egggame.features.mods/values-zh-rCN/strings.commonMain.cvr	24
com.xiaoji.egggame.features.mods	string	features_mods_dependency_dialog_enable_title	需要启用依赖 MOD	6ZyA6KaB5ZCv55So5L6d6LWWIE1PRA==	com.xiaoji.egggame.features.mods/values-zh-rCN/strings.commonMain.cvr	25
com.xiaoji.egggame.features.mods	string	features_mods_dependency_dialog_enabled	已启用	5bey5ZCv55So	com.xiaoji.egggame.features.mods/values-zh-rCN/strings.commonMain.cvr	26
com.xiaoji.egggame.features.mods	string	features_mods_dependency_dialog_enable	启用	5ZCv55So	com.xiaoji.egggame.features.mods/values-zh-rCN/strings.commonMain.cvr	27
com.xiaoji.egggame.features.mods	string	features_mods_dependency_dialog_enabling	启用中…	5ZCv55So5Lit4oCm	com.xiaoji.egggame.features.mods/values-zh-rCN/strings.commonMain.cvr	28
com.xiaoji.egggame.features.mods	string	features_mods_dependency_dialog_installed	已安装	5bey5a6J6KOF	com.xiaoji.egggame.features.mods/values-zh-rCN/strings.commonMain.cvr	29
com.xiaoji.egggame.features.mods	string	features_mods_dependency_dialog_message	安装未完成，请先安装以下组件。	5a6J6KOF5pyq5a6M5oiQ77yM6K+35YWI5a6J6KOF5Lul5LiL57uE5Lu244CC	com.xiaoji.egggame.features.mods/values-zh-rCN/strings.commonMain.cvr	30
com.xiaoji.egggame.features.mods	string	features_mods_dependency_dialog_title	缺少依赖组件	57y65bCR5L6d6LWW57uE5Lu2	com.xiaoji.egggame.features.mods/values-zh-rCN/strings.commonMain.cvr	31
com.xiaoji.egggame.features.mods	string	features_mods_dependency_dialog_total_size	依赖总大小	5L6d6LWW5oC75aSn5bCP	com.xiaoji.egggame.features.mods/values-zh-rCN/strings.commonMain.cvr	32
com.xiaoji.egggame.features.mods	string	features_mods_dependency_dialog_unknown_size	—	4oCU	com.xiaoji.egggame.features.mods/values-zh-rCN/strings.commonMain.cvr	33
com.xiaoji.egggame.features.mods	string	features_mods_detail_author_compact	作者 %1$s	5L2c6ICFICUxJHM=	com.xiaoji.egggame.features.mods/values-zh-rCN/strings.commonMain.cvr	34
com.xiaoji.egggame.features.mods	string	features_mods_detail_author	作者：%1$s	5L2c6ICF77yaJTEkcw==	com.xiaoji.egggame.features.mods/values-zh-rCN/strings.commonMain.cvr	35
com.xiaoji.egggame.features.mods	string	features_mods_detail_cancel	取消	5Y+W5raI	com.xiaoji.egggame.features.mods/values-zh-rCN/strings.commonMain.cvr	36
com.xiaoji.egggame.features.mods	string	features_mods_detail_changelog	更新日志	5pu05paw5pel5b+X	com.xiaoji.egggame.features.mods/values-zh-rCN/strings.commonMain.cvr	37
com.xiaoji.egggame.features.mods	string	features_mods_detail_close	关闭	5YWz6Zet	com.xiaoji.egggame.features.mods/values-zh-rCN/strings.commonMain.cvr	38
com.xiaoji.egggame.features.mods	string	features_mods_detail_confirm_delete	卸载	5Y246L29	com.xiaoji.egggame.features.mods/values-zh-rCN/strings.commonMain.cvr	39
com.xiaoji.egggame.features.mods	string	features_mods_detail_delete_message	将删除当前设备中的安装文件和启用状态，不影响其他设备和游戏存档。	5bCG5Yig6Zmk5b2T5YmN6K6+5aSH5Lit55qE5a6J6KOF5paH5Lu25ZKM5ZCv55So54q25oCB77yM5LiN5b2x5ZON5YW25LuW6K6+5aSH5ZKM5ri45oiP5a2Y5qGj44CC	com.xiaoji.egggame.features.mods/values-zh-rCN/strings.commonMain.cvr	40
com.xiaoji.egggame.features.mods	string	features_mods_detail_delete_title	提示	5o+Q56S6	com.xiaoji.egggame.features.mods/values-zh-rCN/strings.commonMain.cvr	41
com.xiaoji.egggame.features.mods	string	features_mods_detail_delete	删除	5Yig6Zmk	com.xiaoji.egggame.features.mods/values-zh-rCN/strings.commonMain.cvr	42
com.xiaoji.egggame.features.mods	string	features_mods_detail_enabled	停用	5YGc55So	com.xiaoji.egggame.features.mods/values-zh-rCN/strings.commonMain.cvr	43
com.xiaoji.egggame.features.mods	string	features_mods_detail_enable	启用	5ZCv55So	com.xiaoji.egggame.features.mods/values-zh-rCN/strings.commonMain.cvr	44
com.xiaoji.egggame.features.mods	string	features_mods_detail_image_content_description	MOD 预览图	TU9EIOmihOiniOWbvg==	com.xiaoji.egggame.features.mods/values-zh-rCN/strings.commonMain.cvr	45
com.xiaoji.egggame.features.mods	string	features_mods_detail_install_instructions	安装说明	5a6J6KOF6K+05piO	com.xiaoji.egggame.features.mods/values-zh-rCN/strings.commonMain.cvr	46
com.xiaoji.egggame.features.mods	string	features_mods_detail_install	安装	5a6J6KOF	com.xiaoji.egggame.features.mods/values-zh-rCN/strings.commonMain.cvr	47
com.xiaoji.egggame.features.mods	string	features_mods_detail_load_failed	MOD 详情加载失败	TU9EIOivpuaDheWKoOi9veWksei0pQ==	com.xiaoji.egggame.features.mods/values-zh-rCN/strings.commonMain.cvr	48
com.xiaoji.egggame.features.mods	string	features_mods_detail_loading	正在加载 MOD 详情…	5q2j5Zyo5Yqg6L29IE1PRCDor6bmg4XigKY=	com.xiaoji.egggame.features.mods/values-zh-rCN/strings.commonMain.cvr	49
com.xiaoji.egggame.features.mods	string	features_mods_detail_progress	%1$d%	JTEkZCU=	com.xiaoji.egggame.features.mods/values-zh-rCN/strings.commonMain.cvr	50
com.xiaoji.egggame.features.mods	string	features_mods_detail_retry	重试	6YeN6K+V	com.xiaoji.egggame.features.mods/values-zh-rCN/strings.commonMain.cvr	51
com.xiaoji.egggame.features.mods	string	features_mods_detail_title	MOD 详情	TU9EIOivpuaDhQ==	com.xiaoji.egggame.features.mods/values-zh-rCN/strings.commonMain.cvr	52
com.xiaoji.egggame.features.mods	string	features_mods_detail_unknown_author	未知作者	5pyq55+l5L2c6ICF	com.xiaoji.egggame.features.mods/values-zh-rCN/strings.commonMain.cvr	53
com.xiaoji.egggame.features.mods	string	features_mods_detail_update_available	可更新	5Y+v5pu05paw	com.xiaoji.egggame.features.mods/values-zh-rCN/strings.commonMain.cvr	54
com.xiaoji.egggame.features.mods	string	features_mods_detail_updated	暂无更新	5pqC5peg5pu05paw	com.xiaoji.egggame.features.mods/values-zh-rCN/strings.commonMain.cvr	55
com.xiaoji.egggame.features.mods	string	features_mods_detail_working	处理中…	5aSE55CG5Lit4oCm	com.xiaoji.egggame.features.mods/values-zh-rCN/strings.commonMain.cvr	56
com.xiaoji.egggame.features.mods	string	features_mods_disable_dependency_warning	停用该 MOD 可能会导致其他 MOD 无法生效，确认停用吗？	5YGc55So6K+lIE1PRCDlj6/og73kvJrlr7zoh7Tlhbbku5YgTU9EIOaXoOazleeUn+aViO+8jOehruiupOWBnOeUqOWQl++8nw==	com.xiaoji.egggame.features.mods/values-zh-rCN/strings.commonMain.cvr	57
com.xiaoji.egggame.features.mods	string	features_mods_disable	停用	5YGc55So	com.xiaoji.egggame.features.mods/values-zh-rCN/strings.commonMain.cvr	58
com.xiaoji.egggame.features.mods	string	features_mods_download_count_format	%1$s 次下载	JTEkcyDmrKHkuIvovb0=	com.xiaoji.egggame.features.mods/values-zh-rCN/strings.commonMain.cvr	59
com.xiaoji.egggame.features.mods	string	features_mods_empty_catalog	暂时没有可用 MOD	5pqC5pe25rKh5pyJ5Y+v55SoIE1PRA==	com.xiaoji.egggame.features.mods/values-zh-rCN/strings.commonMain.cvr	60
com.xiaoji.egggame.features.mods	string	features_mods_empty_installed	当前游戏未安装 MOD	5b2T5YmN5ri45oiP5pyq5a6J6KOFIE1PRA==	com.xiaoji.egggame.features.mods/values-zh-rCN/strings.commonMain.cvr	61
com.xiaoji.egggame.features.mods	string	features_mods_empty_search	没有找到相关 MOD	5rKh5pyJ5om+5Yiw55u45YWzIE1PRA==	com.xiaoji.egggame.features.mods/values-zh-rCN/strings.commonMain.cvr	62
com.xiaoji.egggame.features.mods	string	features_mods_empty_updates	暂无可更新的 MOD	5pqC5peg5Y+v5pu05paw55qEIE1PRA==	com.xiaoji.egggame.features.mods/values-zh-rCN/strings.commonMain.cvr	63
com.xiaoji.egggame.features.mods	string	features_mods_enable	启用	5ZCv55So	com.xiaoji.egggame.features.mods/values-zh-rCN/strings.commonMain.cvr	64
com.xiaoji.egggame.features.mods	string	features_mods_filter_all	全部	5YWo6YOo	com.xiaoji.egggame.features.mods/values-zh-rCN/strings.commonMain.cvr	65
com.xiaoji.egggame.features.mods	string	features_mods_filter_updates	可更新	5Y+v5pu05paw	com.xiaoji.egggame.features.mods/values-zh-rCN/strings.commonMain.cvr	66
com.xiaoji.egggame.features.mods	string	features_mods_game_installation_unavailable	游戏安装目录不可用，请修复安装或重新选择游戏目录	5ri45oiP5a6J6KOF55uu5b2V5LiN5Y+v55So77yM6K+35L+u5aSN5a6J6KOF5oiW6YeN5paw6YCJ5oup5ri45oiP55uu5b2V	com.xiaoji.egggame.features.mods/values-zh-rCN/strings.commonMain.cvr	67
com.xiaoji.egggame.features.mods	string	features_mods_install	安装	5a6J6KOF	com.xiaoji.egggame.features.mods/values-zh-rCN/strings.commonMain.cvr	68
com.xiaoji.egggame.features.mods	string	features_mods_integrity_failed	MOD 安装包校验失败	TU9EIOWuieijheWMheagoemqjOWksei0pQ==	com.xiaoji.egggame.features.mods/values-zh-rCN/strings.commonMain.cvr	69
com.xiaoji.egggame.features.mods	string	features_mods_invalid_file	该 MOD 文件暂不可用	6K+lIE1PRCDmlofku7bmmoLkuI3lj6/nlKg=	com.xiaoji.egggame.features.mods/values-zh-rCN/strings.commonMain.cvr	70
com.xiaoji.egggame.features.mods	string	features_mods_load_failed	MOD 加载失败	TU9EIOWKoOi9veWksei0pQ==	com.xiaoji.egggame.features.mods/values-zh-rCN/strings.commonMain.cvr	71
com.xiaoji.egggame.features.mods	string	features_mods_network_failed	MOD 下载失败，请稍后重试	TU9EIOS4i+i9veWksei0pe+8jOivt+eojeWQjumHjeivlQ==	com.xiaoji.egggame.features.mods/values-zh-rCN/strings.commonMain.cvr	72
com.xiaoji.egggame.features.mods	string	features_mods_operation_failed	MOD 操作失败	TU9EIOaTjeS9nOWksei0pQ==	com.xiaoji.egggame.features.mods/values-zh-rCN/strings.commonMain.cvr	73
com.xiaoji.egggame.features.mods	string	features_mods_operation_in_progress	MOD 操作进行中	TU9EIOaTjeS9nOi/m+ihjOS4rQ==	com.xiaoji.egggame.features.mods/values-zh-rCN/strings.commonMain.cvr	74
com.xiaoji.egggame.features.mods	string	features_mods_platform_unsupported	当前平台不支持 MOD	5b2T5YmN5bmz5Y+w5LiN5pSv5oyBIE1PRA==	com.xiaoji.egggame.features.mods/values-zh-rCN/strings.commonMain.cvr	75
com.xiaoji.egggame.features.mods	string	features_mods_retry	重试	6YeN6K+V	com.xiaoji.egggame.features.mods/values-zh-rCN/strings.commonMain.cvr	76
com.xiaoji.egggame.features.mods	string	features_mods_sdk_unavailable	WinEmu SDK 更新后才能使用 MOD 安装能力	V2luRW11IFNESyDmm7TmlrDlkI7miY3og73kvb/nlKggTU9EIOWuieijheiDveWKmw==	com.xiaoji.egggame.features.mods/values-zh-rCN/strings.commonMain.cvr	77
com.xiaoji.egggame.features.mods	string	features_mods_search_placeholder	搜索 MOD	5pCc57SiIE1PRA==	com.xiaoji.egggame.features.mods/values-zh-rCN/strings.commonMain.cvr	78
com.xiaoji.egggame.features.mods	string	features_mods_size_format	%1$s	JTEkcw==	com.xiaoji.egggame.features.mods/values-zh-rCN/strings.commonMain.cvr	79
com.xiaoji.egggame.features.mods	string	features_mods_sort_downloads	下载最多	5LiL6L295pyA5aSa	com.xiaoji.egggame.features.mods/values-zh-rCN/strings.commonMain.cvr	80
com.xiaoji.egggame.features.mods	string	features_mods_sort_hot	热门	54Ot6Zeo	com.xiaoji.egggame.features.mods/values-zh-rCN/strings.commonMain.cvr	81
com.xiaoji.egggame.features.mods	string	features_mods_sort_published	最新发布	5pyA5paw5Y+R5biD	com.xiaoji.egggame.features.mods/values-zh-rCN/strings.commonMain.cvr	82
com.xiaoji.egggame.features.mods	string	features_mods_storage_insufficient	存储空间不足	5a2Y5YKo56m66Ze05LiN6Laz	com.xiaoji.egggame.features.mods/values-zh-rCN/strings.commonMain.cvr	83
com.xiaoji.egggame.features.mods	string	features_mods_tab_browse	浏览	5rWP6KeI	com.xiaoji.egggame.features.mods/values-zh-rCN/strings.commonMain.cvr	84
com.xiaoji.egggame.features.mods	string	features_mods_tab_installed	已安装	5bey5a6J6KOF	com.xiaoji.egggame.features.mods/values-zh-rCN/strings.commonMain.cvr	85
com.xiaoji.egggame.features.mods	string	features_mods_title	MOD	TU9E	com.xiaoji.egggame.features.mods/values-zh-rCN/strings.commonMain.cvr	86
com.xiaoji.egggame.features.mods	string	features_mods_uninstall_dependency_warning	卸载该 MOD 可能会导致其他 MOD 无法生效，确认卸载吗？	5Y246L296K+lIE1PRCDlj6/og73kvJrlr7zoh7Tlhbbku5YgTU9EIOaXoOazleeUn+aViO+8jOehruiupOWNuOi9veWQl++8nw==	com.xiaoji.egggame.features.mods/values-zh-rCN/strings.commonMain.cvr	87
com.xiaoji.egggame.features.mods	string	features_mods_unsupported_install_script_cancel	取消	5Y+W5raI	com.xiaoji.egggame.features.mods/values-zh-rCN/strings.commonMain.cvr	88
com.xiaoji.egggame.features.mods	string	features_mods_unsupported_install_script_message	需要安装新版本才可升级，请先升级	6ZyA6KaB5a6J6KOF5paw54mI5pys5omN5Y+v5Y2H57qn77yM6K+35YWI5Y2H57qn	com.xiaoji.egggame.features.mods/values-zh-rCN/strings.commonMain.cvr	89
com.xiaoji.egggame.features.mods	string	features_mods_unsupported_install_script_title	提示	5o+Q56S6	com.xiaoji.egggame.features.mods/values-zh-rCN/strings.commonMain.cvr	90
com.xiaoji.egggame.features.mods	string	features_mods_unsupported_install_script_update	升级	5Y2H57qn	com.xiaoji.egggame.features.mods/values-zh-rCN/strings.commonMain.cvr	91
com.xiaoji.egggame.features.mods	string	features_mods_update_available	有可用更新	5pyJ5Y+v55So5pu05paw	com.xiaoji.egggame.features.mods/values-zh-rCN/strings.commonMain.cvr	92
com.xiaoji.egggame.features.mods	string	features_mods_update_unavailable	当前暂无可用的新版本	5b2T5YmN5pqC5peg5Y+v55So55qE5paw54mI5pys	com.xiaoji.egggame.features.mods/values-zh-rCN/strings.commonMain.cvr	93
com.xiaoji.egggame.features.mods	string	features_mods_updated_at	更新时间：%1$s	5pu05paw5pe26Ze077yaJTEkcw==	com.xiaoji.egggame.features.mods/values-zh-rCN/strings.commonMain.cvr	94
com.xiaoji.egggame.features.onboarding	string	features_onboarding_cloud_subtitle	无需下载，点开即玩	5peg6ZyA5LiL6L2977yM54K55byA5Y2z546p	com.xiaoji.egggame.features.onboarding/values-zh-rCN/strings.commonMain.cvr	2
com.xiaoji.egggame.features.onboarding	string	features_onboarding_cloud_title	云游戏	5LqR5ri45oiP	com.xiaoji.egggame.features.onboarding/values-zh-rCN/strings.commonMain.cvr	3
com.xiaoji.egggame.features.onboarding	string	features_onboarding_confirm	确认	56Gu6K6k	com.xiaoji.egggame.features.onboarding/values-zh-rCN/strings.commonMain.cvr	4
com.xiaoji.egggame.features.onboarding	string	features_onboarding_dialog_title_prompt	提示	5o+Q56S6	com.xiaoji.egggame.features.onboarding/values-zh-rCN/strings.commonMain.cvr	5
com.xiaoji.egggame.features.onboarding	string	features_onboarding_free_subtitle	需下载游戏包，无限时畅玩	6ZyA5LiL6L295ri45oiP5YyF77yM5peg6ZmQ5pe255WF546p	com.xiaoji.egggame.features.onboarding/values-zh-rCN/strings.commonMain.cvr	6
com.xiaoji.egggame.features.onboarding	string	features_onboarding_free_title	免费游戏	5YWN6LS55ri45oiP	com.xiaoji.egggame.features.onboarding/values-zh-rCN/strings.commonMain.cvr	7
com.xiaoji.egggame.features.onboarding	string	features_onboarding_free	免费	5YWN6LS5	com.xiaoji.egggame.features.onboarding/values-zh-rCN/strings.commonMain.cvr	8
com.xiaoji.egggame.features.onboarding	string	features_onboarding_game_unavailable	该游戏暂不可用	6K+l5ri45oiP5pqC5LiN5Y+v55So	com.xiaoji.egggame.features.onboarding/values-zh-rCN/strings.commonMain.cvr	9
com.xiaoji.egggame.features.onboarding	string	features_onboarding_gift_desc	你已获得新手礼包	5L2g5bey6I635b6X5paw5omL56S85YyF	com.xiaoji.egggame.features.onboarding/values-zh-rCN/strings.commonMain.cvr	10
com.xiaoji.egggame.features.onboarding	string	features_onboarding_gift_title	你已获得新手礼包	5L2g5bey6I635b6X5paw5omL56S85YyF	com.xiaoji.egggame.features.onboarding/values-zh-rCN/strings.commonMain.cvr	11
com.xiaoji.egggame.features.onboarding	string	features_onboarding_guest_login_failed	游客登录失败，请稍后重试	5ri45a6i55m75b2V5aSx6LSl77yM6K+356iN5ZCO6YeN6K+V	com.xiaoji.egggame.features.onboarding/values-zh-rCN/strings.commonMain.cvr	12
com.xiaoji.egggame.features.onboarding	string	features_onboarding_guest_mode_created	已为你创建游客账号，先体验一下	5bey5Li65L2g5Yib5bu65ri45a6i6LSm5Y+377yM5YWI5L2T6aqM5LiA5LiL	com.xiaoji.egggame.features.onboarding/values-zh-rCN/strings.commonMain.cvr	13
com.xiaoji.egggame.features.onboarding	string	features_onboarding_guest_mode_restored	已进入游客模式，先体验一下	5bey6L+b5YWl5ri45a6i5qih5byP77yM5YWI5L2T6aqM5LiA5LiL	com.xiaoji.egggame.features.onboarding/values-zh-rCN/strings.commonMain.cvr	14
com.xiaoji.egggame.features.onboarding	string	features_onboarding_has_game_desc	已有Steam账号或游戏文件，想在手机上玩	5bey5pyJU3RlYW3otKblj7fmiJbmuLjmiI/mlofku7bvvIzmg7PlnKjmiYvmnLrkuIrnjqk=	com.xiaoji.egggame.features.onboarding/values-zh-rCN/strings.commonMain.cvr	15
com.xiaoji.egggame.features.onboarding	string	features_onboarding_has_game_google_desc	已有Steam账号，想在手机上玩	5bey5pyJU3RlYW3otKblj7fvvIzmg7PlnKjmiYvmnLrkuIrnjqk=	com.xiaoji.egggame.features.onboarding/values-zh-rCN/strings.commonMain.cvr	16
com.xiaoji.egggame.features.onboarding	string	features_onboarding_has_game_title	我有游戏想玩	5oiR5pyJ5ri45oiP5oOz546p	com.xiaoji.egggame.features.onboarding/values-zh-rCN/strings.commonMain.cvr	17
com.xiaoji.egggame.features.onboarding	string	features_onboarding_intro_button	立即开启	56uL5Y2z5byA5ZCv	com.xiaoji.egggame.features.onboarding/values-zh-rCN/strings.commonMain.cvr	18
com.xiaoji.egggame.features.onboarding	string	features_onboarding_intro_experience_hint	请与我们分享您的经验～	6K+35LiO5oiR5Lus5YiG5Lqr5oKo55qE57uP6aqM772e	com.xiaoji.egggame.features.onboarding/values-zh-rCN/strings.commonMain.cvr	19
com.xiaoji.egggame.features.onboarding	string	features_onboarding_intro_experience_title	为了您的绝佳体验	5Li65LqG5oKo55qE57ud5L2z5L2T6aqM	com.xiaoji.egggame.features.onboarding/values-zh-rCN/strings.commonMain.cvr	20
com.xiaoji.egggame.features.onboarding	string	features_onboarding_intro_subtitle	手机上的PC游戏平台	5omL5py65LiK55qEUEPmuLjmiI/lubPlj7A=	com.xiaoji.egggame.features.onboarding/values-zh-rCN/strings.commonMain.cvr	21
com.xiaoji.egggame.features.onboarding	string	features_onboarding_intro_title	欢迎来到盖世游戏	5qyi6L+O5p2l5Yiw55uW5LiW5ri45oiP	com.xiaoji.egggame.features.onboarding/values-zh-rCN/strings.commonMain.cvr	22
com.xiaoji.egggame.features.onboarding	string	features_onboarding_intro_value_ai	大神虚拟按键\n一键套用	5aSn56We6Jma5ouf5oyJ6ZSuCuS4gOmUruWll+eUqA==	com.xiaoji.egggame.features.onboarding/values-zh-rCN/strings.commonMain.cvr	23
com.xiaoji.egggame.features.onboarding	string	features_onboarding_intro_value_cloud	云游戏\n免下载秒玩	5LqR5ri45oiPCuWFjeS4i+i9veenkueOqQ==	com.xiaoji.egggame.features.onboarding/values-zh-rCN/strings.commonMain.cvr	24
com.xiaoji.egggame.features.onboarding	string	features_onboarding_intro_value_overseas_play	竖屏探索游戏\n横屏变掌机	56uW5bGP5o6i57Si5ri45oiPCuaoquWxj+WPmOaOjOacug==	com.xiaoji.egggame.features.onboarding/values-zh-rCN/strings.commonMain.cvr	25
com.xiaoji.egggame.features.onboarding	string	features_onboarding_intro_value_platform	Steam游戏库\n数据互通	U3RlYW3muLjmiI/lupMK5pWw5o2u5LqS6YCa	com.xiaoji.egggame.features.onboarding/values-zh-rCN/strings.commonMain.cvr	26
com.xiaoji.egggame.features.onboarding	string	features_onboarding_ios_instant_play_desc	选择喜欢的游戏，无需下载，立即开玩	6YCJ5oup5Zac5qyi55qE5ri45oiP77yM5peg6ZyA5LiL6L2977yM56uL5Y2z5byA546p	com.xiaoji.egggame.features.onboarding/values-zh-rCN/strings.commonMain.cvr	27
com.xiaoji.egggame.features.onboarding	string	features_onboarding_ios_instant_play_title	开始秒玩	5byA5aeL56eS546p	com.xiaoji.egggame.features.onboarding/values-zh-rCN/strings.commonMain.cvr	28
com.xiaoji.egggame.features.onboarding	string	features_onboarding_ios_value_cloud	云端运行，不占手机存储	5LqR56uv6L+Q6KGM77yM5LiN5Y2g5omL5py65a2Y5YKo	com.xiaoji.egggame.features.onboarding/values-zh-rCN/strings.commonMain.cvr	29
com.xiaoji.egggame.features.onboarding	string	features_onboarding_ios_value_hot_pc	热门 PC 游戏，无需下载，点击即玩	54Ot6ZeoIFBDIOa4uOaIj++8jOaXoOmcgOS4i+i9ve+8jOeCueWHu+WNs+eOqQ==	com.xiaoji.egggame.features.onboarding/values-zh-rCN/strings.commonMain.cvr	30
com.xiaoji.egggame.features.onboarding	string	features_onboarding_ios_value_virtual_controls	虚拟按键大神方案，一键套用	6Jma5ouf5oyJ6ZSu5aSn56We5pa55qGI77yM5LiA6ZSu5aWX55So	com.xiaoji.egggame.features.onboarding/values-zh-rCN/strings.commonMain.cvr	31
com.xiaoji.egggame.features.onboarding	string	features_onboarding_later_desc	先进入首页，之后可以从游戏库继续	5YWI6L+b5YWl6aaW6aG177yM5LmL5ZCO5Y+v5Lul5LuO5ri45oiP5bqT57un57ut	com.xiaoji.egggame.features.onboarding/values-zh-rCN/strings.commonMain.cvr	32
com.xiaoji.egggame.features.onboarding	string	features_onboarding_later_title	以后再说	5Lul5ZCO5YaN6K+0	com.xiaoji.egggame.features.onboarding/values-zh-rCN/strings.commonMain.cvr	33
com.xiaoji.egggame.features.onboarding	string	features_onboarding_login_required	请先完成账号登录	6K+35YWI5a6M5oiQ6LSm5Y+355m75b2V	com.xiaoji.egggame.features.onboarding/values-zh-rCN/strings.commonMain.cvr	34
com.xiaoji.egggame.features.onboarding	string	features_onboarding_new_user_badge	新手礼包	5paw5omL56S85YyF	com.xiaoji.egggame.features.onboarding/values-zh-rCN/strings.commonMain.cvr	35
com.xiaoji.egggame.features.onboarding	string	features_onboarding_new_user_desc	没玩过，想体验一下热门游戏	5rKh546p6L+H77yM5oOz5L2T6aqM5LiA5LiL54Ot6Zeo5ri45oiP	com.xiaoji.egggame.features.onboarding/values-zh-rCN/strings.commonMain.cvr	36
com.xiaoji.egggame.features.onboarding	string	features_onboarding_new_user_title	我是新手，想看看游戏	5oiR5piv5paw5omL77yM5oOz55yL55yL5ri45oiP	com.xiaoji.egggame.features.onboarding/values-zh-rCN/strings.commonMain.cvr	37
com.xiaoji.egggame.features.onboarding	string	features_onboarding_newbie_loading	正在加载推荐游戏…	5q2j5Zyo5Yqg6L295o6o6I2Q5ri45oiP4oCm	com.xiaoji.egggame.features.onboarding/values-zh-rCN/strings.commonMain.cvr	38
com.xiaoji.egggame.features.onboarding	string	features_onboarding_newbie_subtitle	热门云游戏和免费游戏都准备好了	54Ot6Zeo5LqR5ri45oiP5ZKM5YWN6LS55ri45oiP6YO95YeG5aSH5aW95LqG	com.xiaoji.egggame.features.onboarding/values-zh-rCN/strings.commonMain.cvr	39
com.xiaoji.egggame.features.onboarding	string	features_onboarding_newbie_title	选一款试试	6YCJ5LiA5qy+6K+V6K+V	com.xiaoji.egggame.features.onboarding/values-zh-rCN/strings.commonMain.cvr	40
com.xiaoji.egggame.features.onboarding	string	features_onboarding_play_now	秒玩	56eS546p	com.xiaoji.egggame.features.onboarding/values-zh-rCN/strings.commonMain.cvr	41
com.xiaoji.egggame.features.onboarding	string	features_onboarding_retry	重试	6YeN6K+V	com.xiaoji.egggame.features.onboarding/values-zh-rCN/strings.commonMain.cvr	42
com.xiaoji.egggame.features.onboarding	string	features_onboarding_route_import_desc	自动扫描手机里的游戏文件，一键导入游玩	6Ieq5Yqo5omr5o+P5omL5py66YeM55qE5ri45oiP5paH5Lu277yM5LiA6ZSu5a+85YWl5ri4546p	com.xiaoji.egggame.features.onboarding/values-zh-rCN/strings.commonMain.cvr	43
com.xiaoji.egggame.features.onboarding	string	features_onboarding_route_import_title	导入游戏	5a+85YWl5ri45oiP	com.xiaoji.egggame.features.onboarding/values-zh-rCN/strings.commonMain.cvr	44
com.xiaoji.egggame.features.onboarding	string	features_onboarding_route_processing	处理中…	5aSE55CG5Lit4oCm	com.xiaoji.egggame.features.onboarding/values-zh-rCN/strings.commonMain.cvr	45
com.xiaoji.egggame.features.onboarding	string	features_onboarding_route_skip	跳过	6Lez6L+H	com.xiaoji.egggame.features.onboarding/values-zh-rCN/strings.commonMain.cvr	46
com.xiaoji.egggame.features.onboarding	string	features_onboarding_route_steam_desc	绑定后直接畅玩你 Steam 库里的游戏	57uR5a6a5ZCO55u05o6l55WF546p5L2gIFN0ZWFtIOW6k+mHjOeahOa4uOaIjw==	com.xiaoji.egggame.features.onboarding/values-zh-rCN/strings.commonMain.cvr	47
com.xiaoji.egggame.features.onboarding	string	features_onboarding_route_steam_title	绑定 Steam 账号	57uR5a6aIFN0ZWFtIOi0puWPtw==	com.xiaoji.egggame.features.onboarding/values-zh-rCN/strings.commonMain.cvr	48
com.xiaoji.egggame.features.onboarding	string	features_onboarding_route_subtitle	选择你的游戏来源	6YCJ5oup5L2g55qE5ri45oiP5p2l5rqQ	com.xiaoji.egggame.features.onboarding/values-zh-rCN/strings.commonMain.cvr	49
com.xiaoji.egggame.features.onboarding	string	features_onboarding_route_title	你想怎么开始？	5L2g5oOz5oCO5LmI5byA5aeL77yf	com.xiaoji.egggame.features.onboarding/values-zh-rCN/strings.commonMain.cvr	50
com.xiaoji.egggame.features.onboarding	string	features_onboarding_scan_done_title	扫描完成	5omr5o+P5a6M5oiQ	com.xiaoji.egggame.features.onboarding/values-zh-rCN/strings.commonMain.cvr	51
com.xiaoji.egggame.features.onboarding	string	features_onboarding_scan_empty_desc	未检测到游戏文件	5pyq5qOA5rWL5Yiw5ri45oiP5paH5Lu2	com.xiaoji.egggame.features.onboarding/values-zh-rCN/strings.commonMain.cvr	52
com.xiaoji.egggame.features.onboarding	string	features_onboarding_scan_empty_title	暂无游戏文件	5pqC5peg5ri45oiP5paH5Lu2	com.xiaoji.egggame.features.onboarding/values-zh-rCN/strings.commonMain.cvr	53
com.xiaoji.egggame.features.onboarding	string	features_onboarding_scan_explore_other	去看看其他游戏	5Y6755yL55yL5YW25LuW5ri45oiP	com.xiaoji.egggame.features.onboarding/values-zh-rCN/strings.commonMain.cvr	54
com.xiaoji.egggame.features.onboarding	string	features_onboarding_scan_found_count	找到%1$d个游戏文件	5om+5YiwJTEkZOS4qua4uOaIj+aWh+S7tg==	com.xiaoji.egggame.features.onboarding/values-zh-rCN/strings.commonMain.cvr	55
com.xiaoji.egggame.features.onboarding	string	features_onboarding_scan_found_desc	在你的设备中找到了游戏文件	5Zyo5L2g55qE6K6+5aSH5Lit5om+5Yiw5LqG5ri45oiP5paH5Lu2	com.xiaoji.egggame.features.onboarding/values-zh-rCN/strings.commonMain.cvr	56
com.xiaoji.egggame.features.onboarding	string	features_onboarding_scan_import_confirm	导入并进入游戏库	5a+85YWl5bm26L+b5YWl5ri45oiP5bqT	com.xiaoji.egggame.features.onboarding/values-zh-rCN/strings.commonMain.cvr	57
com.xiaoji.egggame.features.onboarding	string	features_onboarding_scan_import_failed	导入失败，请重试	5a+85YWl5aSx6LSl77yM6K+36YeN6K+V	com.xiaoji.egggame.features.onboarding/values-zh-rCN/strings.commonMain.cvr	58
com.xiaoji.egggame.features.onboarding	string	features_onboarding_scan_importing	正在导入…	5q2j5Zyo5a+85YWl4oCm	com.xiaoji.egggame.features.onboarding/values-zh-rCN/strings.commonMain.cvr	59
com.xiaoji.egggame.features.onboarding	string	features_onboarding_scan_loading_desc	正在检查常见的游戏下载目录	5q2j5Zyo5qOA5p+l5bi46KeB55qE5ri45oiP5LiL6L2955uu5b2V	com.xiaoji.egggame.features.onboarding/values-zh-rCN/strings.commonMain.cvr	60
com.xiaoji.egggame.features.onboarding	string	features_onboarding_scan_loading	正在扫描...	5q2j5Zyo5omr5o+PLi4u	com.xiaoji.egggame.features.onboarding/values-zh-rCN/strings.commonMain.cvr	61
com.xiaoji.egggame.features.onboarding	string	features_onboarding_scan_manual_select_hint	没找到？手动选择文件夹	5rKh5om+5Yiw77yf5omL5Yqo6YCJ5oup5paH5Lu25aS5	com.xiaoji.egggame.features.onboarding/values-zh-rCN/strings.commonMain.cvr	62
com.xiaoji.egggame.features.onboarding	string	features_onboarding_scan_manual_select	手动选择文件夹	5omL5Yqo6YCJ5oup5paH5Lu25aS5	com.xiaoji.egggame.features.onboarding/values-zh-rCN/strings.commonMain.cvr	63
com.xiaoji.egggame.features.onboarding	string	features_onboarding_scan_permission_required	需要文件管理权限后才能扫描本地游戏	6ZyA6KaB5paH5Lu2566h55CG5p2D6ZmQ5ZCO5omN6IO95omr5o+P5pys5Zyw5ri45oiP	com.xiaoji.egggame.features.onboarding/values-zh-rCN/strings.commonMain.cvr	64
com.xiaoji.egggame.features.onboarding	string	features_onboarding_scan_select_first	请先选择要导入的游戏	6K+35YWI6YCJ5oup6KaB5a+85YWl55qE5ri45oiP	com.xiaoji.egggame.features.onboarding/values-zh-rCN/strings.commonMain.cvr	65
com.xiaoji.egggame.features.onboarding	string	features_onboarding_scan_select_permission_required	需要文件管理权限后才能选择文件夹	6ZyA6KaB5paH5Lu2566h55CG5p2D6ZmQ5ZCO5omN6IO96YCJ5oup5paH5Lu25aS5	com.xiaoji.egggame.features.onboarding/values-zh-rCN/strings.commonMain.cvr	66
com.xiaoji.egggame.features.onboarding	string	features_onboarding_scan_subtitle	我们会扫描常见目录，找到后可一键导入游戏库	5oiR5Lus5Lya5omr5o+P5bi46KeB55uu5b2V77yM5om+5Yiw5ZCO5Y+v5LiA6ZSu5a+85YWl5ri45oiP5bqT	com.xiaoji.egggame.features.onboarding/values-zh-rCN/strings.commonMain.cvr	67
com.xiaoji.egggame.features.onboarding	string	features_onboarding_scan_timeout_desc	扫描超时，请手动选择	5omr5o+P6LaF5pe277yM6K+35omL5Yqo6YCJ5oup	com.xiaoji.egggame.features.onboarding/values-zh-rCN/strings.commonMain.cvr	68
com.xiaoji.egggame.features.onboarding	string	features_onboarding_scan_timeout_title	扫描超时	5omr5o+P6LaF5pe2	com.xiaoji.egggame.features.onboarding/values-zh-rCN/strings.commonMain.cvr	69
com.xiaoji.egggame.features.onboarding	string	features_onboarding_scan_title	导入游戏	5a+85YWl5ri45oiP	com.xiaoji.egggame.features.onboarding/values-zh-rCN/strings.commonMain.cvr	70
com.xiaoji.egggame.features.onboarding	string	features_onboarding_slide_get_started	开始体验	5byA5aeL5L2T6aqM	com.xiaoji.egggame.features.onboarding/values-zh-rCN/strings.commonMain.cvr	71
com.xiaoji.egggame.features.onboarding	string	features_onboarding_slide_import_desc	把本地 PC 游戏导入到手机游戏库。	5oqK5pys5ZywIFBDIOa4uOaIj+WvvOWFpeWIsOaJi+acuua4uOaIj+W6k+OAgg==	com.xiaoji.egggame.features.onboarding/values-zh-rCN/strings.commonMain.cvr	72
com.xiaoji.egggame.features.onboarding	string	features_onboarding_slide_import_step1	授予存储权限	5o6I5LqI5a2Y5YKo5p2D6ZmQ	com.xiaoji.egggame.features.onboarding/values-zh-rCN/strings.commonMain.cvr	73
com.xiaoji.egggame.features.onboarding	string	features_onboarding_slide_import_step2	扫描目录或手动选择文件夹	5omr5o+P55uu5b2V5oiW5omL5Yqo6YCJ5oup5paH5Lu25aS5	com.xiaoji.egggame.features.onboarding/values-zh-rCN/strings.commonMain.cvr	74
com.xiaoji.egggame.features.onboarding	string	features_onboarding_slide_import_step3	确认并进入游戏库	56Gu6K6k5bm26L+b5YWl5ri45oiP5bqT	com.xiaoji.egggame.features.onboarding/values-zh-rCN/strings.commonMain.cvr	75
com.xiaoji.egggame.features.onboarding	string	features_onboarding_slide_import_title	导入游戏	5a+85YWl5ri45oiP	com.xiaoji.egggame.features.onboarding/values-zh-rCN/strings.commonMain.cvr	76
com.xiaoji.egggame.features.onboarding	string	features_onboarding_slide_next	下一步	5LiL5LiA5q2l	com.xiaoji.egggame.features.onboarding/values-zh-rCN/strings.commonMain.cvr	77
com.xiaoji.egggame.features.onboarding	string	features_onboarding_slide_steam_desc	同步 Steam 游戏库，继续畅玩。	5ZCM5q2lIFN0ZWFtIOa4uOaIj+W6k++8jOe7p+e7reeVheeOqeOAgg==	com.xiaoji.egggame.features.onboarding/values-zh-rCN/strings.commonMain.cvr	78
com.xiaoji.egggame.features.onboarding	string	features_onboarding_slide_steam_step1	选择绑定 Steam 账号	6YCJ5oup57uR5a6aIFN0ZWFtIOi0puWPtw==	com.xiaoji.egggame.features.onboarding/values-zh-rCN/strings.commonMain.cvr	79
com.xiaoji.egggame.features.onboarding	string	features_onboarding_slide_steam_step2	使用 Steam 账号登录	5L2/55SoIFN0ZWFtIOi0puWPt+eZu+W9lQ==	com.xiaoji.egggame.features.onboarding/values-zh-rCN/strings.commonMain.cvr	80
com.xiaoji.egggame.features.onboarding	string	features_onboarding_slide_steam_step3	游戏库将自动同步	5ri45oiP5bqT5bCG6Ieq5Yqo5ZCM5q2l	com.xiaoji.egggame.features.onboarding/values-zh-rCN/strings.commonMain.cvr	81
com.xiaoji.egggame.features.onboarding	string	features_onboarding_slide_steam_title	绑定 Steam 账号	57uR5a6aIFN0ZWFtIOi0puWPtw==	com.xiaoji.egggame.features.onboarding/values-zh-rCN/strings.commonMain.cvr	82
com.xiaoji.egggame.features.onboarding	string	features_onboarding_slide_step_format	步骤 %1$d：%2$s	5q2l6aqkICUxJGTvvJolMiRz	com.xiaoji.egggame.features.onboarding/values-zh-rCN/strings.commonMain.cvr	83
com.xiaoji.egggame.features.onboarding	string	features_onboarding_start_subtitle	选择最符合您的方式	6YCJ5oup5pyA56ym5ZCI5oKo55qE5pa55byP	com.xiaoji.egggame.features.onboarding/values-zh-rCN/strings.commonMain.cvr	84
com.xiaoji.egggame.features.onboarding	string	features_onboarding_start_title	你准备怎么开始？	5L2g5YeG5aSH5oCO5LmI5byA5aeL77yf	com.xiaoji.egggame.features.onboarding/values-zh-rCN/strings.commonMain.cvr	85
com.xiaoji.egggame.features.onboarding	string	features_onboarding_view_more	查看更多	5p+l55yL5pu05aSa	com.xiaoji.egggame.features.onboarding/values-zh-rCN/strings.commonMain.cvr	86
com.xiaoji.egggame.features.onboarding	string	features_onboarding_welcome_feature_title	平台特色介绍	5bmz5Y+w54m56Imy5LuL57uN	com.xiaoji.egggame.features.onboarding/values-zh-rCN/strings.commonMain.cvr	87
com.xiaoji.egggame.features.onboarding	string	features_onboarding_welcome_subtitle	手机上的PC游戏平台	5omL5py65LiK55qEUEPmuLjmiI/lubPlj7A=	com.xiaoji.egggame.features.onboarding/values-zh-rCN/strings.commonMain.cvr	88
com.xiaoji.egggame.features.onboarding	string	features_onboarding_welcome_title	欢迎来到盖世游戏	5qyi6L+O5p2l5Yiw55uW5LiW5ri45oiP	com.xiaoji.egggame.features.onboarding/values-zh-rCN/strings.commonMain.cvr	89
com.xiaoji.egggame.features.onboarding	string	features_onboarding_welcome_value_ai_frame	AI超级插帧+虚拟按键大神方案一键套用	QUnotoXnuqfmj5LluKcr6Jma5ouf5oyJ6ZSu5aSn56We5pa55qGI5LiA6ZSu5aWX55So	com.xiaoji.egggame.features.onboarding/values-zh-rCN/strings.commonMain.cvr	90
com.xiaoji.egggame.features.onboarding	string	features_onboarding_welcome_value_cloud	支持云游戏，无需下载一键秒玩	5pSv5oyB5LqR5ri45oiP77yM5peg6ZyA5LiL6L295LiA6ZSu56eS546p	com.xiaoji.egggame.features.onboarding/values-zh-rCN/strings.commonMain.cvr	91
com.xiaoji.egggame.features.onboarding	string	features_onboarding_welcome_value_steam_epic	与Steam、Epic平台数据互通，海量大作应有尽有	5LiOU3RlYW3jgIFFcGlj5bmz5Y+w5pWw5o2u5LqS6YCa77yM5rW36YeP5aSn5L2c5bqU5pyJ5bC95pyJ	com.xiaoji.egggame.features.onboarding/values-zh-rCN/strings.commonMain.cvr	92
com.xiaoji.egggame.features.profile	string	features_profile_bind_phone_hint	通过新手机号接收的验证码来验证您的身份	6YCa6L+H5paw5omL5py65Y+35o6l5pS255qE6aqM6K+B56CB5p2l6aqM6K+B5oKo55qE6Lqr5Lu9	com.xiaoji.egggame.features.profile/values-zh-rCN/strings.commonMain.cvr	2
com.xiaoji.egggame.features.profile	string	features_profile_bind_phone_input_hint	请输入手机号码	6K+36L6T5YWl5omL5py65Y+356CB	com.xiaoji.egggame.features.profile/values-zh-rCN/strings.commonMain.cvr	3
com.xiaoji.egggame.features.profile	string	features_profile_bind_phone_send_code	获取验证码	6I635Y+W6aqM6K+B56CB	com.xiaoji.egggame.features.profile/values-zh-rCN/strings.commonMain.cvr	4
com.xiaoji.egggame.features.profile	string	features_profile_bind_phone_title	绑定手机号	57uR5a6a5omL5py65Y+3	com.xiaoji.egggame.features.profile/values-zh-rCN/strings.commonMain.cvr	5
com.xiaoji.egggame.features.profile	string	features_profile_bind_phone_toast_code_sent	验证码已发送	6aqM6K+B56CB5bey5Y+R6YCB	com.xiaoji.egggame.features.profile/values-zh-rCN/strings.commonMain.cvr	6
com.xiaoji.egggame.features.profile	string	features_profile_bind_phone_toast_invalid_phone	请输入正确的手机号码	6K+36L6T5YWl5q2j56Gu55qE5omL5py65Y+356CB	com.xiaoji.egggame.features.profile/values-zh-rCN/strings.commonMain.cvr	7
com.xiaoji.egggame.features.profile	string	features_profile_center_account_info	账号信息	6LSm5Y+35L+h5oGv	com.xiaoji.egggame.features.profile/values-zh-rCN/strings.commonMain.cvr	8
com.xiaoji.egggame.features.profile	string	features_profile_center_apple	Apple	QXBwbGU=	com.xiaoji.egggame.features.profile/values-zh-rCN/strings.commonMain.cvr	9
com.xiaoji.egggame.features.profile	string	features_profile_center_edit_profile	编辑个人资料	57yW6L6R5Liq5Lq66LWE5paZ	com.xiaoji.egggame.features.profile/values-zh-rCN/strings.commonMain.cvr	10
com.xiaoji.egggame.features.profile	string	features_profile_center_email_label	邮箱	6YKu566x	com.xiaoji.egggame.features.profile/values-zh-rCN/strings.commonMain.cvr	11
com.xiaoji.egggame.features.profile	string	features_profile_center_google	Google	R29vZ2xl	com.xiaoji.egggame.features.profile/values-zh-rCN/strings.commonMain.cvr	12
com.xiaoji.egggame.features.profile	string	features_profile_center_item_bind_email	绑定邮箱	57uR5a6a6YKu566x	com.xiaoji.egggame.features.profile/values-zh-rCN/strings.commonMain.cvr	13
com.xiaoji.egggame.features.profile	string	features_profile_center_item_bind_phone	绑定手机号	57uR5a6a5omL5py65Y+3	com.xiaoji.egggame.features.profile/values-zh-rCN/strings.commonMain.cvr	14
com.xiaoji.egggame.features.profile	string	features_profile_center_item_delete_account	注销账号	5rOo6ZSA6LSm5Y+3	com.xiaoji.egggame.features.profile/values-zh-rCN/strings.commonMain.cvr	15
com.xiaoji.egggame.features.profile	string	features_profile_center_item_logout	退出账号	6YCA5Ye66LSm5Y+3	com.xiaoji.egggame.features.profile/values-zh-rCN/strings.commonMain.cvr	16
com.xiaoji.egggame.features.profile	string	features_profile_center_item_redeem_center	兑换中心	5YWR5o2i5Lit5b+D	com.xiaoji.egggame.features.profile/values-zh-rCN/strings.commonMain.cvr	17
com.xiaoji.egggame.features.profile	string	features_profile_center_logout_message	确定要退出账号吗？	56Gu5a6a6KaB6YCA5Ye66LSm5Y+35ZCX77yf	com.xiaoji.egggame.features.profile/values-zh-rCN/strings.commonMain.cvr	18
com.xiaoji.egggame.features.profile	string	features_profile_center_logout_title	退出账号	6YCA5Ye66LSm5Y+3	com.xiaoji.egggame.features.profile/values-zh-rCN/strings.commonMain.cvr	19
com.xiaoji.egggame.features.profile	string	features_profile_center_not_bound	未绑定	5pyq57uR5a6a	com.xiaoji.egggame.features.profile/values-zh-rCN/strings.commonMain.cvr	20
com.xiaoji.egggame.features.profile	string	features_profile_center_phone_label	手机号	5omL5py65Y+3	com.xiaoji.egggame.features.profile/values-zh-rCN/strings.commonMain.cvr	21
com.xiaoji.egggame.features.profile	string	features_profile_center_qq	QQ	UVE=	com.xiaoji.egggame.features.profile/values-zh-rCN/strings.commonMain.cvr	22
com.xiaoji.egggame.features.profile	string	features_profile_center_third_party	第三方账号	56ys5LiJ5pa56LSm5Y+3	com.xiaoji.egggame.features.profile/values-zh-rCN/strings.commonMain.cvr	23
com.xiaoji.egggame.features.profile	string	features_profile_center_title	账号管理	6LSm5Y+3566h55CG	com.xiaoji.egggame.features.profile/values-zh-rCN/strings.commonMain.cvr	24
com.xiaoji.egggame.features.profile	string	features_profile_center_toast_app_not_installed	当前软件未安装	5b2T5YmN6L2v5Lu25pyq5a6J6KOF	com.xiaoji.egggame.features.profile/values-zh-rCN/strings.commonMain.cvr	25
com.xiaoji.egggame.features.profile	string	features_profile_center_toast_copied	已复制剪贴板	5bey5aSN5Yi25Ymq6LS05p2/	com.xiaoji.egggame.features.profile/values-zh-rCN/strings.commonMain.cvr	26
com.xiaoji.egggame.features.profile	string	features_profile_center_uid_label	UID	VUlE	com.xiaoji.egggame.features.profile/values-zh-rCN/strings.commonMain.cvr	27
com.xiaoji.egggame.features.profile	string	features_profile_center_uid	UID %1$s	VUlEICUxJHM=	com.xiaoji.egggame.features.profile/values-zh-rCN/strings.commonMain.cvr	28
com.xiaoji.egggame.features.profile	string	features_profile_center_unbind_third_party_message_no_value	是否解绑%1$s ?	5piv5ZCm6Kej57uRJTEkcyA/	com.xiaoji.egggame.features.profile/values-zh-rCN/strings.commonMain.cvr	29
com.xiaoji.egggame.features.profile	string	features_profile_center_unbind_third_party_message	是否解绑%1$s %2$s ?	5piv5ZCm6Kej57uRJTEkcyAlMiRzID8=	com.xiaoji.egggame.features.profile/values-zh-rCN/strings.commonMain.cvr	30
com.xiaoji.egggame.features.profile	string	features_profile_center_wechat	微信	5b6u5L+h	com.xiaoji.egggame.features.profile/values-zh-rCN/strings.commonMain.cvr	31
com.xiaoji.egggame.features.profile	string	features_profile_delete_account_agreement_link	《注销须知》	44CK5rOo6ZSA6aG755+l44CL	com.xiaoji.egggame.features.profile/values-zh-rCN/strings.commonMain.cvr	32
com.xiaoji.egggame.features.profile	string	features_profile_delete_account_agreement	我已阅读并知晓%1$s	5oiR5bey6ZiF6K+75bm255+l5pmTJTEkcw==	com.xiaoji.egggame.features.profile/values-zh-rCN/strings.commonMain.cvr	33
com.xiaoji.egggame.features.profile	string	features_profile_delete_account_apply	申请注销账号：%1$s	55Sz6K+35rOo6ZSA6LSm5Y+377yaJTEkcw==	com.xiaoji.egggame.features.profile/values-zh-rCN/strings.commonMain.cvr	34
com.xiaoji.egggame.features.profile	string	features_profile_delete_account_confirm_dialog_message	确定要注销账号吗？此操作无法撤销。	56Gu5a6a6KaB5rOo6ZSA6LSm5Y+35ZCX77yf5q2k5pON5L2c5peg5rOV5pKk6ZSA44CC	com.xiaoji.egggame.features.profile/values-zh-rCN/strings.commonMain.cvr	35
com.xiaoji.egggame.features.profile	string	features_profile_delete_account_confirm	注销	5rOo6ZSA	com.xiaoji.egggame.features.profile/values-zh-rCN/strings.commonMain.cvr	36
com.xiaoji.egggame.features.profile	string	features_profile_delete_account_item_account_info	账户信息	6LSm5oi35L+h5oGv	com.xiaoji.egggame.features.profile/values-zh-rCN/strings.commonMain.cvr	37
com.xiaoji.egggame.features.profile	string	features_profile_delete_account_item_cloud_backup	配置云备份	6YWN572u5LqR5aSH5Lu9	com.xiaoji.egggame.features.profile/values-zh-rCN/strings.commonMain.cvr	38
com.xiaoji.egggame.features.profile	string	features_profile_delete_account_item_config_manage	我的配置管理	5oiR55qE6YWN572u566h55CG	com.xiaoji.egggame.features.profile/values-zh-rCN/strings.commonMain.cvr	39
com.xiaoji.egggame.features.profile	string	features_profile_delete_account_item_shared_config	我分享的配置	5oiR5YiG5Lqr55qE6YWN572u	com.xiaoji.egggame.features.profile/values-zh-rCN/strings.commonMain.cvr	40
com.xiaoji.egggame.features.profile	string	features_profile_delete_account_toast_success	注销成功	5rOo6ZSA5oiQ5Yqf	com.xiaoji.egggame.features.profile/values-zh-rCN/strings.commonMain.cvr	41
com.xiaoji.egggame.features.profile	string	features_profile_delete_account_warning	账号注销后将无法使用，请谨慎操作！	6LSm5Y+35rOo6ZSA5ZCO5bCG5peg5rOV5L2/55So77yM6K+36LCo5oWO5pON5L2c77yB	com.xiaoji.egggame.features.profile/values-zh-rCN/strings.commonMain.cvr	42
com.xiaoji.egggame.features.profile	string	features_profile_edit_about_hint	写点关于您自己的介绍吧～	5YaZ54K55YWz5LqO5oKo6Ieq5bex55qE5LuL57uN5ZCn772e	com.xiaoji.egggame.features.profile/values-zh-rCN/strings.commonMain.cvr	43
com.xiaoji.egggame.features.profile	string	features_profile_edit_about_label	关于您	5YWz5LqO5oKo	com.xiaoji.egggame.features.profile/values-zh-rCN/strings.commonMain.cvr	44
com.xiaoji.egggame.features.profile	string	features_profile_edit_account_label	账号	6LSm5Y+3	com.xiaoji.egggame.features.profile/values-zh-rCN/strings.commonMain.cvr	45
com.xiaoji.egggame.features.profile	string	features_profile_edit_account_tip	请输入账号	6K+36L6T5YWl6LSm5Y+3	com.xiaoji.egggame.features.profile/values-zh-rCN/strings.commonMain.cvr	46
com.xiaoji.egggame.features.profile	string	features_profile_edit_button_save	保存修改	5L+d5a2Y5L+u5pS5	com.xiaoji.egggame.features.profile/values-zh-rCN/strings.commonMain.cvr	47
com.xiaoji.egggame.features.profile	string	features_profile_edit_title	编辑个人资料	57yW6L6R5Liq5Lq66LWE5paZ	com.xiaoji.egggame.features.profile/values-zh-rCN/strings.commonMain.cvr	48
com.xiaoji.egggame.features.profile	string	features_profile_edit_toast_saved	已保存	5bey5L+d5a2Y	com.xiaoji.egggame.features.profile/values-zh-rCN/strings.commonMain.cvr	49
com.xiaoji.egggame.features.profile	string	features_profile_edit_toast_username_empty	请输入用户名	6K+36L6T5YWl55So5oi35ZCN	com.xiaoji.egggame.features.profile/values-zh-rCN/strings.commonMain.cvr	50
com.xiaoji.egggame.features.profile	string	features_profile_edit_username_hint	请输入用户名	6K+36L6T5YWl55So5oi35ZCN	com.xiaoji.egggame.features.profile/values-zh-rCN/strings.commonMain.cvr	51
com.xiaoji.egggame.features.profile	string	features_profile_edit_username_label	用户名	55So5oi35ZCN	com.xiaoji.egggame.features.profile/values-zh-rCN/strings.commonMain.cvr	52
com.xiaoji.egggame.features.profile	string	features_profile_send_email_button_send	获取验证码	6I635Y+W6aqM6K+B56CB	com.xiaoji.egggame.features.profile/values-zh-rCN/strings.commonMain.cvr	53
com.xiaoji.egggame.features.profile	string	features_profile_send_email_button_verify	绑定	57uR5a6a	com.xiaoji.egggame.features.profile/values-zh-rCN/strings.commonMain.cvr	54
com.xiaoji.egggame.features.profile	string	features_profile_send_email_code_placeholder	输入邮箱验证码	6L6T5YWl6YKu566x6aqM6K+B56CB	com.xiaoji.egggame.features.profile/values-zh-rCN/strings.commonMain.cvr	55
com.xiaoji.egggame.features.profile	string	features_profile_send_email_hint_change	请输入邮箱地址以接收验证码	6K+36L6T5YWl6YKu566x5Zyw5Z2A5Lul5o6l5pS26aqM6K+B56CB	com.xiaoji.egggame.features.profile/values-zh-rCN/strings.commonMain.cvr	56
com.xiaoji.egggame.features.profile	string	features_profile_send_email_input_hint	请输入邮箱地址	6K+36L6T5YWl6YKu566x5Zyw5Z2A	com.xiaoji.egggame.features.profile/values-zh-rCN/strings.commonMain.cvr	57
com.xiaoji.egggame.features.profile	string	features_profile_send_email_invalid	请输入正确的邮箱	6K+36L6T5YWl5q2j56Gu55qE6YKu566x	com.xiaoji.egggame.features.profile/values-zh-rCN/strings.commonMain.cvr	58
com.xiaoji.egggame.features.profile	string	features_profile_send_email_title_change_bound	更换绑定邮箱	5pu05o2i57uR5a6a6YKu566x	com.xiaoji.egggame.features.profile/values-zh-rCN/strings.commonMain.cvr	59
com.xiaoji.egggame.features.profile	string	features_profile_send_email_title_change	绑定邮箱	57uR5a6a6YKu566x	com.xiaoji.egggame.features.profile/values-zh-rCN/strings.commonMain.cvr	60
com.xiaoji.egggame.features.profile	string	features_profile_send_email_toast_please_get_code	请先获取验证码	6K+35YWI6I635Y+W6aqM6K+B56CB	com.xiaoji.egggame.features.profile/values-zh-rCN/strings.commonMain.cvr	61
com.xiaoji.egggame.features.profile	string	features_profile_send_email_toast_please_input_code	请输入验证码	6K+36L6T5YWl6aqM6K+B56CB	com.xiaoji.egggame.features.profile/values-zh-rCN/strings.commonMain.cvr	62
com.xiaoji.egggame.features.profile	string	features_profile_send_email_toast_please_input_email	请输入邮箱地址	6K+36L6T5YWl6YKu566x5Zyw5Z2A	com.xiaoji.egggame.features.profile/values-zh-rCN/strings.commonMain.cvr	63
com.xiaoji.egggame.features.profile	string	features_profile_send_sms_button_send	获取验证码	6I635Y+W6aqM6K+B56CB	com.xiaoji.egggame.features.profile/values-zh-rCN/strings.commonMain.cvr	64
com.xiaoji.egggame.features.profile	string	features_profile_send_sms_button_verify	绑定	57uR5a6a	com.xiaoji.egggame.features.profile/values-zh-rCN/strings.commonMain.cvr	65
com.xiaoji.egggame.features.profile	string	features_profile_send_sms_code_placeholder	输入手机验证码	6L6T5YWl5omL5py66aqM6K+B56CB	com.xiaoji.egggame.features.profile/values-zh-rCN/strings.commonMain.cvr	66
com.xiaoji.egggame.features.profile	string	features_profile_send_sms_hint_bind_mobile	必须通过手机接收的验证码来验证您的身份	5b+F6aG76YCa6L+H5omL5py65o6l5pS255qE6aqM6K+B56CB5p2l6aqM6K+B5oKo55qE6Lqr5Lu9	com.xiaoji.egggame.features.profile/values-zh-rCN/strings.commonMain.cvr	67
com.xiaoji.egggame.features.profile	string	features_profile_send_sms_hint_change_mobile	输入新的手机号并验证后即可完成修改	6L6T5YWl5paw55qE5omL5py65Y+35bm26aqM6K+B5ZCO5Y2z5Y+v5a6M5oiQ5L+u5pS5	com.xiaoji.egggame.features.profile/values-zh-rCN/strings.commonMain.cvr	68
com.xiaoji.egggame.features.profile	string	features_profile_send_sms_title_bind_mobile	绑定手机号	57uR5a6a5omL5py65Y+3	com.xiaoji.egggame.features.profile/values-zh-rCN/strings.commonMain.cvr	69
com.xiaoji.egggame.features.profile	string	features_profile_send_sms_title_change_mobile	更换绑定手机号	5pu05o2i57uR5a6a5omL5py65Y+3	com.xiaoji.egggame.features.profile/values-zh-rCN/strings.commonMain.cvr	70
com.xiaoji.egggame.features.profile	string	features_profile_send_sms_toast_please_get_code	请先获取验证码	6K+35YWI6I635Y+W6aqM6K+B56CB	com.xiaoji.egggame.features.profile/values-zh-rCN/strings.commonMain.cvr	71
com.xiaoji.egggame.features.profile	string	features_profile_send_sms_toast_please_input_code	请输入验证码	6K+36L6T5YWl6aqM6K+B56CB	com.xiaoji.egggame.features.profile/values-zh-rCN/strings.commonMain.cvr	72
com.xiaoji.egggame.features.profile	string	features_profile_send_sms_toast_please_input_phone	请输入手机号码	6K+36L6T5YWl5omL5py65Y+356CB	com.xiaoji.egggame.features.profile/values-zh-rCN/strings.commonMain.cvr	73
com.xiaoji.egggame.features.profile	string	features_profile_verify_email_button_resend_timer	重新获取验证码(%1$ds)	6YeN5paw6I635Y+W6aqM6K+B56CBKCUxJGRzKQ==	com.xiaoji.egggame.features.profile/values-zh-rCN/strings.commonMain.cvr	74
com.xiaoji.egggame.features.profile	string	features_profile_verify_email_button_resend	重新获取验证码	6YeN5paw6I635Y+W6aqM6K+B56CB	com.xiaoji.egggame.features.profile/values-zh-rCN/strings.commonMain.cvr	75
com.xiaoji.egggame.features.profile	string	features_profile_verify_email_hint_sent_to	验证码已发送至 %1$s	6aqM6K+B56CB5bey5Y+R6YCB6IezICUxJHM=	com.xiaoji.egggame.features.profile/values-zh-rCN/strings.commonMain.cvr	76
com.xiaoji.egggame.features.profile	string	features_profile_verify_email_toast_success	邮箱绑定成功	6YKu566x57uR5a6a5oiQ5Yqf	com.xiaoji.egggame.features.profile/values-zh-rCN/strings.commonMain.cvr	77
com.xiaoji.egggame.features.profile	string	features_profile_verify_id_adult	成年	5oiQ5bm0	com.xiaoji.egggame.features.profile/values-zh-rCN/strings.commonMain.cvr	78
com.xiaoji.egggame.features.profile	string	features_profile_verify_id_age_unknown	--	LS0=	com.xiaoji.egggame.features.profile/values-zh-rCN/strings.commonMain.cvr	79
com.xiaoji.egggame.features.profile	string	features_profile_verify_id_age_value	%1$d岁	JTEkZOWygQ==	com.xiaoji.egggame.features.profile/values-zh-rCN/strings.commonMain.cvr	80
com.xiaoji.egggame.features.profile	string	features_profile_verify_id_age	认证年龄	6K6k6K+B5bm06b6E	com.xiaoji.egggame.features.profile/values-zh-rCN/strings.commonMain.cvr	81
com.xiaoji.egggame.features.profile	string	features_profile_verify_id_confirm_cancel	取消	5Y+W5raI	com.xiaoji.egggame.features.profile/values-zh-rCN/strings.commonMain.cvr	82
com.xiaoji.egggame.features.profile	string	features_profile_verify_id_confirm_message	已知晓并同意实名认证信息(姓名、身份证号码)将用于未成年人游戏防沉迷管理	5bey55+l5pmT5bm25ZCM5oSP5a6e5ZCN6K6k6K+B5L+h5oGvKOWnk+WQjeOAgei6q+S7veivgeWPt+eggSnlsIbnlKjkuo7mnKrmiJDlubTkurrmuLjmiI/pmLLmsonov7fnrqHnkIY=	com.xiaoji.egggame.features.profile/values-zh-rCN/strings.commonMain.cvr	83
com.xiaoji.egggame.features.profile	string	features_profile_verify_id_confirm_submit	同意并提交	5ZCM5oSP5bm25o+Q5Lqk	com.xiaoji.egggame.features.profile/values-zh-rCN/strings.commonMain.cvr	84
com.xiaoji.egggame.features.profile	string	features_profile_verify_id_confirm_title	温馨提示	5rip6aao5o+Q56S6	com.xiaoji.egggame.features.profile/values-zh-rCN/strings.commonMain.cvr	85
com.xiaoji.egggame.features.profile	string	features_profile_verify_id_hint	你提供的信息仅用于盖世游戏实名认证	5L2g5o+Q5L6b55qE5L+h5oGv5LuF55So5LqO55uW5LiW5ri45oiP5a6e5ZCN6K6k6K+B	com.xiaoji.egggame.features.profile/values-zh-rCN/strings.commonMain.cvr	86
com.xiaoji.egggame.features.profile	string	features_profile_verify_id_id_card_label	身份证号	6Lqr5Lu96K+B5Y+3	com.xiaoji.egggame.features.profile/values-zh-rCN/strings.commonMain.cvr	87
com.xiaoji.egggame.features.profile	string	features_profile_verify_id_id_card_placeholder	请输入你18位的身份证号码	6K+36L6T5YWl5L2gMTjkvY3nmoTouqvku73or4Hlj7fnoIE=	com.xiaoji.egggame.features.profile/values-zh-rCN/strings.commonMain.cvr	88
com.xiaoji.egggame.features.profile	string	features_profile_verify_id_id_card	身份证号	6Lqr5Lu96K+B5Y+3	com.xiaoji.egggame.features.profile/values-zh-rCN/strings.commonMain.cvr	89
com.xiaoji.egggame.features.profile	string	features_profile_verify_id_minor	未成年	5pyq5oiQ5bm0	com.xiaoji.egggame.features.profile/values-zh-rCN/strings.commonMain.cvr	90
com.xiaoji.egggame.features.profile	string	features_profile_verify_id_notice	已知晓信息（姓名、身份证号）仅用于实名认证	5bey55+l5pmT5L+h5oGv77yI5aeT5ZCN44CB6Lqr5Lu96K+B5Y+377yJ5LuF55So5LqO5a6e5ZCN6K6k6K+B	com.xiaoji.egggame.features.profile/values-zh-rCN/strings.commonMain.cvr	91
com.xiaoji.egggame.features.profile	string	features_profile_verify_id_real_name_label	真实姓名	55yf5a6e5aeT5ZCN	com.xiaoji.egggame.features.profile/values-zh-rCN/strings.commonMain.cvr	92
com.xiaoji.egggame.features.profile	string	features_profile_verify_id_real_name_placeholder	请输入你的真实姓名	6K+36L6T5YWl5L2g55qE55yf5a6e5aeT5ZCN	com.xiaoji.egggame.features.profile/values-zh-rCN/strings.commonMain.cvr	93
com.xiaoji.egggame.features.profile	string	features_profile_verify_id_real_name	真实姓名	55yf5a6e5aeT5ZCN	com.xiaoji.egggame.features.profile/values-zh-rCN/strings.commonMain.cvr	94
com.xiaoji.egggame.features.profile	string	features_profile_verify_id_submit	立即提交	56uL5Y2z5o+Q5Lqk	com.xiaoji.egggame.features.profile/values-zh-rCN/strings.commonMain.cvr	95
com.xiaoji.egggame.features.profile	string	features_profile_verify_id_success_dialog_confirm	我知道了	5oiR55+l6YGT5LqG	com.xiaoji.egggame.features.profile/values-zh-rCN/strings.commonMain.cvr	96
com.xiaoji.egggame.features.profile	string	features_profile_verify_id_success_dialog_message	实名认证成功	5a6e5ZCN6K6k6K+B5oiQ5Yqf	com.xiaoji.egggame.features.profile/values-zh-rCN/strings.commonMain.cvr	97
com.xiaoji.egggame.features.profile	string	features_profile_verify_id_success_dialog_title	温馨提示	5rip6aao5o+Q56S6	com.xiaoji.egggame.features.profile/values-zh-rCN/strings.commonMain.cvr	98
com.xiaoji.egggame.features.profile	string	features_profile_verify_id_success_subtitle	该信息仅自己可见	6K+l5L+h5oGv5LuF6Ieq5bex5Y+v6KeB	com.xiaoji.egggame.features.profile/values-zh-rCN/strings.commonMain.cvr	99
com.xiaoji.egggame.features.profile	string	features_profile_verify_id_success_title	实名认证成功	5a6e5ZCN6K6k6K+B5oiQ5Yqf	com.xiaoji.egggame.features.profile/values-zh-rCN/strings.commonMain.cvr	100
com.xiaoji.egggame.features.profile	string	features_profile_verify_id_title	实名认证	5a6e5ZCN6K6k6K+B	com.xiaoji.egggame.features.profile/values-zh-rCN/strings.commonMain.cvr	101
com.xiaoji.egggame.features.profile	string	features_profile_verify_id_toast_id_card_invalid	身份证号前17位为数字，末位可为数字或X	6Lqr5Lu96K+B5Y+35YmNMTfkvY3kuLrmlbDlrZfvvIzmnKvkvY3lj6/kuLrmlbDlrZfmiJZY	com.xiaoji.egggame.features.profile/values-zh-rCN/strings.commonMain.cvr	102
com.xiaoji.egggame.features.profile	string	features_profile_verify_id_toast_id_card_length	身份证号长度固定18位	6Lqr5Lu96K+B5Y+36ZW/5bqm5Zu65a6aMTjkvY0=	com.xiaoji.egggame.features.profile/values-zh-rCN/strings.commonMain.cvr	103
com.xiaoji.egggame.features.profile	string	features_profile_verify_id_toast_id_card_required	请输入身份证号	6K+36L6T5YWl6Lqr5Lu96K+B5Y+3	com.xiaoji.egggame.features.profile/values-zh-rCN/strings.commonMain.cvr	104
com.xiaoji.egggame.features.profile	string	features_profile_verify_id_toast_real_name_invalid	真实姓名仅支持中文字符及分隔符	55yf5a6e5aeT5ZCN5LuF5pSv5oyB5Lit5paH5a2X56ym5Y+K5YiG6ZqU56ym	com.xiaoji.egggame.features.profile/values-zh-rCN/strings.commonMain.cvr	105
com.xiaoji.egggame.features.profile	string	features_profile_verify_id_toast_real_name_length	真实姓名长度需大于等于2个字符	55yf5a6e5aeT5ZCN6ZW/5bqm6ZyA5aSn5LqO562J5LqOMuS4quWtl+espg==	com.xiaoji.egggame.features.profile/values-zh-rCN/strings.commonMain.cvr	106
com.xiaoji.egggame.features.profile	string	features_profile_verify_id_toast_real_name_required	请输入你的真实姓名	6K+36L6T5YWl5L2g55qE55yf5a6e5aeT5ZCN	com.xiaoji.egggame.features.profile/values-zh-rCN/strings.commonMain.cvr	107
com.xiaoji.egggame.features.profile	string	features_profile_verify_id_toast_submit_failed	实名认证提交失败，请稍后重试	5a6e5ZCN6K6k6K+B5o+Q5Lqk5aSx6LSl77yM6K+356iN5ZCO6YeN6K+V	com.xiaoji.egggame.features.profile/values-zh-rCN/strings.commonMain.cvr	108
com.xiaoji.egggame.features.profile	string	features_profile_verify_id_toast_submit_pending	实名认证信息已提交，请稍后查看结果	5a6e5ZCN6K6k6K+B5L+h5oGv5bey5o+Q5Lqk77yM6K+356iN5ZCO5p+l55yL57uT5p6c	com.xiaoji.egggame.features.profile/values-zh-rCN/strings.commonMain.cvr	109
com.xiaoji.egggame.features.profile	string	features_profile_verify_sms_button_resend_timer	获取验证码(%1$ds)	6I635Y+W6aqM6K+B56CBKCUxJGRzKQ==	com.xiaoji.egggame.features.profile/values-zh-rCN/strings.commonMain.cvr	110
com.xiaoji.egggame.features.profile	string	features_profile_verify_sms_button_resend	重新获取验证码	6YeN5paw6I635Y+W6aqM6K+B56CB	com.xiaoji.egggame.features.profile/values-zh-rCN/strings.commonMain.cvr	111
com.xiaoji.egggame.features.profile	string	features_profile_verify_sms_hint_sent_to	验证码已发送至 %1$s	6aqM6K+B56CB5bey5Y+R6YCB6IezICUxJHM=	com.xiaoji.egggame.features.profile/values-zh-rCN/strings.commonMain.cvr	112
com.xiaoji.egggame.features.profile	string	features_profile_verify_sms_toast_success_bind	绑定成功	57uR5a6a5oiQ5Yqf	com.xiaoji.egggame.features.profile/values-zh-rCN/strings.commonMain.cvr	113
com.xiaoji.egggame.features.profile	string	features_profile_verify_sms_toast_success_change	手机号修改成功	5omL5py65Y+35L+u5pS55oiQ5Yqf	com.xiaoji.egggame.features.profile/values-zh-rCN/strings.commonMain.cvr	114
com.xiaoji.egggame.features.search	string	features_home_leaderboard_filter_action	动作	5Yqo5L2c	com.xiaoji.egggame.features.search/values-zh-rCN/strings.commonMain.cvr	2
com.xiaoji.egggame.features.search	string	features_home_leaderboard_filter_adventure	冒险	5YaS6Zmp	com.xiaoji.egggame.features.search/values-zh-rCN/strings.commonMain.cvr	3
com.xiaoji.egggame.features.search	string	features_home_leaderboard_filter_long_term_hot	长期热门	6ZW/5pyf54Ot6Zeo	com.xiaoji.egggame.features.search/values-zh-rCN/strings.commonMain.cvr	4
com.xiaoji.egggame.features.search	string	features_home_leaderboard_filter_recent_hot	近期热门	6L+R5pyf54Ot6Zeo	com.xiaoji.egggame.features.search/values-zh-rCN/strings.commonMain.cvr	5
com.xiaoji.egggame.features.search	string	features_home_leaderboard_filter_simulation	模拟	5qih5ouf	com.xiaoji.egggame.features.search/values-zh-rCN/strings.commonMain.cvr	6
com.xiaoji.egggame.features.search	string	features_home_leaderboard_subtitle	最近7天玩家中热度最高的游戏\n每10分钟更新	5pyA6L+RN+WkqeeOqeWutuS4reeDreW6puacgOmrmOeahOa4uOaIjwrmr48xMOWIhumSn+abtOaWsA==	com.xiaoji.egggame.features.search/values-zh-rCN/strings.commonMain.cvr	7
com.xiaoji.egggame.features.search	string	features_home_leaderboard_title	盖世热门榜	55uW5LiW54Ot6Zeo5qac	com.xiaoji.egggame.features.search/values-zh-rCN/strings.commonMain.cvr	8
com.xiaoji.egggame.features.search	string	features_home_leaderboard_type_hot	热门榜	54Ot6Zeo5qac	com.xiaoji.egggame.features.search/values-zh-rCN/strings.commonMain.cvr	9
com.xiaoji.egggame.features.search	string	features_home_leaderboard_type_instant	秒玩榜	56eS546p5qac	com.xiaoji.egggame.features.search/values-zh-rCN/strings.commonMain.cvr	10
com.xiaoji.egggame.features.search	string	features_home_leaderboard_type_soaring	飙升榜	6aOZ5Y2H5qac	com.xiaoji.egggame.features.search/values-zh-rCN/strings.commonMain.cvr	11
com.xiaoji.egggame.features.search	string	features_search_back	返回	6L+U5Zue	com.xiaoji.egggame.features.search/values-zh-rCN/strings.commonMain.cvr	12
com.xiaoji.egggame.features.search	string	features_search_card_in_library	在游戏库中	5Zyo5ri45oiP5bqT5Lit	com.xiaoji.egggame.features.search/values-zh-rCN/strings.commonMain.cvr	13
com.xiaoji.egggame.features.search	string	features_search_card_play	秒玩	56eS546p	com.xiaoji.egggame.features.search/values-zh-rCN/strings.commonMain.cvr	14
com.xiaoji.egggame.features.search	string	features_search_history_clear_content	确定清除所有历史搜索记录吗？	56Gu5a6a5riF6Zmk5omA5pyJ5Y6G5Y+y5pCc57Si6K6w5b2V5ZCX77yf	com.xiaoji.egggame.features.search/values-zh-rCN/strings.commonMain.cvr	15
com.xiaoji.egggame.features.search	string	features_search_history_clear_title	清除历史搜索	5riF6Zmk5Y6G5Y+y5pCc57Si	com.xiaoji.egggame.features.search/values-zh-rCN/strings.commonMain.cvr	16
com.xiaoji.egggame.features.search	string	features_search_history_delete	删除	5Yig6Zmk	com.xiaoji.egggame.features.search/values-zh-rCN/strings.commonMain.cvr	17
com.xiaoji.egggame.features.search	string	features_search_history_fold	折叠	5oqY5Y+g	com.xiaoji.egggame.features.search/values-zh-rCN/strings.commonMain.cvr	18
com.xiaoji.egggame.features.search	string	features_search_history_title	历史记录	5Y6G5Y+y6K6w5b2V	com.xiaoji.egggame.features.search/values-zh-rCN/strings.commonMain.cvr	19
com.xiaoji.egggame.features.search	string	features_search_hot_recommend	热游推荐	54Ot5ri45o6o6I2Q	com.xiaoji.egggame.features.search/values-zh-rCN/strings.commonMain.cvr	20
com.xiaoji.egggame.features.search	string	features_search_input_hint	搜索游戏名	5pCc57Si5ri45oiP5ZCN	com.xiaoji.egggame.features.search/values-zh-rCN/strings.commonMain.cvr	21
com.xiaoji.egggame.features.search	string	features_search_loaded_all_prefix	已加载全部（共	5bey5Yqg6L295YWo6YOo77yI5YWx	com.xiaoji.egggame.features.search/values-zh-rCN/strings.commonMain.cvr	22
com.xiaoji.egggame.features.search	string	features_search_loaded_all_suffix	个）	5Liq77yJ	com.xiaoji.egggame.features.search/values-zh-rCN/strings.commonMain.cvr	23
com.xiaoji.egggame.features.search	string	features_search_loaded_no_data_tip	换个关键字试试吧~	5o2i5Liq5YWz6ZSu5a2X6K+V6K+V5ZCnfg==	com.xiaoji.egggame.features.search/values-zh-rCN/strings.commonMain.cvr	24
com.xiaoji.egggame.features.search	string	features_search_loaded_no_data	没有发现游戏	5rKh5pyJ5Y+R546w5ri45oiP	com.xiaoji.egggame.features.search/values-zh-rCN/strings.commonMain.cvr	25
com.xiaoji.egggame.features.search	string	features_search_loaded_no_network	网络连接断开，请检查网络~	572R57uc6L+e5o6l5pat5byA77yM6K+35qOA5p+l572R57ucfg==	com.xiaoji.egggame.features.search/values-zh-rCN/strings.commonMain.cvr	26
com.xiaoji.egggame.features.search	string	features_search_loaded_restart	重试	6YeN6K+V	com.xiaoji.egggame.features.search/values-zh-rCN/strings.commonMain.cvr	27
com.xiaoji.egggame.features.search	string	features_search_no_result	没有找到相关游戏	5rKh5pyJ5om+5Yiw55u45YWz5ri45oiP	com.xiaoji.egggame.features.search/values-zh-rCN/strings.commonMain.cvr	28
com.xiaoji.egggame.features.search	string	features_search_popular_title	热门搜索	54Ot6Zeo5pCc57Si	com.xiaoji.egggame.features.search/values-zh-rCN/strings.commonMain.cvr	29
com.xiaoji.egggame.features.search	string	features_search_private_room_cancel	取消	5Y+W5raI	com.xiaoji.egggame.features.search/values-zh-rCN/strings.commonMain.cvr	30
com.xiaoji.egggame.features.search	string	features_search_private_room_confirm	加入	5Yqg5YWl	com.xiaoji.egggame.features.search/values-zh-rCN/strings.commonMain.cvr	31
com.xiaoji.egggame.features.search	string	features_search_private_room_placeholder	请输入密码	6K+36L6T5YWl5a+G56CB	com.xiaoji.egggame.features.search/values-zh-rCN/strings.commonMain.cvr	32
com.xiaoji.egggame.features.search	string	features_search_private_room_title	请输入房间密码	6K+36L6T5YWl5oi/6Ze05a+G56CB	com.xiaoji.egggame.features.search/values-zh-rCN/strings.commonMain.cvr	33
com.xiaoji.egggame.features.search	string	features_search_tab_all	全部	5YWo6YOo	com.xiaoji.egggame.features.search/values-zh-rCN/strings.commonMain.cvr	34
com.xiaoji.egggame.features.search	string	features_search_tab_cloud	云游戏	5LqR5ri45oiP	com.xiaoji.egggame.features.search/values-zh-rCN/strings.commonMain.cvr	35
com.xiaoji.egggame.features.search	string	features_search_tab_library	复古游戏	5aSN5Y+k5ri45oiP	com.xiaoji.egggame.features.search/values-zh-rCN/strings.commonMain.cvr	36
com.xiaoji.egggame.features.search	string	features_search_tab_pc	PC游戏	UEPmuLjmiI8=	com.xiaoji.egggame.features.search/values-zh-rCN/strings.commonMain.cvr	37
com.xiaoji.egggame.features.search	string	features_search_tab_team_play	云游组队玩	5LqR5ri457uE6Zif546p	com.xiaoji.egggame.features.search/values-zh-rCN/strings.commonMain.cvr	38
com.xiaoji.egggame.features.search	string	features_search_team_create_room_failed	创建房间失败，请稍后再试	5Yib5bu65oi/6Ze05aSx6LSl77yM6K+356iN5ZCO5YaN6K+V	com.xiaoji.egggame.features.search/values-zh-rCN/strings.commonMain.cvr	39
com.xiaoji.egggame.features.search	string	features_search_team_create_room_in_room	你已在房间中，请先解散或退出当前房间	5L2g5bey5Zyo5oi/6Ze05Lit77yM6K+35YWI6Kej5pWj5oiW6YCA5Ye65b2T5YmN5oi/6Ze0	com.xiaoji.egggame.features.search/values-zh-rCN/strings.commonMain.cvr	40
com.xiaoji.egggame.features.search	string	features_search_team_create_room_name_default	来不及解释了，快加入房间！	5p2l5LiN5Y+K6Kej6YeK5LqG77yM5b+r5Yqg5YWl5oi/6Ze077yB	com.xiaoji.egggame.features.search/values-zh-rCN/strings.commonMain.cvr	41
com.xiaoji.egggame.features.search	string	features_search_team_games_title	可组队的云游戏	5Y+v57uE6Zif55qE5LqR5ri45oiP	com.xiaoji.egggame.features.search/values-zh-rCN/strings.commonMain.cvr	42
com.xiaoji.egggame.features.search	string	features_search_team_join_failed	暂无可加入的房间	5pqC5peg5Y+v5Yqg5YWl55qE5oi/6Ze0	com.xiaoji.egggame.features.search/values-zh-rCN/strings.commonMain.cvr	43
com.xiaoji.egggame.features.search	string	features_search_team_join_success	已加入 %1$s	5bey5Yqg5YWlICUxJHM=	com.xiaoji.egggame.features.search/values-zh-rCN/strings.commonMain.cvr	44
com.xiaoji.egggame.features.search	string	features_search_team_members_tag	%1$d-%2$d人	JTEkZC0lMiRk5Lq6	com.xiaoji.egggame.features.search/values-zh-rCN/strings.commonMain.cvr	45
com.xiaoji.egggame.features.search	string	features_search_team_quick_join_searching	正在为你寻找合适房间…	5q2j5Zyo5Li65L2g5a+75om+5ZCI6YCC5oi/6Ze04oCm	com.xiaoji.egggame.features.search/values-zh-rCN/strings.commonMain.cvr	46
com.xiaoji.egggame.features.search	string	features_search_team_recharge_guide_cancel	稍后再说	56iN5ZCO5YaN6K+0	com.xiaoji.egggame.features.search/values-zh-rCN/strings.commonMain.cvr	47
com.xiaoji.egggame.features.search	string	features_search_team_recharge_guide_confirm	立即充值	56uL5Y2z5YWF5YC8	com.xiaoji.egggame.features.search/values-zh-rCN/strings.commonMain.cvr	48
com.xiaoji.egggame.features.search	string	features_search_team_recharge_guide_message	当前剩余时长不足10分钟,请先充值。	5b2T5YmN5Ymp5L2Z5pe26ZW/5LiN6LazMTDliIbpkp8s6K+35YWI5YWF5YC844CC	com.xiaoji.egggame.features.search/values-zh-rCN/strings.commonMain.cvr	49
com.xiaoji.egggame.features.search	string	features_search_team_recharge_guide_title	秒玩时长不足	56eS546p5pe26ZW/5LiN6Laz	com.xiaoji.egggame.features.search/values-zh-rCN/strings.commonMain.cvr	50
com.xiaoji.egggame.features.search	string	features_search_team_rooms_title	组队中的云游戏房间	57uE6Zif5Lit55qE5LqR5ri45oiP5oi/6Ze0	com.xiaoji.egggame.features.search/values-zh-rCN/strings.commonMain.cvr	51
com.xiaoji.egggame.features.search	string	features_search_team_view_more	查看更多	5p+l55yL5pu05aSa	com.xiaoji.egggame.features.search/values-zh-rCN/strings.commonMain.cvr	52
com.xiaoji.egggame.features.search	string	features_search_teamplay_private	私密	56eB5a+G	com.xiaoji.egggame.features.search/values-zh-rCN/strings.commonMain.cvr	53
com.xiaoji.egggame.features.search	string	features_search_teamplay_rooms_count	%1$d 房间	JTEkZCDmiL/pl7Q=	com.xiaoji.egggame.features.search/values-zh-rCN/strings.commonMain.cvr	54
com.xiaoji.egggame.features.search	string	features_search_try_different_keyword	尝试使用不同的关键词搜索	5bCd6K+V5L2/55So5LiN5ZCM55qE5YWz6ZSu6K+N5pCc57Si	com.xiaoji.egggame.features.search/values-zh-rCN/strings.commonMain.cvr	55
com.xiaoji.egggame.features.setting	string	features_setting_about_already_latest	当前已是最新版本~	5b2T5YmN5bey5piv5pyA5paw54mI5pysfg==	com.xiaoji.egggame.features.setting/values-zh-rCN/strings.commonMain.cvr	2
com.xiaoji.egggame.features.setting	string	features_setting_about_check_update	检查更新	5qOA5p+l5pu05paw	com.xiaoji.egggame.features.setting/values-zh-rCN/strings.commonMain.cvr	3
com.xiaoji.egggame.features.setting	string	features_setting_about_check_version_failed	获取失败	6I635Y+W5aSx6LSl	com.xiaoji.egggame.features.setting/values-zh-rCN/strings.commonMain.cvr	4
com.xiaoji.egggame.features.setting	string	features_setting_about_checking_version	正在获取最新版本	5q2j5Zyo6I635Y+W5pyA5paw54mI5pys	com.xiaoji.egggame.features.setting/values-zh-rCN/strings.commonMain.cvr	5
com.xiaoji.egggame.features.setting	string	features_setting_about_current_version	当前版本 %1$s	5b2T5YmN54mI5pysICUxJHM=	com.xiaoji.egggame.features.setting/values-zh-rCN/strings.commonMain.cvr	6
com.xiaoji.egggame.features.setting	string	features_setting_about_device_info	本机信息	5pys5py65L+h5oGv	com.xiaoji.egggame.features.setting/values-zh-rCN/strings.commonMain.cvr	7
com.xiaoji.egggame.features.setting	string	features_setting_about_download_progress	下载进度: %1$d%	5LiL6L296L+b5bqmOiAlMSRkJQ==	com.xiaoji.egggame.features.setting/values-zh-rCN/strings.commonMain.cvr	8
com.xiaoji.egggame.features.setting	string	features_setting_about_downloading	下载中...	5LiL6L295LitLi4u	com.xiaoji.egggame.features.setting/values-zh-rCN/strings.commonMain.cvr	9
com.xiaoji.egggame.features.setting	string	features_setting_about_install_now	立即安装	56uL5Y2z5a6J6KOF	com.xiaoji.egggame.features.setting/values-zh-rCN/strings.commonMain.cvr	10
com.xiaoji.egggame.features.setting	string	features_setting_about_latest_version	已是最新版本	5bey5piv5pyA5paw54mI5pys	com.xiaoji.egggame.features.setting/values-zh-rCN/strings.commonMain.cvr	11
com.xiaoji.egggame.features.setting	string	features_setting_about_new_badge	新	5paw	com.xiaoji.egggame.features.setting/values-zh-rCN/strings.commonMain.cvr	12
com.xiaoji.egggame.features.setting	string	features_setting_about_personal_info_collection	个人信息收集清单	5Liq5Lq65L+h5oGv5pS26ZuG5riF5Y2V	com.xiaoji.egggame.features.setting/values-zh-rCN/strings.commonMain.cvr	13
com.xiaoji.egggame.features.setting	string	features_setting_about_privacy_policy	隐私政策	6ZqQ56eB5pS/562W	com.xiaoji.egggame.features.setting/values-zh-rCN/strings.commonMain.cvr	14
com.xiaoji.egggame.features.setting	string	features_setting_about_retry	重试	6YeN6K+V	com.xiaoji.egggame.features.setting/values-zh-rCN/strings.commonMain.cvr	15
com.xiaoji.egggame.features.setting	string	features_setting_about_third_party_info_sharing	第三方信息共享清单	56ys5LiJ5pa55L+h5oGv5YWx5Lqr5riF5Y2V	com.xiaoji.egggame.features.setting/values-zh-rCN/strings.commonMain.cvr	16
com.xiaoji.egggame.features.setting	string	features_setting_about_update_now	立即更新	56uL5Y2z5pu05paw	com.xiaoji.egggame.features.setting/values-zh-rCN/strings.commonMain.cvr	17
com.xiaoji.egggame.features.setting	string	features_setting_about_user_agreement	用户协议	55So5oi35Y2P6K6u	com.xiaoji.egggame.features.setting/values-zh-rCN/strings.commonMain.cvr	18
com.xiaoji.egggame.features.setting	string	features_setting_about	关于	5YWz5LqO	com.xiaoji.egggame.features.setting/values-zh-rCN/strings.commonMain.cvr	19
com.xiaoji.egggame.features.setting	string	features_setting_account_manage	账号管理	6LSm5Y+3566h55CG	com.xiaoji.egggame.features.setting/values-zh-rCN/strings.commonMain.cvr	20
com.xiaoji.egggame.features.setting	string	features_setting_clear_cache_success	清理成功	5riF55CG5oiQ5Yqf	com.xiaoji.egggame.features.setting/values-zh-rCN/strings.commonMain.cvr	21
com.xiaoji.egggame.features.setting	string	features_setting_clear_cache	清理缓存	5riF55CG57yT5a2Y	com.xiaoji.egggame.features.setting/values-zh-rCN/strings.commonMain.cvr	22
com.xiaoji.egggame.features.setting	string	features_setting_common_redemption_confirm	立即兑换	56uL5Y2z5YWR5o2i	com.xiaoji.egggame.features.setting/values-zh-rCN/strings.commonMain.cvr	23
com.xiaoji.egggame.features.setting	string	features_setting_common_redemption_input_placeholder	请输入兑换码	6K+36L6T5YWl5YWR5o2i56CB	com.xiaoji.egggame.features.setting/values-zh-rCN/strings.commonMain.cvr	24
com.xiaoji.egggame.features.setting	string	features_setting_common_redemption_rule_1	券码只能兑换一次，不可重复使用	5Yi456CB5Y+q6IO95YWR5o2i5LiA5qyh77yM5LiN5Y+v6YeN5aSN5L2/55So	com.xiaoji.egggame.features.setting/values-zh-rCN/strings.commonMain.cvr	25
com.xiaoji.egggame.features.setting	string	features_setting_common_redemption_rule_2	兑换成功后，游戏时长将更新，无法退还。	5YWR5o2i5oiQ5Yqf5ZCO77yM5ri45oiP5pe26ZW/5bCG5pu05paw77yM5peg5rOV6YCA6L+Y44CC	com.xiaoji.egggame.features.setting/values-zh-rCN/strings.commonMain.cvr	26
com.xiaoji.egggame.features.setting	string	features_setting_common_redemption_rule_3	输入时请使用英文输入法，区分大小写。	6L6T5YWl5pe26K+35L2/55So6Iux5paH6L6T5YWl5rOV77yM5Yy65YiG5aSn5bCP5YaZ44CC	com.xiaoji.egggame.features.setting/values-zh-rCN/strings.commonMain.cvr	27
com.xiaoji.egggame.features.setting	string	features_setting_common_redemption_rules_title	规则说明：	6KeE5YiZ6K+05piO77ya	com.xiaoji.egggame.features.setting/values-zh-rCN/strings.commonMain.cvr	28
com.xiaoji.egggame.features.setting	string	features_setting_common_redemption_success	兑换成功	5YWR5o2i5oiQ5Yqf	com.xiaoji.egggame.features.setting/values-zh-rCN/strings.commonMain.cvr	29
com.xiaoji.egggame.features.setting	string	features_setting_common_redemption_title	通用兑换	6YCa55So5YWR5o2i	com.xiaoji.egggame.features.setting/values-zh-rCN/strings.commonMain.cvr	30
com.xiaoji.egggame.features.setting	string	features_setting_device_info_controller_model	手柄型号	5omL5p+E5Z6L5Y+3	com.xiaoji.egggame.features.setting/values-zh-rCN/strings.commonMain.cvr	31
com.xiaoji.egggame.features.setting	string	features_setting_device_info_copy_all	全部复制	5YWo6YOo5aSN5Yi2	com.xiaoji.egggame.features.setting/values-zh-rCN/strings.commonMain.cvr	32
com.xiaoji.egggame.features.setting	string	features_setting_device_info_copy_format_app_version	App版本: %1$s	QXBw54mI5pysOiAlMSRz	com.xiaoji.egggame.features.setting/values-zh-rCN/strings.commonMain.cvr	33
com.xiaoji.egggame.features.setting	string	features_setting_device_info_copy_format_controller_model	手柄型号: %1$s	5omL5p+E5Z6L5Y+3OiAlMSRz	com.xiaoji.egggame.features.setting/values-zh-rCN/strings.commonMain.cvr	34
com.xiaoji.egggame.features.setting	string	features_setting_device_info_copy_format_device_info	设备信息	6K6+5aSH5L+h5oGv	com.xiaoji.egggame.features.setting/values-zh-rCN/strings.commonMain.cvr	35
com.xiaoji.egggame.features.setting	string	features_setting_device_info_copy_format_firmware_version	固件版本: %1$s	5Zu65Lu254mI5pysOiAlMSRz	com.xiaoji.egggame.features.setting/values-zh-rCN/strings.commonMain.cvr	36
com.xiaoji.egggame.features.setting	string	features_setting_device_info_copy_format_mac_address	Mac地址: %1$s	TWFj5Zyw5Z2AOiAlMSRz	com.xiaoji.egggame.features.setting/values-zh-rCN/strings.commonMain.cvr	37
com.xiaoji.egggame.features.setting	string	features_setting_device_info_copy_format_mapping_status	映射状态: %1$s	5pig5bCE54q25oCBOiAlMSRz	com.xiaoji.egggame.features.setting/values-zh-rCN/strings.commonMain.cvr	38
com.xiaoji.egggame.features.setting	string	features_setting_device_info_copy_format_phone_info	手机信息	5omL5py65L+h5oGv	com.xiaoji.egggame.features.setting/values-zh-rCN/strings.commonMain.cvr	39
com.xiaoji.egggame.features.setting	string	features_setting_device_info_copy_format_phone_model	手机型号: %1$s	5omL5py65Z6L5Y+3OiAlMSRz	com.xiaoji.egggame.features.setting/values-zh-rCN/strings.commonMain.cvr	40
com.xiaoji.egggame.features.setting	string	features_setting_device_info_copy_format_system_version	系统版本: %1$s	57O757uf54mI5pysOiAlMSRz	com.xiaoji.egggame.features.setting/values-zh-rCN/strings.commonMain.cvr	41
com.xiaoji.egggame.features.setting	string	features_setting_device_info_copy_success	已复制到剪贴板	5bey5aSN5Yi25Yiw5Ymq6LS05p2/	com.xiaoji.egggame.features.setting/values-zh-rCN/strings.commonMain.cvr	42
com.xiaoji.egggame.features.setting	string	features_setting_device_info_device_info	设备信息	6K6+5aSH5L+h5oGv	com.xiaoji.egggame.features.setting/values-zh-rCN/strings.commonMain.cvr	43
com.xiaoji.egggame.features.setting	string	features_setting_device_info_firmware_version	固件版本	5Zu65Lu254mI5pys	com.xiaoji.egggame.features.setting/values-zh-rCN/strings.commonMain.cvr	44
com.xiaoji.egggame.features.setting	string	features_setting_device_info_mac_address	Mac地址	TWFj5Zyw5Z2A	com.xiaoji.egggame.features.setting/values-zh-rCN/strings.commonMain.cvr	45
com.xiaoji.egggame.features.setting	string	features_setting_device_info_mapping_not_activated	映射未激活	5pig5bCE5pyq5r+A5rS7	com.xiaoji.egggame.features.setting/values-zh-rCN/strings.commonMain.cvr	46
com.xiaoji.egggame.features.setting	string	features_setting_device_info_mapping_status	映射状态	5pig5bCE54q25oCB	com.xiaoji.egggame.features.setting/values-zh-rCN/strings.commonMain.cvr	47
com.xiaoji.egggame.features.setting	string	features_setting_device_info_phone_info	手机信息	5omL5py65L+h5oGv	com.xiaoji.egggame.features.setting/values-zh-rCN/strings.commonMain.cvr	48
com.xiaoji.egggame.features.setting	string	features_setting_device_info_phone_model	手机型号	5omL5py65Z6L5Y+3	com.xiaoji.egggame.features.setting/values-zh-rCN/strings.commonMain.cvr	49
com.xiaoji.egggame.features.setting	string	features_setting_device_info_system_version	系统版本	57O757uf54mI5pys	com.xiaoji.egggame.features.setting/values-zh-rCN/strings.commonMain.cvr	50
com.xiaoji.egggame.features.setting	string	features_setting_device_info_title	本机信息	5pys5py65L+h5oGv	com.xiaoji.egggame.features.setting/values-zh-rCN/strings.commonMain.cvr	51
com.xiaoji.egggame.features.setting	string	features_setting_exchange_center	兑换中心	5YWR5o2i5Lit5b+D	com.xiaoji.egggame.features.setting/values-zh-rCN/strings.commonMain.cvr	52
com.xiaoji.egggame.features.setting	string	features_setting_feedback_contact_invalid	请输入正确的邮箱或手机号	6K+36L6T5YWl5q2j56Gu55qE6YKu566x5oiW5omL5py65Y+3	com.xiaoji.egggame.features.setting/values-zh-rCN/strings.commonMain.cvr	53
com.xiaoji.egggame.features.setting	string	features_setting_feedback_contact_placeholder	输入联系方式	6L6T5YWl6IGU57O75pa55byP	com.xiaoji.egggame.features.setting/values-zh-rCN/strings.commonMain.cvr	54
com.xiaoji.egggame.features.setting	string	features_setting_feedback_contact_title	联系方式	6IGU57O75pa55byP	com.xiaoji.egggame.features.setting/values-zh-rCN/strings.commonMain.cvr	55
com.xiaoji.egggame.features.setting	string	features_setting_feedback_description_empty	请输入反馈内容	6K+36L6T5YWl5Y+N6aaI5YaF5a65	com.xiaoji.egggame.features.setting/values-zh-rCN/strings.commonMain.cvr	56
com.xiaoji.egggame.features.setting	string	features_setting_feedback_description_placeholder	请留下您宝贵的意见，我们将努力改进~	6K+355WZ5LiL5oKo5a6d6LS155qE5oSP6KeB77yM5oiR5Lus5bCG5Yqq5Yqb5pS56L+bfg==	com.xiaoji.egggame.features.setting/values-zh-rCN/strings.commonMain.cvr	57
com.xiaoji.egggame.features.setting	string	features_setting_feedback_description_title	问题描述	6Zeu6aKY5o+P6L+w	com.xiaoji.egggame.features.setting/values-zh-rCN/strings.commonMain.cvr	58
com.xiaoji.egggame.features.setting	string	features_setting_feedback_file_too_large	文件大小不能超过%1$s	5paH5Lu25aSn5bCP5LiN6IO96LaF6L+HJTEkcw==	com.xiaoji.egggame.features.setting/values-zh-rCN/strings.commonMain.cvr	59
com.xiaoji.egggame.features.setting	string	features_setting_feedback_history_detail_title	反馈详情	5Y+N6aaI6K+m5oOF	com.xiaoji.egggame.features.setting/values-zh-rCN/strings.commonMain.cvr	60
com.xiaoji.egggame.features.setting	string	features_setting_feedback_history_title	反馈列表	5Y+N6aaI5YiX6KGo	com.xiaoji.egggame.features.setting/values-zh-rCN/strings.commonMain.cvr	61
com.xiaoji.egggame.features.setting	string	features_setting_feedback_history	反馈历史	5Y+N6aaI5Y6G5Y+y	com.xiaoji.egggame.features.setting/values-zh-rCN/strings.commonMain.cvr	62
com.xiaoji.egggame.features.setting	string	features_setting_feedback_image_limit	最多选择%1$d张图片	5pyA5aSa6YCJ5oupJTEkZOW8oOWbvueJhw==	com.xiaoji.egggame.features.setting/values-zh-rCN/strings.commonMain.cvr	63
com.xiaoji.egggame.features.setting	string	features_setting_feedback_submit_success	感谢您的意见反馈	5oSf6LCi5oKo55qE5oSP6KeB5Y+N6aaI	com.xiaoji.egggame.features.setting/values-zh-rCN/strings.commonMain.cvr	64
com.xiaoji.egggame.features.setting	string	features_setting_feedback_submit	提交反馈	5o+Q5Lqk5Y+N6aaI	com.xiaoji.egggame.features.setting/values-zh-rCN/strings.commonMain.cvr	65
com.xiaoji.egggame.features.setting	string	features_setting_feedback_title	意见反馈	5oSP6KeB5Y+N6aaI	com.xiaoji.egggame.features.setting/values-zh-rCN/strings.commonMain.cvr	66
com.xiaoji.egggame.features.setting	string	features_setting_help_feedback	提交反馈	5o+Q5Lqk5Y+N6aaI	com.xiaoji.egggame.features.setting/values-zh-rCN/strings.commonMain.cvr	67
com.xiaoji.egggame.features.setting	string	features_setting_help_official_website	官方网站	5a6Y5pa5572R56uZ	com.xiaoji.egggame.features.setting/values-zh-rCN/strings.commonMain.cvr	68
com.xiaoji.egggame.features.setting	string	features_setting_help	反馈&建议	5Y+N6aaIJuW7uuiurg==	com.xiaoji.egggame.features.setting/values-zh-rCN/strings.commonMain.cvr	69
com.xiaoji.egggame.features.setting	string	features_setting_language_follow_system	跟随系统	6Lef6ZqP57O757uf	com.xiaoji.egggame.features.setting/values-zh-rCN/strings.commonMain.cvr	70
com.xiaoji.egggame.features.setting	string	features_setting_language_option_chinese_hong_kong	繁體中文（香港）	57mB6auU5Lit5paH77yI6aaZ5riv77yJ	com.xiaoji.egggame.features.setting/values-zh-rCN/strings.commonMain.cvr	71
com.xiaoji.egggame.features.setting	string	features_setting_language_option_chinese_macau	繁體中文（澳門）	57mB6auU5Lit5paH77yI5r6z6ZaA77yJ	com.xiaoji.egggame.features.setting/values-zh-rCN/strings.commonMain.cvr	72
com.xiaoji.egggame.features.setting	string	features_setting_language_option_chinese_simplified	简体中文	566A5L2T5Lit5paH	com.xiaoji.egggame.features.setting/values-zh-rCN/strings.commonMain.cvr	73
com.xiaoji.egggame.features.setting	string	features_setting_language_option_chinese_traditional	繁體中文（台灣）	57mB6auU5Lit5paH77yI5Y+w54Gj77yJ	com.xiaoji.egggame.features.setting/values-zh-rCN/strings.commonMain.cvr	74
com.xiaoji.egggame.features.setting	string	features_setting_language_option_english	English	RW5nbGlzaA==	com.xiaoji.egggame.features.setting/values-zh-rCN/strings.commonMain.cvr	75
com.xiaoji.egggame.features.setting	string	features_setting_language_option_japanese	日本語	5pel5pys6Kqe	com.xiaoji.egggame.features.setting/values-zh-rCN/strings.commonMain.cvr	76
com.xiaoji.egggame.features.setting	string	features_setting_language_option_portuguese_brazil	Português (Brasil)	UG9ydHVndcOqcyAoQnJhc2lsKQ==	com.xiaoji.egggame.features.setting/values-zh-rCN/strings.commonMain.cvr	77
com.xiaoji.egggame.features.setting	string	features_setting_language_option_portuguese_portugal	Português (Portugal)	UG9ydHVndcOqcyAoUG9ydHVnYWwp	com.xiaoji.egggame.features.setting/values-zh-rCN/strings.commonMain.cvr	78
com.xiaoji.egggame.features.setting	string	features_setting_language_option_russian	Русский	0KDRg9GB0YHQutC40Lk=	com.xiaoji.egggame.features.setting/values-zh-rCN/strings.commonMain.cvr	79
com.xiaoji.egggame.features.setting	string	features_setting_language_option_system	跟随系统	6Lef6ZqP57O757uf	com.xiaoji.egggame.features.setting/values-zh-rCN/strings.commonMain.cvr	80
com.xiaoji.egggame.features.setting	string	features_setting_language	多语言	5aSa6K+t6KiA	com.xiaoji.egggame.features.setting/values-zh-rCN/strings.commonMain.cvr	81
com.xiaoji.egggame.features.setting	string	features_setting_login_register	登录/注册	55m75b2VL+azqOWGjA==	com.xiaoji.egggame.features.setting/values-zh-rCN/strings.commonMain.cvr	82
com.xiaoji.egggame.features.setting	string	features_setting_logout_message	确定要退出登录吗？	56Gu5a6a6KaB6YCA5Ye655m75b2V5ZCX77yf	com.xiaoji.egggame.features.setting/values-zh-rCN/strings.commonMain.cvr	83
com.xiaoji.egggame.features.setting	string	features_setting_logout_title	退出登录	6YCA5Ye655m75b2V	com.xiaoji.egggame.features.setting/values-zh-rCN/strings.commonMain.cvr	84
com.xiaoji.egggame.features.setting	string	features_setting_logout	退出登录	6YCA5Ye655m75b2V	com.xiaoji.egggame.features.setting/values-zh-rCN/strings.commonMain.cvr	85
com.xiaoji.egggame.features.setting	string	features_setting_migu_redemption_title	咪咕权益兑换	5ZKq5ZKV5p2D55uK5YWR5o2i	com.xiaoji.egggame.features.setting/values-zh-rCN/strings.commonMain.cvr	86
com.xiaoji.egggame.features.setting	string	features_setting_notification_activity	活动通知	5rS75Yqo6YCa55+l	com.xiaoji.egggame.features.setting/values-zh-rCN/strings.commonMain.cvr	87
com.xiaoji.egggame.features.setting	string	features_setting_notification_game_recommendation	游戏推荐	5ri45oiP5o6o6I2Q	com.xiaoji.egggame.features.setting/values-zh-rCN/strings.commonMain.cvr	88
com.xiaoji.egggame.features.setting	string	features_setting_notification_news_push	资讯推送	6LWE6K6v5o6o6YCB	com.xiaoji.egggame.features.setting/values-zh-rCN/strings.commonMain.cvr	89
com.xiaoji.egggame.features.setting	string	features_setting_notification_push_subtitle	请在手机的"设置-通知"功能中，找到盖世游戏进行修改	6K+35Zyo5omL5py655qEIuiuvue9ri3pgJrnn6Ui5Yqf6IO95Lit77yM5om+5Yiw55uW5LiW5ri45oiP6L+b6KGM5L+u5pS5	com.xiaoji.egggame.features.setting/values-zh-rCN/strings.commonMain.cvr	90
com.xiaoji.egggame.features.setting	string	features_setting_notification_push	推送通知	5o6o6YCB6YCa55+l	com.xiaoji.egggame.features.setting/values-zh-rCN/strings.commonMain.cvr	91
com.xiaoji.egggame.features.setting	string	features_setting_notification	通知	6YCa55+l	com.xiaoji.egggame.features.setting/values-zh-rCN/strings.commonMain.cvr	92
com.xiaoji.egggame.features.setting	string	features_setting_peripheral_manage	外设管理	5aSW6K6+566h55CG	com.xiaoji.egggame.features.setting/values-zh-rCN/strings.commonMain.cvr	93
com.xiaoji.egggame.features.setting	string	features_setting_privacy_personalized_recommendation_subtitle	基于您的兴趣偏好，为您推荐更符合您需求的游戏内容。	5Z+65LqO5oKo55qE5YW06Laj5YGP5aW977yM5Li65oKo5o6o6I2Q5pu056ym5ZCI5oKo6ZyA5rGC55qE5ri45oiP5YaF5a6544CC	com.xiaoji.egggame.features.setting/values-zh-rCN/strings.commonMain.cvr	94
com.xiaoji.egggame.features.setting	string	features_setting_privacy_personalized_recommendation	个性化推荐	5Liq5oCn5YyW5o6o6I2Q	com.xiaoji.egggame.features.setting/values-zh-rCN/strings.commonMain.cvr	95
com.xiaoji.egggame.features.setting	string	features_setting_privacy_product_experience_subtitle	收集并分析产品使用中的卡点与崩溃等问题，帮助我们优化产品功能与交互体验。	5pS26ZuG5bm25YiG5p6Q5Lqn5ZOB5L2/55So5Lit55qE5Y2h54K55LiO5bSp5rqD562J6Zeu6aKY77yM5biu5Yqp5oiR5Lus5LyY5YyW5Lqn5ZOB5Yqf6IO95LiO5Lqk5LqS5L2T6aqM44CC	com.xiaoji.egggame.features.setting/values-zh-rCN/strings.commonMain.cvr	96
com.xiaoji.egggame.features.setting	string	features_setting_privacy_product_experience	产品体验改进	5Lqn5ZOB5L2T6aqM5pS56L+b	com.xiaoji.egggame.features.setting/values-zh-rCN/strings.commonMain.cvr	97
com.xiaoji.egggame.features.setting	string	features_setting_privacy	隐私设置	6ZqQ56eB6K6+572u	com.xiaoji.egggame.features.setting/values-zh-rCN/strings.commonMain.cvr	98
com.xiaoji.egggame.features.setting	string	features_setting_redeem_center_title	通用兑换	6YCa55So5YWR5o2i	com.xiaoji.egggame.features.setting/values-zh-rCN/strings.commonMain.cvr	99
com.xiaoji.egggame.features.setting	string	features_setting_redemption_center_title	兑换中心	5YWR5o2i5Lit5b+D	com.xiaoji.egggame.features.setting/values-zh-rCN/strings.commonMain.cvr	100
com.xiaoji.egggame.features.setting	string	features_setting_redemption_general	通用兑换	6YCa55So5YWR5o2i	com.xiaoji.egggame.features.setting/values-zh-rCN/strings.commonMain.cvr	101
com.xiaoji.egggame.features.setting	string	features_setting_redemption_migu	咪咕权益兑换	5ZKq5ZKV5p2D55uK5YWR5o2i	com.xiaoji.egggame.features.setting/values-zh-rCN/strings.commonMain.cvr	102
com.xiaoji.egggame.features.setting	string	features_setting_redemption_xgp	XGP兑换	WEdQ5YWR5o2i	com.xiaoji.egggame.features.setting/values-zh-rCN/strings.commonMain.cvr	103
com.xiaoji.egggame.features.setting	string	features_setting_screen_orientation_auto	自动	6Ieq5Yqo	com.xiaoji.egggame.features.setting/values-zh-rCN/strings.commonMain.cvr	104
com.xiaoji.egggame.features.setting	string	features_setting_screen_orientation_option_auto	自动	6Ieq5Yqo	com.xiaoji.egggame.features.setting/values-zh-rCN/strings.commonMain.cvr	105
com.xiaoji.egggame.features.setting	string	features_setting_screen_orientation_option_landscape	掌机模式	5o6M5py65qih5byP	com.xiaoji.egggame.features.setting/values-zh-rCN/strings.commonMain.cvr	106
com.xiaoji.egggame.features.setting	string	features_setting_screen_orientation_option_portrait	探索模式	5o6i57Si5qih5byP	com.xiaoji.egggame.features.setting/values-zh-rCN/strings.commonMain.cvr	107
com.xiaoji.egggame.features.setting	string	features_setting_screen_orientation	模式切换	5qih5byP5YiH5o2i	com.xiaoji.egggame.features.setting/values-zh-rCN/strings.commonMain.cvr	108
com.xiaoji.egggame.features.setting	string	features_setting_screen_ratio_status_active	当前已应用到页面布局	5b2T5YmN5bey5bqU55So5Yiw6aG16Z2i5biD5bGA	com.xiaoji.egggame.features.setting/values-zh-rCN/strings.commonMain.cvr	109
com.xiaoji.egggame.features.setting	string	features_setting_screen_ratio_status_p1_only	仅在连接 P1 设备时生效	5LuF5Zyo6L+e5o6lIFAxIOiuvuWkh+aXtueUn+aViA==	com.xiaoji.egggame.features.setting/values-zh-rCN/strings.commonMain.cvr	110
com.xiaoji.egggame.features.setting	string	features_setting_screen_ratio_status_suppressed	当前页面临时不受屏幕比例影响	5b2T5YmN6aG16Z2i5Li05pe25LiN5Y+X5bGP5bmV5q+U5L6L5b2x5ZON	com.xiaoji.egggame.features.setting/values-zh-rCN/strings.commonMain.cvr	111
com.xiaoji.egggame.features.setting	string	features_setting_screen_ratio_toggle	屏幕比例开启	5bGP5bmV5q+U5L6L5byA5ZCv	com.xiaoji.egggame.features.setting/values-zh-rCN/strings.commonMain.cvr	112
com.xiaoji.egggame.features.setting	string	features_setting_screen_ratio_value	%1$d%	JTEkZCU=	com.xiaoji.egggame.features.setting/values-zh-rCN/strings.commonMain.cvr	113
com.xiaoji.egggame.features.setting	string	features_setting_screen_ratio	屏幕比例	5bGP5bmV5q+U5L6L	com.xiaoji.egggame.features.setting/values-zh-rCN/strings.commonMain.cvr	114
com.xiaoji.egggame.features.setting	string	features_setting_sound_category_title	音效类型	6Z+z5pWI57G75Z6L	com.xiaoji.egggame.features.setting/values-zh-rCN/strings.commonMain.cvr	115
com.xiaoji.egggame.features.setting	string	features_setting_sound_download_complete_subtitle	游戏或资源下载完成时播放提示音	5ri45oiP5oiW6LWE5rqQ5LiL6L295a6M5oiQ5pe25pKt5pS+5o+Q56S66Z+z	com.xiaoji.egggame.features.setting/values-zh-rCN/strings.commonMain.cvr	116
com.xiaoji.egggame.features.setting	string	features_setting_sound_download_complete	下载完成提示	5LiL6L295a6M5oiQ5o+Q56S6	com.xiaoji.egggame.features.setting/values-zh-rCN/strings.commonMain.cvr	117
com.xiaoji.egggame.features.setting	string	features_setting_sound_game_launch_subtitle	游戏成功启动时播放提示音	5ri45oiP5oiQ5Yqf5ZCv5Yqo5pe25pKt5pS+5o+Q56S66Z+z	com.xiaoji.egggame.features.setting/values-zh-rCN/strings.commonMain.cvr	118
com.xiaoji.egggame.features.setting	string	features_setting_sound_game_launch	游戏启动提示	5ri45oiP5ZCv5Yqo5o+Q56S6	com.xiaoji.egggame.features.setting/values-zh-rCN/strings.commonMain.cvr	119
com.xiaoji.egggame.features.setting	string	features_setting_sound_gamepad_key_subtitle	按下摇杆、A/B 等按键时的触感音效	5oyJ5LiL5pGH5p2G44CBQS9CIOetieaMiemUruaXtueahOinpuaEn+mfs+aViA==	com.xiaoji.egggame.features.setting/values-zh-rCN/strings.commonMain.cvr	120
com.xiaoji.egggame.features.setting	string	features_setting_sound_gamepad_key	手柄按键	5omL5p+E5oyJ6ZSu	com.xiaoji.egggame.features.setting/values-zh-rCN/strings.commonMain.cvr	121
com.xiaoji.egggame.features.setting	string	features_setting_sound_subtitle	开启后，操作手柄及收到系统提示时播放音效	5byA5ZCv5ZCO77yM5pON5L2c5omL5p+E5Y+K5pS25Yiw57O757uf5o+Q56S65pe25pKt5pS+6Z+z5pWI	com.xiaoji.egggame.features.setting/values-zh-rCN/strings.commonMain.cvr	122
com.xiaoji.egggame.features.setting	string	features_setting_sound	按键音	5oyJ6ZSu6Z+z	com.xiaoji.egggame.features.setting/values-zh-rCN/strings.commonMain.cvr	123
com.xiaoji.egggame.features.setting	string	features_setting_storage_manager_added_days_ago	入库时间 %1$d 天前	5YWl5bqT5pe26Ze0ICUxJGQg5aSp5YmN	com.xiaoji.egggame.features.setting/values-zh-rCN/strings.commonMain.cvr	124
com.xiaoji.egggame.features.setting	string	features_setting_storage_manager_added_hours_ago	入库时间 %1$d 小时前	5YWl5bqT5pe26Ze0ICUxJGQg5bCP5pe25YmN	com.xiaoji.egggame.features.setting/values-zh-rCN/strings.commonMain.cvr	125
com.xiaoji.egggame.features.setting	string	features_setting_storage_manager_added_just_now	入库时间 刚刚	5YWl5bqT5pe26Ze0IOWImuWImg==	com.xiaoji.egggame.features.setting/values-zh-rCN/strings.commonMain.cvr	126
com.xiaoji.egggame.features.setting	string	features_setting_storage_manager_added_minutes_ago	入库时间 %1$d 分钟前	5YWl5bqT5pe26Ze0ICUxJGQg5YiG6ZKf5YmN	com.xiaoji.egggame.features.setting/values-zh-rCN/strings.commonMain.cvr	127
com.xiaoji.egggame.features.setting	string	features_setting_storage_manager_added_yesterday	入库时间 昨天	5YWl5bqT5pe26Ze0IOaYqOWkqQ==	com.xiaoji.egggame.features.setting/values-zh-rCN/strings.commonMain.cvr	128
com.xiaoji.egggame.features.setting	string	features_setting_storage_manager_calculating	计算中…	6K6h566X5Lit4oCm	com.xiaoji.egggame.features.setting/values-zh-rCN/strings.commonMain.cvr	129
com.xiaoji.egggame.features.setting	string	features_setting_storage_manager_error_game_not_found	游戏不存在	5ri45oiP5LiN5a2Y5Zyo	com.xiaoji.egggame.features.setting/values-zh-rCN/strings.commonMain.cvr	130
com.xiaoji.egggame.features.setting	string	features_setting_storage_manager_error_launch_method_not_found	启动方式不存在	5ZCv5Yqo5pa55byP5LiN5a2Y5Zyo	com.xiaoji.egggame.features.setting/values-zh-rCN/strings.commonMain.cvr	131
com.xiaoji.egggame.features.setting	string	features_setting_storage_manager_error_unsupported_game_type	不支持的游戏类型	5LiN5pSv5oyB55qE5ri45oiP57G75Z6L	com.xiaoji.egggame.features.setting/values-zh-rCN/strings.commonMain.cvr	132
com.xiaoji.egggame.features.setting	string	features_setting_storage_manager_group_other_accounts	其他账号的游戏	5YW25LuW6LSm5Y+355qE5ri45oiP	com.xiaoji.egggame.features.setting/values-zh-rCN/strings.commonMain.cvr	133
com.xiaoji.egggame.features.setting	string	features_setting_storage_manager_last_launch_days_ago	%1$d 天前	JTEkZCDlpKnliY0=	com.xiaoji.egggame.features.setting/values-zh-rCN/strings.commonMain.cvr	134
com.xiaoji.egggame.features.setting	string	features_setting_storage_manager_last_launch_hours_ago	%1$d 小时前	JTEkZCDlsI/ml7bliY0=	com.xiaoji.egggame.features.setting/values-zh-rCN/strings.commonMain.cvr	135
com.xiaoji.egggame.features.setting	string	features_setting_storage_manager_last_launch_just_now	刚刚	5Yia5Yia	com.xiaoji.egggame.features.setting/values-zh-rCN/strings.commonMain.cvr	136
com.xiaoji.egggame.features.setting	string	features_setting_storage_manager_last_launch_minutes_ago	%1$d 分钟前	JTEkZCDliIbpkp/liY0=	com.xiaoji.egggame.features.setting/values-zh-rCN/strings.commonMain.cvr	137
com.xiaoji.egggame.features.setting	string	features_setting_storage_manager_last_launch_none	-	LQ==	com.xiaoji.egggame.features.setting/values-zh-rCN/strings.commonMain.cvr	138
com.xiaoji.egggame.features.setting	string	features_setting_storage_manager_last_launch_prefix	最后启动	5pyA5ZCO5ZCv5Yqo	com.xiaoji.egggame.features.setting/values-zh-rCN/strings.commonMain.cvr	139
com.xiaoji.egggame.features.setting	string	features_setting_storage_manager_last_launch_yesterday	昨天	5pio5aSp	com.xiaoji.egggame.features.setting/values-zh-rCN/strings.commonMain.cvr	140
com.xiaoji.egggame.features.setting	string	features_setting_storage_manager_overview_available	可用	5Y+v55So	com.xiaoji.egggame.features.setting/values-zh-rCN/strings.commonMain.cvr	141
com.xiaoji.egggame.features.setting	string	features_setting_storage_manager_overview_installed_games	已安装	5bey5a6J6KOF	com.xiaoji.egggame.features.setting/values-zh-rCN/strings.commonMain.cvr	142
com.xiaoji.egggame.features.setting	string	features_setting_storage_manager_overview_required_files	文件	5paH5Lu2	com.xiaoji.egggame.features.setting/values-zh-rCN/strings.commonMain.cvr	143
com.xiaoji.egggame.features.setting	string	features_setting_storage_manager_overview_used_space	已用	5bey55So	com.xiaoji.egggame.features.setting/values-zh-rCN/strings.commonMain.cvr	144
com.xiaoji.egggame.features.setting	string	features_setting_storage_manager_sort_by_last_play	排序：最近游玩	5o6S5bqP77ya5pyA6L+R5ri4546p	com.xiaoji.egggame.features.setting/values-zh-rCN/strings.commonMain.cvr	145
com.xiaoji.egggame.features.setting	string	features_setting_storage_manager_sort_by_name	排序：名称	5o6S5bqP77ya5ZCN56ew	com.xiaoji.egggame.features.setting/values-zh-rCN/strings.commonMain.cvr	146
com.xiaoji.egggame.features.setting	string	features_setting_storage_manager_sort_by_size	排序：大小	5o6S5bqP77ya5aSn5bCP	com.xiaoji.egggame.features.setting/values-zh-rCN/strings.commonMain.cvr	147
com.xiaoji.egggame.features.setting	string	features_setting_storage_manager_sort_option_last_play	最后启动时间	5pyA5ZCO5ZCv5Yqo5pe26Ze0	com.xiaoji.egggame.features.setting/values-zh-rCN/strings.commonMain.cvr	148
com.xiaoji.egggame.features.setting	string	features_setting_storage_manager_sort_option_name	按字母顺序A-Z	5oyJ5a2X5q+N6aG65bqPQS1a	com.xiaoji.egggame.features.setting/values-zh-rCN/strings.commonMain.cvr	149
com.xiaoji.egggame.features.setting	string	features_setting_storage_manager_sort_option_size	文件大小	5paH5Lu25aSn5bCP	com.xiaoji.egggame.features.setting/values-zh-rCN/strings.commonMain.cvr	150
com.xiaoji.egggame.features.setting	string	features_setting_storage_manager_sort_title	排序	5o6S5bqP	com.xiaoji.egggame.features.setting/values-zh-rCN/strings.commonMain.cvr	151
com.xiaoji.egggame.features.setting	string	features_setting_storage_manager_title	存储管理	5a2Y5YKo566h55CG	com.xiaoji.egggame.features.setting/values-zh-rCN/strings.commonMain.cvr	152
com.xiaoji.egggame.features.setting	string	features_setting_storage_manager_uninstall_button	卸载	5Y246L29	com.xiaoji.egggame.features.setting/values-zh-rCN/strings.commonMain.cvr	153
com.xiaoji.egggame.features.setting	string	features_setting_storage_manager_uninstall_confirm_message	确定要卸载该游戏吗？卸载后将从本机移除游戏文件。	56Gu5a6a6KaB5Y246L296K+l5ri45oiP5ZCX77yf5Y246L295ZCO5bCG5LuO5pys5py656e76Zmk5ri45oiP5paH5Lu244CC	com.xiaoji.egggame.features.setting/values-zh-rCN/strings.commonMain.cvr	154
com.xiaoji.egggame.features.setting	string	features_setting_storage_manager_uninstall_game	卸载游戏	5Y246L295ri45oiP	com.xiaoji.egggame.features.setting/values-zh-rCN/strings.commonMain.cvr	155
com.xiaoji.egggame.features.setting	string	features_setting_storage_manager_uninstall_in_progress	卸载中…	5Y246L295Lit4oCm	com.xiaoji.egggame.features.setting/values-zh-rCN/strings.commonMain.cvr	156
com.xiaoji.egggame.features.setting	string	features_setting_storage_manager_uninstall_success	卸载成功	5Y246L295oiQ5Yqf	com.xiaoji.egggame.features.setting/values-zh-rCN/strings.commonMain.cvr	157
com.xiaoji.egggame.features.setting	string	features_setting_storage_manage	存储管理	5a2Y5YKo566h55CG	com.xiaoji.egggame.features.setting/values-zh-rCN/strings.commonMain.cvr	158
com.xiaoji.egggame.features.setting	string	features_setting_theme_option_dark	深色	5rex6Imy	com.xiaoji.egggame.features.setting/values-zh-rCN/strings.commonMain.cvr	159
com.xiaoji.egggame.features.setting	string	features_setting_theme_option_light	浅色	5rWF6Imy	com.xiaoji.egggame.features.setting/values-zh-rCN/strings.commonMain.cvr	160
com.xiaoji.egggame.features.setting	string	features_setting_theme_option_system	跟随系统	6Lef6ZqP57O757uf	com.xiaoji.egggame.features.setting/values-zh-rCN/strings.commonMain.cvr	161
com.xiaoji.egggame.features.setting	string	features_setting_theme	主题	5Li76aKY	com.xiaoji.egggame.features.setting/values-zh-rCN/strings.commonMain.cvr	162
com.xiaoji.egggame.features.setting	string	features_setting_title	设置	6K6+572u	com.xiaoji.egggame.features.setting/values-zh-rCN/strings.commonMain.cvr	163
com.xiaoji.egggame.features.setting	string	features_setting_xgp_redemption_history	我的记录	5oiR55qE6K6w5b2V	com.xiaoji.egggame.features.setting/values-zh-rCN/strings.commonMain.cvr	164
com.xiaoji.egggame.features.setting	string	features_setting_xgp_redemption_title	XGP兑换	WEdQ5YWR5o2i	com.xiaoji.egggame.features.setting/values-zh-rCN/strings.commonMain.cvr	165
com.xiaoji.egggame.features.splash	string	features_splash_privacy_dialog_agree	同意并继续	5ZCM5oSP5bm257un57ut	com.xiaoji.egggame.features.splash/values-zh-rCN/strings.commonMain.cvr	2
com.xiaoji.egggame.features.splash	string	features_splash_privacy_dialog_body_link	《隐私政策》	44CK6ZqQ56eB5pS/562W44CL	com.xiaoji.egggame.features.splash/values-zh-rCN/strings.commonMain.cvr	3
com.xiaoji.egggame.features.splash	string	features_splash_privacy_dialog_body_prefix	在您使用本产品之前，请仔细阅读并同意	5Zyo5oKo5L2/55So5pys5Lqn5ZOB5LmL5YmN77yM6K+35LuU57uG6ZiF6K+75bm25ZCM5oSP	com.xiaoji.egggame.features.splash/values-zh-rCN/strings.commonMain.cvr	4
com.xiaoji.egggame.features.splash	string	features_splash_privacy_dialog_body_suffix	。我们非常重视您的信息安全，将严格按照相关法律法规保护您的个人信息。为保障服务正常运行，我们会收集必要的设备信息（如设备型号、操作系统版本、设备IP地址等），具体请查阅隐私政策。	44CC5oiR5Lus6Z2e5bi46YeN6KeG5oKo55qE5L+h5oGv5a6J5YWo77yM5bCG5Lil5qC85oyJ54Wn55u45YWz5rOV5b6L5rOV6KeE5L+d5oqk5oKo55qE5Liq5Lq65L+h5oGv44CC5Li65L+d6Zqc5pyN5Yqh5q2j5bi46L+Q6KGM77yM5oiR5Lus5Lya5pS26ZuG5b+F6KaB55qE6K6+5aSH5L+h5oGv77yI5aaC6K6+5aSH5Z6L5Y+344CB5pON5L2c57O757uf54mI5pys44CB6K6+5aSHSVDlnLDlnYDnrYnvvInvvIzlhbfkvZPor7fmn6XpmIXpmpDnp4HmlL/nrZbjgII=	com.xiaoji.egggame.features.splash/values-zh-rCN/strings.commonMain.cvr	5
com.xiaoji.egggame.features.splash	string	features_splash_privacy_dialog_disagree	不同意并退出	5LiN5ZCM5oSP5bm26YCA5Ye6	com.xiaoji.egggame.features.splash/values-zh-rCN/strings.commonMain.cvr	6
com.xiaoji.egggame.features.splash	string	features_splash_privacy_dialog_hint	如您同意，请点击下方按钮开始游戏。	5aaC5oKo5ZCM5oSP77yM6K+354K55Ye75LiL5pa55oyJ6ZKu5byA5aeL5ri45oiP44CC	com.xiaoji.egggame.features.splash/values-zh-rCN/strings.commonMain.cvr	7
com.xiaoji.egggame.features.splash	string	features_splash_privacy_dialog_title	隐私政策	6ZqQ56eB5pS/562W	com.xiaoji.egggame.features.splash/values-zh-rCN/strings.commonMain.cvr	8
com.xiaoji.egggame.features.splash	string	features_splash_privacy_dialog_welcome	欢迎使用盖世游戏!	5qyi6L+O5L2/55So55uW5LiW5ri45oiPIQ==	com.xiaoji.egggame.features.splash/values-zh-rCN/strings.commonMain.cvr	9
com.xiaoji.egggame.features.splash	string	features_splash_skip_countdown	跳过 %1$s	6Lez6L+HICUxJHM=	com.xiaoji.egggame.features.splash/values-zh-rCN/strings.commonMain.cvr	10
com.xiaoji.egggame.features.steam	string	features_steam_account_label	用账户名称登录	55So6LSm5oi35ZCN56ew55m75b2V	com.xiaoji.egggame.features.steam/values-zh-rCN/strings.commonMain.cvr	2
com.xiaoji.egggame.features.steam	string	features_steam_account_placeholder	请输入账户名称	6K+36L6T5YWl6LSm5oi35ZCN56ew	com.xiaoji.egggame.features.steam/values-zh-rCN/strings.commonMain.cvr	3
com.xiaoji.egggame.features.steam	string	features_steam_account_prefix	账户：%1$s	6LSm5oi377yaJTEkcw==	com.xiaoji.egggame.features.steam/values-zh-rCN/strings.commonMain.cvr	4
com.xiaoji.egggame.features.steam	string	features_steam_add_friend_already_friends	已成为好友	5bey5oiQ5Li65aW95Y+L	com.xiaoji.egggame.features.steam/values-zh-rCN/strings.commonMain.cvr	5
com.xiaoji.egggame.features.steam	string	features_steam_add_friend_copied	已复制	5bey5aSN5Yi2	com.xiaoji.egggame.features.steam/values-zh-rCN/strings.commonMain.cvr	6
com.xiaoji.egggame.features.steam	string	features_steam_add_friend_copy	复制	5aSN5Yi2	com.xiaoji.egggame.features.steam/values-zh-rCN/strings.commonMain.cvr	7
com.xiaoji.egggame.features.steam	string	features_steam_add_friend_create_link	生成邀请链接	55Sf5oiQ6YKA6K+36ZO+5o6l	com.xiaoji.egggame.features.steam/values-zh-rCN/strings.commonMain.cvr	8
com.xiaoji.egggame.features.steam	string	features_steam_add_friend_failed	添加失败	5re75Yqg5aSx6LSl	com.xiaoji.egggame.features.steam/values-zh-rCN/strings.commonMain.cvr	9
com.xiaoji.egggame.features.steam	string	features_steam_add_friend_input_hint	输入朋友的好友代码,向对方发出邀请。	6L6T5YWl5pyL5Y+L55qE5aW95Y+L5Luj56CBLOWQkeWvueaWueWPkeWHuumCgOivt+OAgg==	com.xiaoji.egggame.features.steam/values-zh-rCN/strings.commonMain.cvr	10
com.xiaoji.egggame.features.steam	string	features_steam_add_friend_input_placeholder	输入好友代码	6L6T5YWl5aW95Y+L5Luj56CB	com.xiaoji.egggame.features.steam/values-zh-rCN/strings.commonMain.cvr	11
com.xiaoji.egggame.features.steam	string	features_steam_add_friend_input_title	通过代码添加	6YCa6L+H5Luj56CB5re75Yqg	com.xiaoji.egggame.features.steam/values-zh-rCN/strings.commonMain.cvr	12
com.xiaoji.egggame.features.steam	string	features_steam_add_friend_invite_hint	生成链接,通过电子邮件或短信分享给其他人。对方接受后双方立即成为好友。在公共场合分享时请小心谨慎。\n\n注意:每个链接只能使用一次,并在 30 天后自动失效。	55Sf5oiQ6ZO+5o6lLOmAmui/h+eUteWtkOmCruS7tuaIluefreS/oeWIhuS6q+e7meWFtuS7luS6uuOAguWvueaWueaOpeWPl+WQjuWPjOaWueeri+WNs+aIkOS4uuWlveWPi+OAguWcqOWFrOWFseWcuuWQiOWIhuS6q+aXtuivt+Wwj+W/g+iwqOaFjuOAggoK5rOo5oSPOuavj+S4qumTvuaOpeWPquiDveS9v+eUqOS4gOasoSzlubblnKggMzAg5aSp5ZCO6Ieq5Yqo5aSx5pWI44CC	com.xiaoji.egggame.features.steam/values-zh-rCN/strings.commonMain.cvr	13
com.xiaoji.egggame.features.steam	string	features_steam_add_friend_invite_sent	邀请已发送	6YKA6K+35bey5Y+R6YCB	com.xiaoji.egggame.features.steam/values-zh-rCN/strings.commonMain.cvr	14
com.xiaoji.egggame.features.steam	string	features_steam_add_friend_invite_title	通过链接邀请	6YCa6L+H6ZO+5o6l6YKA6K+3	com.xiaoji.egggame.features.steam/values-zh-rCN/strings.commonMain.cvr	15
com.xiaoji.egggame.features.steam	string	features_steam_add_friend_my_code_hint	把这串数字告诉朋友,对方在 Steam 里就能加你为好友。	5oqK6L+Z5Liy5pWw5a2X5ZGK6K+J5pyL5Y+LLOWvueaWueWcqCBTdGVhbSDph4zlsLHog73liqDkvaDkuLrlpb3lj4vjgII=	com.xiaoji.egggame.features.steam/values-zh-rCN/strings.commonMain.cvr	16
com.xiaoji.egggame.features.steam	string	features_steam_add_friend_my_code_title	您的好友代码	5oKo55qE5aW95Y+L5Luj56CB	com.xiaoji.egggame.features.steam/values-zh-rCN/strings.commonMain.cvr	17
com.xiaoji.egggame.features.steam	string	features_steam_add_friend_refresh_link	换新链接	5o2i5paw6ZO+5o6l	com.xiaoji.egggame.features.steam/values-zh-rCN/strings.commonMain.cvr	18
com.xiaoji.egggame.features.steam	string	features_steam_add_friend_self	不能添加自己	5LiN6IO95re75Yqg6Ieq5bex	com.xiaoji.egggame.features.steam/values-zh-rCN/strings.commonMain.cvr	19
com.xiaoji.egggame.features.steam	string	features_steam_add_friend_send	发送邀请	5Y+R6YCB6YKA6K+3	com.xiaoji.egggame.features.steam/values-zh-rCN/strings.commonMain.cvr	20
com.xiaoji.egggame.features.steam	string	features_steam_add_friend_title	添加好友	5re75Yqg5aW95Y+L	com.xiaoji.egggame.features.steam/values-zh-rCN/strings.commonMain.cvr	21
com.xiaoji.egggame.features.steam	string	features_steam_bind_account	绑定账号	57uR5a6a6LSm5Y+3	com.xiaoji.egggame.features.steam/values-zh-rCN/strings.commonMain.cvr	22
com.xiaoji.egggame.features.steam	string	features_steam_bind_button	绑定	57uR5a6a	com.xiaoji.egggame.features.steam/values-zh-rCN/strings.commonMain.cvr	23
com.xiaoji.egggame.features.steam	string	features_steam_cancel	取消	5Y+W5raI	com.xiaoji.egggame.features.steam/values-zh-rCN/strings.commonMain.cvr	24
com.xiaoji.egggame.features.steam	string	features_steam_chat_action_copied	已复制	5bey5aSN5Yi2	com.xiaoji.egggame.features.steam/values-zh-rCN/strings.commonMain.cvr	25
com.xiaoji.egggame.features.steam	string	features_steam_chat_action_copy	复制	5aSN5Yi2	com.xiaoji.egggame.features.steam/values-zh-rCN/strings.commonMain.cvr	26
com.xiaoji.egggame.features.steam	string	features_steam_chat_back_content_description	返回	6L+U5Zue	com.xiaoji.egggame.features.steam/values-zh-rCN/strings.commonMain.cvr	27
com.xiaoji.egggame.features.steam	string	features_steam_chat_collapse_image	收起图片	5pS26LW35Zu+54mH	com.xiaoji.egggame.features.steam/values-zh-rCN/strings.commonMain.cvr	28
com.xiaoji.egggame.features.steam	string	features_steam_chat_collapse	收起	5pS26LW3	com.xiaoji.egggame.features.steam/values-zh-rCN/strings.commonMain.cvr	29
com.xiaoji.egggame.features.steam	string	features_steam_chat_date_month_day	{month}月{day}日	e21vbnRofeaciHtkYXl95pel	com.xiaoji.egggame.features.steam/values-zh-rCN/strings.commonMain.cvr	30
com.xiaoji.egggame.features.steam	string	features_steam_chat_emoticon_content_description	Steam 表情	U3RlYW0g6KGo5oOF	com.xiaoji.egggame.features.steam/values-zh-rCN/strings.commonMain.cvr	31
com.xiaoji.egggame.features.steam	string	features_steam_chat_emoticons_load_failed	Steam 表情加载失败	U3RlYW0g6KGo5oOF5Yqg6L295aSx6LSl	com.xiaoji.egggame.features.steam/values-zh-rCN/strings.commonMain.cvr	32
com.xiaoji.egggame.features.steam	string	features_steam_chat_empty_emoticons	当前账号暂无可用 Steam 表情	5b2T5YmN6LSm5Y+35pqC5peg5Y+v55SoIFN0ZWFtIOihqOaDhQ==	com.xiaoji.egggame.features.steam/values-zh-rCN/strings.commonMain.cvr	33
com.xiaoji.egggame.features.steam	string	features_steam_chat_empty_recent	暂无最近使用的表情或贴纸	5pqC5peg5pyA6L+R5L2/55So55qE6KGo5oOF5oiW6LS057q4	com.xiaoji.egggame.features.steam/values-zh-rCN/strings.commonMain.cvr	34
com.xiaoji.egggame.features.steam	string	features_steam_chat_empty_select_friend	选择一位好友开始聊天	6YCJ5oup5LiA5L2N5aW95Y+L5byA5aeL6IGK5aSp	com.xiaoji.egggame.features.steam/values-zh-rCN/strings.commonMain.cvr	35
com.xiaoji.egggame.features.steam	string	features_steam_chat_empty_stickers	暂无可用贴纸	5pqC5peg5Y+v55So6LS057q4	com.xiaoji.egggame.features.steam/values-zh-rCN/strings.commonMain.cvr	36
com.xiaoji.egggame.features.steam	string	features_steam_chat_empty_subtitle	你发送的消息会显示在这里	5L2g5Y+R6YCB55qE5raI5oGv5Lya5pi+56S65Zyo6L+Z6YeM	com.xiaoji.egggame.features.steam/values-zh-rCN/strings.commonMain.cvr	37
com.xiaoji.egggame.features.steam	string	features_steam_chat_empty_title	暂无消息	5pqC5peg5raI5oGv	com.xiaoji.egggame.features.steam/values-zh-rCN/strings.commonMain.cvr	38
com.xiaoji.egggame.features.steam	string	features_steam_chat_expand	展开	5bGV5byA	com.xiaoji.egggame.features.steam/values-zh-rCN/strings.commonMain.cvr	39
com.xiaoji.egggame.features.steam	string	features_steam_chat_history_load_failed	聊天记录加载失败	6IGK5aSp6K6w5b2V5Yqg6L295aSx6LSl	com.xiaoji.egggame.features.steam/values-zh-rCN/strings.commonMain.cvr	40
com.xiaoji.egggame.features.steam	string	features_steam_chat_image_upload_failed	图片上传失败	5Zu+54mH5LiK5Lyg5aSx6LSl	com.xiaoji.egggame.features.steam/values-zh-rCN/strings.commonMain.cvr	41
com.xiaoji.egggame.features.steam	string	features_steam_chat_image_upload_timeout	图片上传超时	5Zu+54mH5LiK5Lyg6LaF5pe2	com.xiaoji.egggame.features.steam/values-zh-rCN/strings.commonMain.cvr	42
com.xiaoji.egggame.features.steam	string	features_steam_chat_image	图片	5Zu+54mH	com.xiaoji.egggame.features.steam/values-zh-rCN/strings.commonMain.cvr	43
com.xiaoji.egggame.features.steam	string	features_steam_chat_invite_action_copy_link	复制邀请链接	5aSN5Yi26YKA6K+36ZO+5o6l	com.xiaoji.egggame.features.steam/values-zh-rCN/strings.commonMain.cvr	44
com.xiaoji.egggame.features.steam	string	features_steam_chat_invite_action_expired	已失效	5bey5aSx5pWI	com.xiaoji.egggame.features.steam/values-zh-rCN/strings.commonMain.cvr	45
com.xiaoji.egggame.features.steam	string	features_steam_chat_invite_action_join_game	加入游戏	5Yqg5YWl5ri45oiP	com.xiaoji.egggame.features.steam/values-zh-rCN/strings.commonMain.cvr	46
com.xiaoji.egggame.features.steam	string	features_steam_chat_invite_action_join_lobby	加入组队	5Yqg5YWl57uE6Zif	com.xiaoji.egggame.features.steam/values-zh-rCN/strings.commonMain.cvr	47
com.xiaoji.egggame.features.steam	string	features_steam_chat_invite_action_join_remote_play	加入 Remote Play	5Yqg5YWlIFJlbW90ZSBQbGF5	com.xiaoji.egggame.features.steam/values-zh-rCN/strings.commonMain.cvr	48
com.xiaoji.egggame.features.steam	string	features_steam_chat_invite_action_open_invite	打开邀请	5omT5byA6YKA6K+3	com.xiaoji.egggame.features.steam/values-zh-rCN/strings.commonMain.cvr	49
com.xiaoji.egggame.features.steam	string	features_steam_chat_invite_action_play_game	开始游戏	5byA5aeL5ri45oiP	com.xiaoji.egggame.features.steam/values-zh-rCN/strings.commonMain.cvr	50
com.xiaoji.egggame.features.steam	string	features_steam_chat_invite_action_playtest	参与 Playtest	5Y+C5LiOIFBsYXl0ZXN0	com.xiaoji.egggame.features.steam/values-zh-rCN/strings.commonMain.cvr	51
com.xiaoji.egggame.features.steam	string	features_steam_chat_invite_action_view_trade	查看交易报价	5p+l55yL5Lqk5piT5oql5Lu3	com.xiaoji.egggame.features.steam/values-zh-rCN/strings.commonMain.cvr	52
com.xiaoji.egggame.features.steam	string	features_steam_chat_invite_action_watch_broadcast	观看直播	6KeC55yL55u05pKt	com.xiaoji.egggame.features.steam/values-zh-rCN/strings.commonMain.cvr	53
com.xiaoji.egggame.features.steam	string	features_steam_chat_invite_app_id_format	应用 %1$s	5bqU55SoICUxJHM=	com.xiaoji.egggame.features.steam/values-zh-rCN/strings.commonMain.cvr	54
com.xiaoji.egggame.features.steam	string	features_steam_chat_invite_broadcast_with_app	%1$s 直播邀请	JTEkcyDnm7Tmkq3pgoDor7c=	com.xiaoji.egggame.features.steam/values-zh-rCN/strings.commonMain.cvr	55
com.xiaoji.egggame.features.steam	string	features_steam_chat_invite_broadcast	Steam 直播邀请	U3RlYW0g55u05pKt6YKA6K+3	com.xiaoji.egggame.features.steam/values-zh-rCN/strings.commonMain.cvr	56
com.xiaoji.egggame.features.steam	string	features_steam_chat_invite_chat	Steam 聊天邀请	U3RlYW0g6IGK5aSp6YKA6K+3	com.xiaoji.egggame.features.steam/values-zh-rCN/strings.commonMain.cvr	57
com.xiaoji.egggame.features.steam	string	features_steam_chat_invite_code_format	邀请码 %1$s	6YKA6K+356CBICUxJHM=	com.xiaoji.egggame.features.steam/values-zh-rCN/strings.commonMain.cvr	58
com.xiaoji.egggame.features.steam	string	features_steam_chat_invite_connect_attached	已附加连接信息	5bey6ZmE5Yqg6L+e5o6l5L+h5oGv	com.xiaoji.egggame.features.steam/values-zh-rCN/strings.commonMain.cvr	59
com.xiaoji.egggame.features.steam	string	features_steam_chat_invite_content_fallback	来自 Steam 的邀请内容	5p2l6IeqIFN0ZWFtIOeahOmCgOivt+WGheWuuQ==	com.xiaoji.egggame.features.steam/values-zh-rCN/strings.commonMain.cvr	60
com.xiaoji.egggame.features.steam	string	features_steam_chat_invite_from_sender_format	%1$s 的 Steam 邀请	JTEkcyDnmoQgU3RlYW0g6YKA6K+3	com.xiaoji.egggame.features.steam/values-zh-rCN/strings.commonMain.cvr	61
com.xiaoji.egggame.features.steam	string	features_steam_chat_invite_game_with_app	%1$s 游戏邀请	JTEkcyDmuLjmiI/pgoDor7c=	com.xiaoji.egggame.features.steam/values-zh-rCN/strings.commonMain.cvr	62
com.xiaoji.egggame.features.steam	string	features_steam_chat_invite_game	Steam 游戏邀请	U3RlYW0g5ri45oiP6YKA6K+3	com.xiaoji.egggame.features.steam/values-zh-rCN/strings.commonMain.cvr	63
com.xiaoji.egggame.features.steam	string	features_steam_chat_invite_generic	Steam 邀请	U3RlYW0g6YKA6K+3	com.xiaoji.egggame.features.steam/values-zh-rCN/strings.commonMain.cvr	64
com.xiaoji.egggame.features.steam	string	features_steam_chat_invite_lobby_connect_with_app	%1$s 连接邀请	JTEkcyDov57mjqXpgoDor7c=	com.xiaoji.egggame.features.steam/values-zh-rCN/strings.commonMain.cvr	65
com.xiaoji.egggame.features.steam	string	features_steam_chat_invite_lobby_connect	Steam 大厅连接邀请	U3RlYW0g5aSn5Y6F6L+e5o6l6YKA6K+3	com.xiaoji.egggame.features.steam/values-zh-rCN/strings.commonMain.cvr	66
com.xiaoji.egggame.features.steam	string	features_steam_chat_invite_lobby_id_format	大厅 %1$s	5aSn5Y6FICUxJHM=	com.xiaoji.egggame.features.steam/values-zh-rCN/strings.commonMain.cvr	67
com.xiaoji.egggame.features.steam	string	features_steam_chat_invite_lobby_with_app	%1$s 大厅邀请	JTEkcyDlpKfljoXpgoDor7c=	com.xiaoji.egggame.features.steam/values-zh-rCN/strings.commonMain.cvr	68
com.xiaoji.egggame.features.steam	string	features_steam_chat_invite_lobby	Steam 大厅邀请	U3RlYW0g5aSn5Y6F6YKA6K+3	com.xiaoji.egggame.features.steam/values-zh-rCN/strings.commonMain.cvr	69
com.xiaoji.egggame.features.steam	string	features_steam_chat_invite_playtest_with_app	%1$s Playtest 邀请	JTEkcyBQbGF5dGVzdCDpgoDor7c=	com.xiaoji.egggame.features.steam/values-zh-rCN/strings.commonMain.cvr	70
com.xiaoji.egggame.features.steam	string	features_steam_chat_invite_playtest	Steam Playtest 邀请	U3RlYW0gUGxheXRlc3Qg6YKA6K+3	com.xiaoji.egggame.features.steam/values-zh-rCN/strings.commonMain.cvr	71
com.xiaoji.egggame.features.steam	string	features_steam_chat_invite_remote_play_with_app	%1$s Remote Play 邀请	JTEkcyBSZW1vdGUgUGxheSDpgoDor7c=	com.xiaoji.egggame.features.steam/values-zh-rCN/strings.commonMain.cvr	72
com.xiaoji.egggame.features.steam	string	features_steam_chat_invite_remote_play	Remote Play Together 邀请	UmVtb3RlIFBsYXkgVG9nZXRoZXIg6YKA6K+3	com.xiaoji.egggame.features.steam/values-zh-rCN/strings.commonMain.cvr	73
com.xiaoji.egggame.features.steam	string	features_steam_chat_invite_sender_play_format	%1$s 邀请你一起玩	JTEkcyDpgoDor7fkvaDkuIDotbfnjqk=	com.xiaoji.egggame.features.steam/values-zh-rCN/strings.commonMain.cvr	74
com.xiaoji.egggame.features.steam	string	features_steam_chat_invite_sender_playtest_format	%1$s 邀请你参与 Playtest	JTEkcyDpgoDor7fkvaDlj4LkuI4gUGxheXRlc3Q=	com.xiaoji.egggame.features.steam/values-zh-rCN/strings.commonMain.cvr	75
com.xiaoji.egggame.features.steam	string	features_steam_chat_invite_sender_remote_play_format	%1$s 邀请你进行 Remote Play	JTEkcyDpgoDor7fkvaDov5vooYwgUmVtb3RlIFBsYXk=	com.xiaoji.egggame.features.steam/values-zh-rCN/strings.commonMain.cvr	76
com.xiaoji.egggame.features.steam	string	features_steam_chat_invite_sender_trade_format	%1$s 向你发送了交易报价	JTEkcyDlkJHkvaDlj5HpgIHkuobkuqTmmJPmiqXku7c=	com.xiaoji.egggame.features.steam/values-zh-rCN/strings.commonMain.cvr	77
com.xiaoji.egggame.features.steam	string	features_steam_chat_invite_sender_watch_format	%1$s 邀请你观看	JTEkcyDpgoDor7fkvaDop4LnnIs=	com.xiaoji.egggame.features.steam/values-zh-rCN/strings.commonMain.cvr	78
com.xiaoji.egggame.features.steam	string	features_steam_chat_invite_trade	Steam 交易邀请	U3RlYW0g5Lqk5piT6YKA6K+3	com.xiaoji.egggame.features.steam/values-zh-rCN/strings.commonMain.cvr	79
com.xiaoji.egggame.features.steam	string	features_steam_chat_loading_older	正在加载更早的消息	5q2j5Zyo5Yqg6L295pu05pep55qE5raI5oGv	com.xiaoji.egggame.features.steam/values-zh-rCN/strings.commonMain.cvr	80
com.xiaoji.egggame.features.steam	string	features_steam_chat_message_placeholder	消息	5raI5oGv	com.xiaoji.egggame.features.steam/values-zh-rCN/strings.commonMain.cvr	81
com.xiaoji.egggame.features.steam	string	features_steam_chat_notification_close	关闭	5YWz6Zet	com.xiaoji.egggame.features.steam/values-zh-rCN/strings.commonMain.cvr	82
com.xiaoji.egggame.features.steam	string	features_steam_chat_notification_default_message	发来一条消息	5Y+R5p2l5LiA5p2h5raI5oGv	com.xiaoji.egggame.features.steam/values-zh-rCN/strings.commonMain.cvr	83
com.xiaoji.egggame.features.steam	string	features_steam_chat_notification_now	现在	546w5Zyo	com.xiaoji.egggame.features.steam/values-zh-rCN/strings.commonMain.cvr	84
com.xiaoji.egggame.features.steam	string	features_steam_chat_older_load_failed	更早消息加载失败	5pu05pep5raI5oGv5Yqg6L295aSx6LSl	com.xiaoji.egggame.features.steam/values-zh-rCN/strings.commonMain.cvr	85
com.xiaoji.egggame.features.steam	string	features_steam_chat_open_steam	打开 Steam	5omT5byAIFN0ZWFt	com.xiaoji.egggame.features.steam/values-zh-rCN/strings.commonMain.cvr	86
com.xiaoji.egggame.features.steam	string	features_steam_chat_pick_image	选择图片	6YCJ5oup5Zu+54mH	com.xiaoji.egggame.features.steam/values-zh-rCN/strings.commonMain.cvr	87
com.xiaoji.egggame.features.steam	string	features_steam_chat_preview_image	[图片]	W+WbvueJh10=	com.xiaoji.egggame.features.steam/values-zh-rCN/strings.commonMain.cvr	88
com.xiaoji.egggame.features.steam	string	features_steam_chat_preview_spoiler	[剧透]	W+WJp+mAj10=	com.xiaoji.egggame.features.steam/values-zh-rCN/strings.commonMain.cvr	89
com.xiaoji.egggame.features.steam	string	features_steam_chat_preview_sticker_format	[贴纸] %1$s	W+i0tOe6uF0gJTEkcw==	com.xiaoji.egggame.features.steam/values-zh-rCN/strings.commonMain.cvr	90
com.xiaoji.egggame.features.steam	string	features_steam_chat_recent_emoticons	最近使用的表情	5pyA6L+R5L2/55So55qE6KGo5oOF	com.xiaoji.egggame.features.steam/values-zh-rCN/strings.commonMain.cvr	91
com.xiaoji.egggame.features.steam	string	features_steam_chat_recent_stickers	最近使用的贴纸	5pyA6L+R5L2/55So55qE6LS057q4	com.xiaoji.egggame.features.steam/values-zh-rCN/strings.commonMain.cvr	92
com.xiaoji.egggame.features.steam	string	features_steam_chat_retry	重试	6YeN6K+V	com.xiaoji.egggame.features.steam/values-zh-rCN/strings.commonMain.cvr	93
com.xiaoji.egggame.features.steam	string	features_steam_chat_send_action	发送	5Y+R6YCB	com.xiaoji.egggame.features.steam/values-zh-rCN/strings.commonMain.cvr	94
com.xiaoji.egggame.features.steam	string	features_steam_chat_send_failed_retry	发送失败，点击重试	5Y+R6YCB5aSx6LSl77yM54K55Ye76YeN6K+V	com.xiaoji.egggame.features.steam/values-zh-rCN/strings.commonMain.cvr	95
com.xiaoji.egggame.features.steam	string	features_steam_chat_send_failed	发送失败	5Y+R6YCB5aSx6LSl	com.xiaoji.egggame.features.steam/values-zh-rCN/strings.commonMain.cvr	96
com.xiaoji.egggame.features.steam	string	features_steam_chat_send_image_content_description	发送图片	5Y+R6YCB5Zu+54mH	com.xiaoji.egggame.features.steam/values-zh-rCN/strings.commonMain.cvr	97
com.xiaoji.egggame.features.steam	string	features_steam_chat_sending	发送中	5Y+R6YCB5Lit	com.xiaoji.egggame.features.steam/values-zh-rCN/strings.commonMain.cvr	98
com.xiaoji.egggame.features.steam	string	features_steam_chat_spoiler	剧透	5Ymn6YCP	com.xiaoji.egggame.features.steam/values-zh-rCN/strings.commonMain.cvr	99
com.xiaoji.egggame.features.steam	string	features_steam_chat_stickers_load_failed	Steam 贴纸加载失败	U3RlYW0g6LS057q45Yqg6L295aSx6LSl	com.xiaoji.egggame.features.steam/values-zh-rCN/strings.commonMain.cvr	100
com.xiaoji.egggame.features.steam	string	features_steam_chat_tab_emoticons	表情	6KGo5oOF	com.xiaoji.egggame.features.steam/values-zh-rCN/strings.commonMain.cvr	101
com.xiaoji.egggame.features.steam	string	features_steam_chat_tab_recent	最近	5pyA6L+R	com.xiaoji.egggame.features.steam/values-zh-rCN/strings.commonMain.cvr	102
com.xiaoji.egggame.features.steam	string	features_steam_chat_tab_stickers	贴纸	6LS057q4	com.xiaoji.egggame.features.steam/values-zh-rCN/strings.commonMain.cvr	103
com.xiaoji.egggame.features.steam	string	features_steam_chat_today	今天	5LuK5aSp	com.xiaoji.egggame.features.steam/values-zh-rCN/strings.commonMain.cvr	104
com.xiaoji.egggame.features.steam	string	features_steam_chat_typing_title	对方输入中...	5a+55pa56L6T5YWl5LitLi4u	com.xiaoji.egggame.features.steam/values-zh-rCN/strings.commonMain.cvr	105
com.xiaoji.egggame.features.steam	string	features_steam_chat_unread_separator	未读消息	5pyq6K+75raI5oGv	com.xiaoji.egggame.features.steam/values-zh-rCN/strings.commonMain.cvr	106
com.xiaoji.egggame.features.steam	string	features_steam_chat_uploading_image	正在上传图片	5q2j5Zyo5LiK5Lyg5Zu+54mH	com.xiaoji.egggame.features.steam/values-zh-rCN/strings.commonMain.cvr	107
com.xiaoji.egggame.features.steam	string	features_steam_code_sent_to	已将验证码发送至：%1$s	5bey5bCG6aqM6K+B56CB5Y+R6YCB6Iez77yaJTEkcw==	com.xiaoji.egggame.features.steam/values-zh-rCN/strings.commonMain.cvr	108
com.xiaoji.egggame.features.steam	string	features_steam_confirm	确认	56Gu6K6k	com.xiaoji.egggame.features.steam/values-zh-rCN/strings.commonMain.cvr	109
com.xiaoji.egggame.features.steam	string	features_steam_current_account	当前使用	5b2T5YmN5L2/55So	com.xiaoji.egggame.features.steam/values-zh-rCN/strings.commonMain.cvr	110
com.xiaoji.egggame.features.steam	string	features_steam_device_auth_button	前往Steam授权	5YmN5b6AU3RlYW3mjojmnYM=	com.xiaoji.egggame.features.steam/values-zh-rCN/strings.commonMain.cvr	111
com.xiaoji.egggame.features.steam	string	features_steam_device_instruction_detail	打开 Steam 手机应用，查看登录请求详情并确认	5omT5byAIFN0ZWFtIOaJi+acuuW6lOeUqO+8jOafpeeci+eZu+W9leivt+axguivpuaDheW5tuehruiupA==	com.xiaoji.egggame.features.steam/values-zh-rCN/strings.commonMain.cvr	112
com.xiaoji.egggame.features.steam	string	features_steam_device_instruction	使用 Steam 手机应用来确认登录	5L2/55SoIFN0ZWFtIOaJi+acuuW6lOeUqOadpeehruiupOeZu+W9lQ==	com.xiaoji.egggame.features.steam/values-zh-rCN/strings.commonMain.cvr	113
com.xiaoji.egggame.features.steam	string	features_steam_device_protected	此账户受到手机验证器保护	5q2k6LSm5oi35Y+X5Yiw5omL5py66aqM6K+B5Zmo5L+d5oqk	com.xiaoji.egggame.features.steam/values-zh-rCN/strings.commonMain.cvr	114
com.xiaoji.egggame.features.steam	string	features_steam_error_account_required	请输入账户名称	6K+36L6T5YWl6LSm5oi35ZCN56ew	com.xiaoji.egggame.features.steam/values-zh-rCN/strings.commonMain.cvr	115
com.xiaoji.egggame.features.steam	string	features_steam_error_credentials_expired	Steam 登录已失效，请重新登录	U3RlYW0g55m75b2V5bey5aSx5pWI77yM6K+36YeN5paw55m75b2V	com.xiaoji.egggame.features.steam/values-zh-rCN/strings.commonMain.cvr	116
com.xiaoji.egggame.features.steam	string	features_steam_error_guard_code_invalid	验证码错误，请重新输入	6aqM6K+B56CB6ZSZ6K+v77yM6K+36YeN5paw6L6T5YWl	com.xiaoji.egggame.features.steam/values-zh-rCN/strings.commonMain.cvr	117
com.xiaoji.egggame.features.steam	string	features_steam_error_login_cancelled	已取消 Steam 登录	5bey5Y+W5raIIFN0ZWFtIOeZu+W9lQ==	com.xiaoji.egggame.features.steam/values-zh-rCN/strings.commonMain.cvr	118
com.xiaoji.egggame.features.steam	string	features_steam_error_login_failed	登录失败，请重试	55m75b2V5aSx6LSl77yM6K+36YeN6K+V	com.xiaoji.egggame.features.steam/values-zh-rCN/strings.commonMain.cvr	119
com.xiaoji.egggame.features.steam	string	features_steam_error_offline	当前无网络，仍可使用已缓存的 Steam 数据	5b2T5YmN5peg572R57uc77yM5LuN5Y+v5L2/55So5bey57yT5a2Y55qEIFN0ZWFtIOaVsOaNrg==	com.xiaoji.egggame.features.steam/values-zh-rCN/strings.commonMain.cvr	120
com.xiaoji.egggame.features.steam	string	features_steam_error_password_invalid	账号或密码错误	6LSm5Y+35oiW5a+G56CB6ZSZ6K+v	com.xiaoji.egggame.features.steam/values-zh-rCN/strings.commonMain.cvr	121
com.xiaoji.egggame.features.steam	string	features_steam_error_password_required	请输入密码	6K+36L6T5YWl5a+G56CB	com.xiaoji.egggame.features.steam/values-zh-rCN/strings.commonMain.cvr	122
com.xiaoji.egggame.features.steam	string	features_steam_error_rate_limited	Steam 登录尝试过于频繁，请稍后再试	U3RlYW0g55m75b2V5bCd6K+V6L+H5LqO6aKR57mB77yM6K+356iN5ZCO5YaN6K+V	com.xiaoji.egggame.features.steam/values-zh-rCN/strings.commonMain.cvr	123
com.xiaoji.egggame.features.steam	string	features_steam_error_verification_required	Steam 需要验证，请重新登录	U3RlYW0g6ZyA6KaB6aqM6K+B77yM6K+36YeN5paw55m75b2V	com.xiaoji.egggame.features.steam/values-zh-rCN/strings.commonMain.cvr	124
com.xiaoji.egggame.features.steam	string	features_steam_friend_menu_add_nickname	添加备注	5re75Yqg5aSH5rOo	com.xiaoji.egggame.features.steam/values-zh-rCN/strings.commonMain.cvr	125
com.xiaoji.egggame.features.steam	string	features_steam_friend_menu_change_nickname	修改备注	5L+u5pS55aSH5rOo	com.xiaoji.egggame.features.steam/values-zh-rCN/strings.commonMain.cvr	126
com.xiaoji.egggame.features.steam	string	features_steam_friend_menu_join_game	加入游戏	5Yqg5YWl5ri45oiP	com.xiaoji.egggame.features.steam/values-zh-rCN/strings.commonMain.cvr	127
com.xiaoji.egggame.features.steam	string	features_steam_friend_menu_join_unavailable	暂时无法从这里加入该游戏	5pqC5pe25peg5rOV5LuO6L+Z6YeM5Yqg5YWl6K+l5ri45oiP	com.xiaoji.egggame.features.steam/values-zh-rCN/strings.commonMain.cvr	128
com.xiaoji.egggame.features.steam	string	features_steam_friend_menu_more_content_description	好友操作	5aW95Y+L5pON5L2c	com.xiaoji.egggame.features.steam/values-zh-rCN/strings.commonMain.cvr	129
com.xiaoji.egggame.features.steam	string	features_steam_friend_menu_nickname_dialog_title_add	添加备注	5re75Yqg5aSH5rOo	com.xiaoji.egggame.features.steam/values-zh-rCN/strings.commonMain.cvr	130
com.xiaoji.egggame.features.steam	string	features_steam_friend_menu_nickname_dialog_title_change	修改备注	5L+u5pS55aSH5rOo	com.xiaoji.egggame.features.steam/values-zh-rCN/strings.commonMain.cvr	131
com.xiaoji.egggame.features.steam	string	features_steam_friend_menu_nickname_failed	备注更新失败	5aSH5rOo5pu05paw5aSx6LSl	com.xiaoji.egggame.features.steam/values-zh-rCN/strings.commonMain.cvr	132
com.xiaoji.egggame.features.steam	string	features_steam_friend_menu_nickname_hint_add	添加一个持久备注，方便识别这个好友。	5re75Yqg5LiA5Liq5oyB5LmF5aSH5rOo77yM5pa55L6/6K+G5Yir6L+Z5Liq5aW95Y+L44CC	com.xiaoji.egggame.features.steam/values-zh-rCN/strings.commonMain.cvr	133
com.xiaoji.egggame.features.steam	string	features_steam_friend_menu_nickname_hint_change	修改你为这个好友设置的备注。留空可清除备注。	5L+u5pS55L2g5Li66L+Z5Liq5aW95Y+L6K6+572u55qE5aSH5rOo44CC55WZ56m65Y+v5riF6Zmk5aSH5rOo44CC	com.xiaoji.egggame.features.steam/values-zh-rCN/strings.commonMain.cvr	134
com.xiaoji.egggame.features.steam	string	features_steam_friend_menu_nickname_placeholder	无备注	5peg5aSH5rOo	com.xiaoji.egggame.features.steam/values-zh-rCN/strings.commonMain.cvr	135
com.xiaoji.egggame.features.steam	string	features_steam_friend_menu_nickname_save	保存	5L+d5a2Y	com.xiaoji.egggame.features.steam/values-zh-rCN/strings.commonMain.cvr	136
com.xiaoji.egggame.features.steam	string	features_steam_friend_menu_nickname_success	备注已更新	5aSH5rOo5bey5pu05paw	com.xiaoji.egggame.features.steam/values-zh-rCN/strings.commonMain.cvr	137
com.xiaoji.egggame.features.steam	string	features_steam_friend_menu_remote_play_unavailable	暂时无法从这里发起 Remote Play Together	5pqC5pe25peg5rOV5LuO6L+Z6YeM5Y+R6LW3IFJlbW90ZSBQbGF5IFRvZ2V0aGVy	com.xiaoji.egggame.features.steam/values-zh-rCN/strings.commonMain.cvr	138
com.xiaoji.egggame.features.steam	string	features_steam_friend_menu_remote_play	Remote Play Together	UmVtb3RlIFBsYXkgVG9nZXRoZXI=	com.xiaoji.egggame.features.steam/values-zh-rCN/strings.commonMain.cvr	139
com.xiaoji.egggame.features.steam	string	features_steam_friend_menu_remove_confirm_message	要从 Steam 好友中移除 %1$s 吗？	6KaB5LuOIFN0ZWFtIOWlveWPi+S4reenu+mZpCAlMSRzIOWQl++8nw==	com.xiaoji.egggame.features.steam/values-zh-rCN/strings.commonMain.cvr	140
com.xiaoji.egggame.features.steam	string	features_steam_friend_menu_remove_confirm_title	移除好友	56e76Zmk5aW95Y+L	com.xiaoji.egggame.features.steam/values-zh-rCN/strings.commonMain.cvr	141
com.xiaoji.egggame.features.steam	string	features_steam_friend_menu_remove_confirm	移除	56e76Zmk	com.xiaoji.egggame.features.steam/values-zh-rCN/strings.commonMain.cvr	142
com.xiaoji.egggame.features.steam	string	features_steam_friend_menu_remove_failed	移除好友失败	56e76Zmk5aW95Y+L5aSx6LSl	com.xiaoji.egggame.features.steam/values-zh-rCN/strings.commonMain.cvr	143
com.xiaoji.egggame.features.steam	string	features_steam_friend_menu_remove_friend	移除好友	56e76Zmk5aW95Y+L	com.xiaoji.egggame.features.steam/values-zh-rCN/strings.commonMain.cvr	144
com.xiaoji.egggame.features.steam	string	features_steam_friend_menu_remove_success	已移除好友	5bey56e76Zmk5aW95Y+L	com.xiaoji.egggame.features.steam/values-zh-rCN/strings.commonMain.cvr	145
com.xiaoji.egggame.features.steam	string	features_steam_friend_menu_send_message	发送消息	5Y+R6YCB5raI5oGv	com.xiaoji.egggame.features.steam/values-zh-rCN/strings.commonMain.cvr	146
com.xiaoji.egggame.features.steam	string	features_steam_friend_menu_view_profile	查看个人资料	5p+l55yL5Liq5Lq66LWE5paZ	com.xiaoji.egggame.features.steam/values-zh-rCN/strings.commonMain.cvr	147
com.xiaoji.egggame.features.steam	string	features_steam_friend_profile_copy_friend_code	复制好友码	5aSN5Yi25aW95Y+L56CB	com.xiaoji.egggame.features.steam/values-zh-rCN/strings.commonMain.cvr	148
com.xiaoji.egggame.features.steam	string	features_steam_friend_profile_empty_default	暂无游戏	5pqC5peg5ri45oiP	com.xiaoji.egggame.features.steam/values-zh-rCN/strings.commonMain.cvr	149
com.xiaoji.egggame.features.steam	string	features_steam_friend_profile_empty_search	未找到匹配的游戏	5pyq5om+5Yiw5Yy56YWN55qE5ri45oiP	com.xiaoji.egggame.features.steam/values-zh-rCN/strings.commonMain.cvr	150
com.xiaoji.egggame.features.steam	string	features_steam_friend_profile_joined_months_format	%1$d个月	JTEkZOS4quaciA==	com.xiaoji.egggame.features.steam/values-zh-rCN/strings.commonMain.cvr	151
com.xiaoji.egggame.features.steam	string	features_steam_friend_profile_joined_recent	最近加入	5pyA6L+R5Yqg5YWl	com.xiaoji.egggame.features.steam/values-zh-rCN/strings.commonMain.cvr	152
com.xiaoji.egggame.features.steam	string	features_steam_friend_profile_joined_years_format	%1$d年	JTEkZOW5tA==	com.xiaoji.egggame.features.steam/values-zh-rCN/strings.commonMain.cvr	153
com.xiaoji.egggame.features.steam	string	features_steam_friend_profile_joined_years_months_format	%1$d年%2$d个月	JTEkZOW5tCUyJGTkuKrmnIg=	com.xiaoji.egggame.features.steam/values-zh-rCN/strings.commonMain.cvr	154
com.xiaoji.egggame.features.steam	string	features_steam_friend_profile_label_account	账户	6LSm5oi3	com.xiaoji.egggame.features.steam/values-zh-rCN/strings.commonMain.cvr	155
com.xiaoji.egggame.features.steam	string	features_steam_friend_profile_label_avatar_frame	头像边框	5aS05YOP6L655qGG	com.xiaoji.egggame.features.steam/values-zh-rCN/strings.commonMain.cvr	156
com.xiaoji.egggame.features.steam	string	features_steam_friend_profile_label_current_game	正在玩	5q2j5Zyo546p	com.xiaoji.egggame.features.steam/values-zh-rCN/strings.commonMain.cvr	157
com.xiaoji.egggame.features.steam	string	features_steam_friend_profile_label_favorite_badge	最爱徽章	5pyA54ix5b6956ug	com.xiaoji.egggame.features.steam/values-zh-rCN/strings.commonMain.cvr	158
com.xiaoji.egggame.features.steam	string	features_steam_friend_profile_label_game_privacy	游戏状态	5ri45oiP54q25oCB	com.xiaoji.egggame.features.steam/values-zh-rCN/strings.commonMain.cvr	159
com.xiaoji.egggame.features.steam	string	features_steam_friend_profile_label_joined	加入时间	5Yqg5YWl5pe26Ze0	com.xiaoji.egggame.features.steam/values-zh-rCN/strings.commonMain.cvr	160
com.xiaoji.egggame.features.steam	string	features_steam_friend_profile_label_level	等级	562J57qn	com.xiaoji.egggame.features.steam/values-zh-rCN/strings.commonMain.cvr	161
com.xiaoji.egggame.features.steam	string	features_steam_friend_profile_label_lobby	组队大厅	57uE6Zif5aSn5Y6F	com.xiaoji.egggame.features.steam/values-zh-rCN/strings.commonMain.cvr	162
com.xiaoji.egggame.features.steam	string	features_steam_friend_profile_label_profile_background	背景	6IOM5pmv	com.xiaoji.egggame.features.steam/values-zh-rCN/strings.commonMain.cvr	163
com.xiaoji.egggame.features.steam	string	features_steam_friend_profile_label_status	状态	54q25oCB	com.xiaoji.egggame.features.steam/values-zh-rCN/strings.commonMain.cvr	164
com.xiaoji.egggame.features.steam	string	features_steam_friend_profile_label_steam_id	ID	SUQ=	com.xiaoji.egggame.features.steam/values-zh-rCN/strings.commonMain.cvr	165
com.xiaoji.egggame.features.steam	string	features_steam_friend_profile_label_theme	主题	5Li76aKY	com.xiaoji.egggame.features.steam/values-zh-rCN/strings.commonMain.cvr	166
com.xiaoji.egggame.features.steam	string	features_steam_friend_profile_label_visibility	可见性	5Y+v6KeB5oCn	com.xiaoji.egggame.features.steam/values-zh-rCN/strings.commonMain.cvr	167
com.xiaoji.egggame.features.steam	string	features_steam_friend_profile_load_failed	加载失败	5Yqg6L295aSx6LSl	com.xiaoji.egggame.features.steam/values-zh-rCN/strings.commonMain.cvr	168
com.xiaoji.egggame.features.steam	string	features_steam_friend_profile_no_signature	还没有个性签名	6L+Y5rKh5pyJ5Liq5oCn562+5ZCN	com.xiaoji.egggame.features.steam/values-zh-rCN/strings.commonMain.cvr	169
com.xiaoji.egggame.features.steam	string	features_steam_friend_profile_playing_format	正在玩 %1$s	5q2j5Zyo546pICUxJHM=	com.xiaoji.egggame.features.steam/values-zh-rCN/strings.commonMain.cvr	170
com.xiaoji.egggame.features.steam	string	features_steam_friend_profile_retry	重试	6YeN6K+V	com.xiaoji.egggame.features.steam/values-zh-rCN/strings.commonMain.cvr	171
com.xiaoji.egggame.features.steam	string	features_steam_friend_profile_search_hint	搜索	5pCc57Si	com.xiaoji.egggame.features.steam/values-zh-rCN/strings.commonMain.cvr	172
com.xiaoji.egggame.features.steam	string	features_steam_friend_profile_section_about	个人资料	5Liq5Lq66LWE5paZ	com.xiaoji.egggame.features.steam/values-zh-rCN/strings.commonMain.cvr	173
com.xiaoji.egggame.features.steam	string	features_steam_friend_profile_sort_achievements	成就	5oiQ5bCx	com.xiaoji.egggame.features.steam/values-zh-rCN/strings.commonMain.cvr	174
com.xiaoji.egggame.features.steam	string	features_steam_friend_profile_sort_total	总时长	5oC75pe26ZW/	com.xiaoji.egggame.features.steam/values-zh-rCN/strings.commonMain.cvr	175
com.xiaoji.egggame.features.steam	string	features_steam_friend_profile_sort_two_week	两周	5Lik5ZGo	com.xiaoji.egggame.features.steam/values-zh-rCN/strings.commonMain.cvr	176
com.xiaoji.egggame.features.steam	string	features_steam_friend_profile_stat_achievements	成就	5oiQ5bCx	com.xiaoji.egggame.features.steam/values-zh-rCN/strings.commonMain.cvr	177
com.xiaoji.egggame.features.steam	string	features_steam_friend_profile_stat_games	游戏	5ri45oiP	com.xiaoji.egggame.features.steam/values-zh-rCN/strings.commonMain.cvr	178
com.xiaoji.egggame.features.steam	string	features_steam_friend_profile_stat_total_hours	总时长	5oC75pe26ZW/	com.xiaoji.egggame.features.steam/values-zh-rCN/strings.commonMain.cvr	179
com.xiaoji.egggame.features.steam	string	features_steam_friend_profile_stat_two_weeks	近两周	6L+R5Lik5ZGo	com.xiaoji.egggame.features.steam/values-zh-rCN/strings.commonMain.cvr	180
com.xiaoji.egggame.features.steam	string	features_steam_friend_profile_status_away	离开	56a75byA	com.xiaoji.egggame.features.steam/values-zh-rCN/strings.commonMain.cvr	181
com.xiaoji.egggame.features.steam	string	features_steam_friend_profile_status_busy	忙碌	5b+Z56KM	com.xiaoji.egggame.features.steam/values-zh-rCN/strings.commonMain.cvr	182
com.xiaoji.egggame.features.steam	string	features_steam_friend_profile_status_in_game	游戏中	5ri45oiP5Lit	com.xiaoji.egggame.features.steam/values-zh-rCN/strings.commonMain.cvr	183
com.xiaoji.egggame.features.steam	string	features_steam_friend_profile_status_looking_play	想玩游戏	5oOz546p5ri45oiP	com.xiaoji.egggame.features.steam/values-zh-rCN/strings.commonMain.cvr	184
com.xiaoji.egggame.features.steam	string	features_steam_friend_profile_status_looking_trade	想交易	5oOz5Lqk5piT	com.xiaoji.egggame.features.steam/values-zh-rCN/strings.commonMain.cvr	185
com.xiaoji.egggame.features.steam	string	features_steam_friend_profile_status_offline	离线	56a757q/	com.xiaoji.egggame.features.steam/values-zh-rCN/strings.commonMain.cvr	186
com.xiaoji.egggame.features.steam	string	features_steam_friend_profile_status_online	在线	5Zyo57q/	com.xiaoji.egggame.features.steam/values-zh-rCN/strings.commonMain.cvr	187
com.xiaoji.egggame.features.steam	string	features_steam_friend_profile_status_snooze	打盹	5omT55u5	com.xiaoji.egggame.features.steam/values-zh-rCN/strings.commonMain.cvr	188
com.xiaoji.egggame.features.steam	string	features_steam_friend_profile_value_friends_only	仅好友	5LuF5aW95Y+L	com.xiaoji.egggame.features.steam/values-zh-rCN/strings.commonMain.cvr	189
com.xiaoji.egggame.features.steam	string	features_steam_friend_profile_value_private_game	私密会话	56eB5a+G5Lya6K+d	com.xiaoji.egggame.features.steam/values-zh-rCN/strings.commonMain.cvr	190
com.xiaoji.egggame.features.steam	string	features_steam_friend_profile_value_private	私密	56eB5a+G	com.xiaoji.egggame.features.steam/values-zh-rCN/strings.commonMain.cvr	191
com.xiaoji.egggame.features.steam	string	features_steam_friend_profile_value_public_game	可加入会话	5Y+v5Yqg5YWl5Lya6K+d	com.xiaoji.egggame.features.steam/values-zh-rCN/strings.commonMain.cvr	192
com.xiaoji.egggame.features.steam	string	features_steam_friend_profile_value_public	公开	5YWs5byA	com.xiaoji.egggame.features.steam/values-zh-rCN/strings.commonMain.cvr	193
com.xiaoji.egggame.features.steam	string	features_steam_friend_request_accept_failed	接受好友申请失败	5o6l5Y+X5aW95Y+L55Sz6K+35aSx6LSl	com.xiaoji.egggame.features.steam/values-zh-rCN/strings.commonMain.cvr	194
com.xiaoji.egggame.features.steam	string	features_steam_friend_request_accept_success	已接受好友申请	5bey5o6l5Y+X5aW95Y+L55Sz6K+3	com.xiaoji.egggame.features.steam/values-zh-rCN/strings.commonMain.cvr	195
com.xiaoji.egggame.features.steam	string	features_steam_friend_request_accept	接受	5o6l5Y+X	com.xiaoji.egggame.features.steam/values-zh-rCN/strings.commonMain.cvr	196
com.xiaoji.egggame.features.steam	string	features_steam_friend_request_badge_content_description	%1$d 条好友申请	JTEkZCDmnaHlpb3lj4vnlLPor7c=	com.xiaoji.egggame.features.steam/values-zh-rCN/strings.commonMain.cvr	197
com.xiaoji.egggame.features.steam	string	features_steam_friend_request_close	关闭好友申请	5YWz6Zet5aW95Y+L55Sz6K+3	com.xiaoji.egggame.features.steam/values-zh-rCN/strings.commonMain.cvr	198
com.xiaoji.egggame.features.steam	string	features_steam_friend_request_decline_failed	忽略好友申请失败	5b+955Wl5aW95Y+L55Sz6K+35aSx6LSl	com.xiaoji.egggame.features.steam/values-zh-rCN/strings.commonMain.cvr	199
com.xiaoji.egggame.features.steam	string	features_steam_friend_request_decline	忽略	5b+955Wl	com.xiaoji.egggame.features.steam/values-zh-rCN/strings.commonMain.cvr	200
com.xiaoji.egggame.features.steam	string	features_steam_friend_request_empty	暂无好友申请	5pqC5peg5aW95Y+L55Sz6K+3	com.xiaoji.egggame.features.steam/values-zh-rCN/strings.commonMain.cvr	201
com.xiaoji.egggame.features.steam	string	features_steam_friend_request_load_failed	加载好友申请失败	5Yqg6L295aW95Y+L55Sz6K+35aSx6LSl	com.xiaoji.egggame.features.steam/values-zh-rCN/strings.commonMain.cvr	202
com.xiaoji.egggame.features.steam	string	features_steam_friend_request_mutual_count	%1$d 个共同好友	JTEkZCDkuKrlhbHlkIzlpb3lj4s=	com.xiaoji.egggame.features.steam/values-zh-rCN/strings.commonMain.cvr	203
com.xiaoji.egggame.features.steam	string	features_steam_friend_request_subtitle	请求添加你为好友	6K+35rGC5re75Yqg5L2g5Li65aW95Y+L	com.xiaoji.egggame.features.steam/values-zh-rCN/strings.commonMain.cvr	204
com.xiaoji.egggame.features.steam	string	features_steam_friend_request_title	好友申请	5aW95Y+L55Sz6K+3	com.xiaoji.egggame.features.steam/values-zh-rCN/strings.commonMain.cvr	205
com.xiaoji.egggame.features.steam	string	features_steam_friend_status_away	离开	56a75byA	com.xiaoji.egggame.features.steam/values-zh-rCN/strings.commonMain.cvr	206
com.xiaoji.egggame.features.steam	string	features_steam_friend_status_busy	忙碌	5b+Z56KM	com.xiaoji.egggame.features.steam/values-zh-rCN/strings.commonMain.cvr	207
com.xiaoji.egggame.features.steam	string	features_steam_friend_status_in_game	游戏中	5ri45oiP5Lit	com.xiaoji.egggame.features.steam/values-zh-rCN/strings.commonMain.cvr	208
com.xiaoji.egggame.features.steam	string	features_steam_friend_status_offline	离线	56a757q/	com.xiaoji.egggame.features.steam/values-zh-rCN/strings.commonMain.cvr	209
com.xiaoji.egggame.features.steam	string	features_steam_friend_status_online	在线	5Zyo57q/	com.xiaoji.egggame.features.steam/values-zh-rCN/strings.commonMain.cvr	210
com.xiaoji.egggame.features.steam	string	features_steam_friend_status_playing_format	正在玩 %1$s	5q2j5Zyo546pICUxJHM=	com.xiaoji.egggame.features.steam/values-zh-rCN/strings.commonMain.cvr	211
com.xiaoji.egggame.features.steam	string	features_steam_friend_status_play	想玩	5oOz546p	com.xiaoji.egggame.features.steam/values-zh-rCN/strings.commonMain.cvr	212
com.xiaoji.egggame.features.steam	string	features_steam_friend_status_snooze	打盹	5omT55u5	com.xiaoji.egggame.features.steam/values-zh-rCN/strings.commonMain.cvr	213
com.xiaoji.egggame.features.steam	string	features_steam_friend_status_trade	想交易	5oOz5Lqk5piT	com.xiaoji.egggame.features.steam/values-zh-rCN/strings.commonMain.cvr	214
com.xiaoji.egggame.features.steam	string	features_steam_friends_default_name	Steam 好友	U3RlYW0g5aW95Y+L	com.xiaoji.egggame.features.steam/values-zh-rCN/strings.commonMain.cvr	215
com.xiaoji.egggame.features.steam	string	features_steam_friends_empty_search	没有匹配的好友	5rKh5pyJ5Yy56YWN55qE5aW95Y+L	com.xiaoji.egggame.features.steam/values-zh-rCN/strings.commonMain.cvr	216
com.xiaoji.egggame.features.steam	string	features_steam_friends_empty	暂无 Steam 好友	5pqC5pegIFN0ZWFtIOWlveWPiw==	com.xiaoji.egggame.features.steam/values-zh-rCN/strings.commonMain.cvr	217
com.xiaoji.egggame.features.steam	string	features_steam_friends_load_failed	Steam 好友加载失败	U3RlYW0g5aW95Y+L5Yqg6L295aSx6LSl	com.xiaoji.egggame.features.steam/values-zh-rCN/strings.commonMain.cvr	218
com.xiaoji.egggame.features.steam	string	features_steam_friends_search_placeholder	搜索好友	5pCc57Si5aW95Y+L	com.xiaoji.egggame.features.steam/values-zh-rCN/strings.commonMain.cvr	219
com.xiaoji.egggame.features.steam	string	features_steam_friends_section_in_game	游戏中（%1$d）	5ri45oiP5Lit77yIJTEkZO+8iQ==	com.xiaoji.egggame.features.steam/values-zh-rCN/strings.commonMain.cvr	220
com.xiaoji.egggame.features.steam	string	features_steam_friends_section_offline	离线	56a757q/	com.xiaoji.egggame.features.steam/values-zh-rCN/strings.commonMain.cvr	221
com.xiaoji.egggame.features.steam	string	features_steam_friends_section_online	在线	5Zyo57q/	com.xiaoji.egggame.features.steam/values-zh-rCN/strings.commonMain.cvr	222
com.xiaoji.egggame.features.steam	string	features_steam_friends_syncing	正在同步 Steam 好友	5q2j5Zyo5ZCM5q2lIFN0ZWFtIOWlveWPiw==	com.xiaoji.egggame.features.steam/values-zh-rCN/strings.commonMain.cvr	223
com.xiaoji.egggame.features.steam	string	features_steam_friends_title	Steam 好友	U3RlYW0g5aW95Y+L	com.xiaoji.egggame.features.steam/values-zh-rCN/strings.commonMain.cvr	224
com.xiaoji.egggame.features.steam	string	features_steam_game_count	游戏数量	5ri45oiP5pWw6YeP	com.xiaoji.egggame.features.steam/values-zh-rCN/strings.commonMain.cvr	225
com.xiaoji.egggame.features.steam	string	features_steam_gamepad_hint_confirm	确认	56Gu6K6k	com.xiaoji.egggame.features.steam/values-zh-rCN/strings.commonMain.cvr	226
com.xiaoji.egggame.features.steam	string	features_steam_gamepad_hint_more	更多菜单	5pu05aSa6I+c5Y2V	com.xiaoji.egggame.features.steam/values-zh-rCN/strings.commonMain.cvr	227
com.xiaoji.egggame.features.steam	string	features_steam_global_status_connected	Steam 已连接	U3RlYW0g5bey6L+e5o6l	com.xiaoji.egggame.features.steam/values-zh-rCN/strings.commonMain.cvr	228
com.xiaoji.egggame.features.steam	string	features_steam_global_status_connecting	Steam 正在连接	U3RlYW0g5q2j5Zyo6L+e5o6l	com.xiaoji.egggame.features.steam/values-zh-rCN/strings.commonMain.cvr	229
com.xiaoji.egggame.features.steam	string	features_steam_global_status_failed	Steam 连接失败	U3RlYW0g6L+e5o6l5aSx6LSl	com.xiaoji.egggame.features.steam/values-zh-rCN/strings.commonMain.cvr	230
com.xiaoji.egggame.features.steam	string	features_steam_global_status_sync_detail_owned_expand_apps	正在生成已拥有游戏列表	5q2j5Zyo55Sf5oiQ5bey5oul5pyJ5ri45oiP5YiX6KGo	com.xiaoji.egggame.features.steam/values-zh-rCN/strings.commonMain.cvr	231
com.xiaoji.egggame.features.steam	string	features_steam_global_status_sync_detail_owned_fetch_packages	正在补全许可证包信息	5q2j5Zyo6KGl5YWo6K645Y+v6K+B5YyF5L+h5oGv	com.xiaoji.egggame.features.steam/values-zh-rCN/strings.commonMain.cvr	232
com.xiaoji.egggame.features.steam	string	features_steam_global_status_sync_detail_owned_license_wait	正在等待许可证列表	5q2j5Zyo562J5b6F6K645Y+v6K+B5YiX6KGo	com.xiaoji.egggame.features.steam/values-zh-rCN/strings.commonMain.cvr	233
com.xiaoji.egggame.features.steam	string	features_steam_global_status_sync_detail_owned_package_cache_check	正在检查许可证包缓存	5q2j5Zyo5qOA5p+l6K645Y+v6K+B5YyF57yT5a2Y	com.xiaoji.egggame.features.steam/values-zh-rCN/strings.commonMain.cvr	234
com.xiaoji.egggame.features.steam	string	features_steam_global_status_sync_stage_check_delta	正在检查游戏库变化	5q2j5Zyo5qOA5p+l5ri45oiP5bqT5Y+Y5YyW	com.xiaoji.egggame.features.steam/values-zh-rCN/strings.commonMain.cvr	235
com.xiaoji.egggame.features.steam	string	features_steam_global_status_sync_stage_fetch_owned	正在读取已拥有的游戏	5q2j5Zyo6K+75Y+W5bey5oul5pyJ55qE5ri45oiP	com.xiaoji.egggame.features.steam/values-zh-rCN/strings.commonMain.cvr	236
com.xiaoji.egggame.features.steam	string	features_steam_global_status_sync_stage_fetch_playtime	正在更新游玩时间	5q2j5Zyo5pu05paw5ri4546p5pe26Ze0	com.xiaoji.egggame.features.steam/values-zh-rCN/strings.commonMain.cvr	237
com.xiaoji.egggame.features.steam	string	features_steam_global_status_sync_stage_fetch_products	正在加载游戏详情	5q2j5Zyo5Yqg6L295ri45oiP6K+m5oOF	com.xiaoji.egggame.features.steam/values-zh-rCN/strings.commonMain.cvr	238
com.xiaoji.egggame.features.steam	string	features_steam_global_status_sync_stage_fetch_tokens	正在获取访问令牌	5q2j5Zyo6I635Y+W6K6/6Zeu5Luk54mM	com.xiaoji.egggame.features.steam/values-zh-rCN/strings.commonMain.cvr	239
com.xiaoji.egggame.features.steam	string	features_steam_global_status_sync_stage_load_cache	正在读取已缓存的游戏库	5q2j5Zyo6K+75Y+W5bey57yT5a2Y55qE5ri45oiP5bqT	com.xiaoji.egggame.features.steam/values-zh-rCN/strings.commonMain.cvr	240
com.xiaoji.egggame.features.steam	string	features_steam_global_status_sync_stage_merge	正在合并游戏库数据	5q2j5Zyo5ZCI5bm25ri45oiP5bqT5pWw5o2u	com.xiaoji.egggame.features.steam/values-zh-rCN/strings.commonMain.cvr	241
com.xiaoji.egggame.features.steam	string	features_steam_global_status_sync_stage_persist	正在保存游戏库缓存	5q2j5Zyo5L+d5a2Y5ri45oiP5bqT57yT5a2Y	com.xiaoji.egggame.features.steam/values-zh-rCN/strings.commonMain.cvr	242
com.xiaoji.egggame.features.steam	string	features_steam_global_status_syncing	正在同步 Steam 游戏库	5q2j5Zyo5ZCM5q2lIFN0ZWFtIOa4uOaIj+W6kw==	com.xiaoji.egggame.features.steam/values-zh-rCN/strings.commonMain.cvr	243
com.xiaoji.egggame.features.steam	string	features_steam_guard_code_hint	5位字符验证码	NeS9jeWtl+espumqjOivgeeggQ==	com.xiaoji.egggame.features.steam/values-zh-rCN/strings.commonMain.cvr	244
com.xiaoji.egggame.features.steam	string	features_steam_guard_code_label	输入验证码	6L6T5YWl6aqM6K+B56CB	com.xiaoji.egggame.features.steam/values-zh-rCN/strings.commonMain.cvr	245
com.xiaoji.egggame.features.steam	string	features_steam_guard_submit	提交	5o+Q5Lqk	com.xiaoji.egggame.features.steam/values-zh-rCN/strings.commonMain.cvr	246
com.xiaoji.egggame.features.steam	string	features_steam_guard_title	Steam Guard 验证	U3RlYW0gR3VhcmQg6aqM6K+B	com.xiaoji.egggame.features.steam/values-zh-rCN/strings.commonMain.cvr	247
com.xiaoji.egggame.features.steam	string	features_steam_level_format	%1$d级	JTEkZOe6pw==	com.xiaoji.egggame.features.steam/values-zh-rCN/strings.commonMain.cvr	248
com.xiaoji.egggame.features.steam	string	features_steam_level	级	57qn	com.xiaoji.egggame.features.steam/values-zh-rCN/strings.commonMain.cvr	249
com.xiaoji.egggame.features.steam	string	features_steam_login_loading_button	登录中...	55m75b2V5LitLi4u	com.xiaoji.egggame.features.steam/values-zh-rCN/strings.commonMain.cvr	250
com.xiaoji.egggame.features.steam	string	features_steam_login_offline_message	当前无网络，登录和二维码登录将在网络恢复后可用。	5b2T5YmN5peg572R57uc77yM55m75b2V5ZKM5LqM57u056CB55m75b2V5bCG5Zyo572R57uc5oGi5aSN5ZCO5Y+v55So44CC	com.xiaoji.egggame.features.steam/values-zh-rCN/strings.commonMain.cvr	251
com.xiaoji.egggame.features.steam	string	features_steam_login_success	登录成功	55m75b2V5oiQ5Yqf	com.xiaoji.egggame.features.steam/values-zh-rCN/strings.commonMain.cvr	252
com.xiaoji.egggame.features.steam	string	features_steam_login_title	登录	55m75b2V	com.xiaoji.egggame.features.steam/values-zh-rCN/strings.commonMain.cvr	253
com.xiaoji.egggame.features.steam	string	features_steam_logout_confirm_title	提示	5o+Q56S6	com.xiaoji.egggame.features.steam/values-zh-rCN/strings.commonMain.cvr	254
com.xiaoji.egggame.features.steam	string	features_steam_logout_confirm	是否退出该 Steam 账号？	5piv5ZCm6YCA5Ye66K+lIFN0ZWFtIOi0puWPt++8nw==	com.xiaoji.egggame.features.steam/values-zh-rCN/strings.commonMain.cvr	255
com.xiaoji.egggame.features.steam	string	features_steam_logout_failed	退出账号失败	6YCA5Ye66LSm5Y+35aSx6LSl	com.xiaoji.egggame.features.steam/values-zh-rCN/strings.commonMain.cvr	256
com.xiaoji.egggame.features.steam	string	features_steam_logout_success	退出账号成功	6YCA5Ye66LSm5Y+35oiQ5Yqf	com.xiaoji.egggame.features.steam/values-zh-rCN/strings.commonMain.cvr	257
com.xiaoji.egggame.features.steam	string	features_steam_logout	退出登录	6YCA5Ye655m75b2V	com.xiaoji.egggame.features.steam/values-zh-rCN/strings.commonMain.cvr	258
com.xiaoji.egggame.features.steam	string	features_steam_not_played	未游玩	5pyq5ri4546p	com.xiaoji.egggame.features.steam/values-zh-rCN/strings.commonMain.cvr	259
com.xiaoji.egggame.features.steam	string	features_steam_offline_cached_banner	离线模式：正在显示已缓存的 Steam 数据	56a757q/5qih5byP77ya5q2j5Zyo5pi+56S65bey57yT5a2Y55qEIFN0ZWFtIOaVsOaNrg==	com.xiaoji.egggame.features.steam/values-zh-rCN/strings.commonMain.cvr	260
com.xiaoji.egggame.features.steam	string	features_steam_offline_no_cache	该账号暂无可用的 Steam 本地缓存	6K+l6LSm5Y+35pqC5peg5Y+v55So55qEIFN0ZWFtIOacrOWcsOe8k+WtmA==	com.xiaoji.egggame.features.steam/values-zh-rCN/strings.commonMain.cvr	261
com.xiaoji.egggame.features.steam	string	features_steam_open_steam_app	请打开 Steam 手机应用进行授权	6K+35omT5byAIFN0ZWFtIOaJi+acuuW6lOeUqOi/m+ihjOaOiOadgw==	com.xiaoji.egggame.features.steam/values-zh-rCN/strings.commonMain.cvr	262
com.xiaoji.egggame.features.steam	string	features_steam_or_password	或使用账号密码登录	5oiW5L2/55So6LSm5Y+35a+G56CB55m75b2V	com.xiaoji.egggame.features.steam/values-zh-rCN/strings.commonMain.cvr	263
com.xiaoji.egggame.features.steam	string	features_steam_or_qrcode	或用二维码登录	5oiW55So5LqM57u056CB55m75b2V	com.xiaoji.egggame.features.steam/values-zh-rCN/strings.commonMain.cvr	264
com.xiaoji.egggame.features.steam	string	features_steam_password_label	密码	5a+G56CB	com.xiaoji.egggame.features.steam/values-zh-rCN/strings.commonMain.cvr	265
com.xiaoji.egggame.features.steam	string	features_steam_password_placeholder	请输入密码	6K+36L6T5YWl5a+G56CB	com.xiaoji.egggame.features.steam/values-zh-rCN/strings.commonMain.cvr	266
com.xiaoji.egggame.features.steam	string	features_steam_playtime_0_1h	0~1	MH4x	com.xiaoji.egggame.features.steam/values-zh-rCN/strings.commonMain.cvr	267
com.xiaoji.egggame.features.steam	string	features_steam_playtime_100h_plus	100+	MTAwKw==	com.xiaoji.egggame.features.steam/values-zh-rCN/strings.commonMain.cvr	268
com.xiaoji.egggame.features.steam	string	features_steam_playtime_10_30h	10~30	MTB+MzA=	com.xiaoji.egggame.features.steam/values-zh-rCN/strings.commonMain.cvr	269
com.xiaoji.egggame.features.steam	string	features_steam_playtime_1_3h	1~3	MX4z	com.xiaoji.egggame.features.steam/values-zh-rCN/strings.commonMain.cvr	270
com.xiaoji.egggame.features.steam	string	features_steam_playtime_30_100h	30~100	MzB+MTAw	com.xiaoji.egggame.features.steam/values-zh-rCN/strings.commonMain.cvr	271
com.xiaoji.egggame.features.steam	string	features_steam_playtime_3_10h	3~10	M34xMA==	com.xiaoji.egggame.features.steam/values-zh-rCN/strings.commonMain.cvr	272
com.xiaoji.egggame.features.steam	string	features_steam_playtime_distribution	游戏时长 (h)	5ri45oiP5pe26ZW/IChoKQ==	com.xiaoji.egggame.features.steam/values-zh-rCN/strings.commonMain.cvr	273
com.xiaoji.egggame.features.steam	string	features_steam_playtime	游玩时长 (h)	5ri4546p5pe26ZW/IChoKQ==	com.xiaoji.egggame.features.steam/values-zh-rCN/strings.commonMain.cvr	274
com.xiaoji.egggame.features.steam	string	features_steam_privacy_notice	*登录仅验证用户的身份，不会收集和使用个人信息	KueZu+W9leS7hemqjOivgeeUqOaIt+eahOi6q+S7ve+8jOS4jeS8muaUtumbhuWSjOS9v+eUqOS4quS6uuS/oeaBrw==	com.xiaoji.egggame.features.steam/values-zh-rCN/strings.commonMain.cvr	275
com.xiaoji.egggame.features.steam	string	features_steam_profile_achievement_count	%1$d / %2$d	JTEkZCAvICUyJGQ=	com.xiaoji.egggame.features.steam/values-zh-rCN/strings.commonMain.cvr	276
com.xiaoji.egggame.features.steam	string	features_steam_profile_achievement_dialog_title	%1$s 成就	JTEkcyDmiJDlsLE=	com.xiaoji.egggame.features.steam/values-zh-rCN/strings.commonMain.cvr	277
com.xiaoji.egggame.features.steam	string	features_steam_profile_achievement_empty	暂无 Steam 成就	5pqC5pegIFN0ZWFtIOaIkOWwsQ==	com.xiaoji.egggame.features.steam/values-zh-rCN/strings.commonMain.cvr	278
com.xiaoji.egggame.features.steam	string	features_steam_profile_achievement_load_failed	成就加载失败	5oiQ5bCx5Yqg6L295aSx6LSl	com.xiaoji.egggame.features.steam/values-zh-rCN/strings.commonMain.cvr	279
com.xiaoji.egggame.features.steam	string	features_steam_profile_achievement_locked	未解锁	5pyq6Kej6ZSB	com.xiaoji.egggame.features.steam/values-zh-rCN/strings.commonMain.cvr	280
com.xiaoji.egggame.features.steam	string	features_steam_profile_achievement_percent	%1$d%	JTEkZCU=	com.xiaoji.egggame.features.steam/values-zh-rCN/strings.commonMain.cvr	281
com.xiaoji.egggame.features.steam	string	features_steam_profile_achievement_perfect	完美通关	5a6M576O6YCa5YWz	com.xiaoji.egggame.features.steam/values-zh-rCN/strings.commonMain.cvr	282
com.xiaoji.egggame.features.steam	string	features_steam_profile_achievement_progress	进度	6L+b5bqm	com.xiaoji.egggame.features.steam/values-zh-rCN/strings.commonMain.cvr	283
com.xiaoji.egggame.features.steam	string	features_steam_profile_achievement_unlocked	我的成就	5oiR55qE5oiQ5bCx	com.xiaoji.egggame.features.steam/values-zh-rCN/strings.commonMain.cvr	284
com.xiaoji.egggame.features.steam	string	features_steam_profile_achievement_view_all	查看全部	5p+l55yL5YWo6YOo	com.xiaoji.egggame.features.steam/values-zh-rCN/strings.commonMain.cvr	285
com.xiaoji.egggame.features.steam	string	features_steam_profile_back	返回	6L+U5Zue	com.xiaoji.egggame.features.steam/values-zh-rCN/strings.commonMain.cvr	286
com.xiaoji.egggame.features.steam	string	features_steam_profile_filter_active	筛选，已选 %1$d 项	562b6YCJ77yM5bey6YCJICUxJGQg6aG5	com.xiaoji.egggame.features.steam/values-zh-rCN/strings.commonMain.cvr	287
com.xiaoji.egggame.features.steam	string	features_steam_profile_filter_all	全部	5YWo6YOo	com.xiaoji.egggame.features.steam/values-zh-rCN/strings.commonMain.cvr	288
com.xiaoji.egggame.features.steam	string	features_steam_profile_filter_section_title	类型	57G75Z6L	com.xiaoji.egggame.features.steam/values-zh-rCN/strings.commonMain.cvr	289
com.xiaoji.egggame.features.steam	string	features_steam_profile_filter_title	游戏类型	5ri45oiP57G75Z6L	com.xiaoji.egggame.features.steam/values-zh-rCN/strings.commonMain.cvr	290
com.xiaoji.egggame.features.steam	string	features_steam_profile_friends	好友	5aW95Y+L	com.xiaoji.egggame.features.steam/values-zh-rCN/strings.commonMain.cvr	291
com.xiaoji.egggame.features.steam	string	features_steam_profile_games_empty_search	没有匹配的游戏	5rKh5pyJ5Yy56YWN55qE5ri45oiP	com.xiaoji.egggame.features.steam/values-zh-rCN/strings.commonMain.cvr	292
com.xiaoji.egggame.features.steam	string	features_steam_profile_games_empty	Steam 游戏库暂无游戏	U3RlYW0g5ri45oiP5bqT5pqC5peg5ri45oiP	com.xiaoji.egggame.features.steam/values-zh-rCN/strings.commonMain.cvr	293
com.xiaoji.egggame.features.steam	string	features_steam_profile_genre_action	动作	5Yqo5L2c	com.xiaoji.egggame.features.steam/values-zh-rCN/strings.commonMain.cvr	294
com.xiaoji.egggame.features.steam	string	features_steam_profile_genre_adventure	冒险	5YaS6Zmp	com.xiaoji.egggame.features.steam/values-zh-rCN/strings.commonMain.cvr	295
com.xiaoji.egggame.features.steam	string	features_steam_profile_genre_casual	休闲	5LyR6Zey	com.xiaoji.egggame.features.steam/values-zh-rCN/strings.commonMain.cvr	296
com.xiaoji.egggame.features.steam	string	features_steam_profile_genre_indie	独立	54us56uL	com.xiaoji.egggame.features.steam/values-zh-rCN/strings.commonMain.cvr	297
com.xiaoji.egggame.features.steam	string	features_steam_profile_genre_mmo	大型多人在线	5aSn5Z6L5aSa5Lq65Zyo57q/	com.xiaoji.egggame.features.steam/values-zh-rCN/strings.commonMain.cvr	298
com.xiaoji.egggame.features.steam	string	features_steam_profile_genre_racing	竞速	56ue6YCf	com.xiaoji.egggame.features.steam/values-zh-rCN/strings.commonMain.cvr	299
com.xiaoji.egggame.features.steam	string	features_steam_profile_genre_rpg	角色扮演	6KeS6Imy5omu5ryU	com.xiaoji.egggame.features.steam/values-zh-rCN/strings.commonMain.cvr	300
com.xiaoji.egggame.features.steam	string	features_steam_profile_genre_simulation	模拟	5qih5ouf	com.xiaoji.egggame.features.steam/values-zh-rCN/strings.commonMain.cvr	301
com.xiaoji.egggame.features.steam	string	features_steam_profile_genre_sports	体育	5L2T6IKy	com.xiaoji.egggame.features.steam/values-zh-rCN/strings.commonMain.cvr	302
com.xiaoji.egggame.features.steam	string	features_steam_profile_genre_strategy	策略	562W55Wl	com.xiaoji.egggame.features.steam/values-zh-rCN/strings.commonMain.cvr	303
com.xiaoji.egggame.features.steam	string	features_steam_profile_hours_short	%1$s小时	JTEkc+Wwj+aXtg==	com.xiaoji.egggame.features.steam/values-zh-rCN/strings.commonMain.cvr	304
com.xiaoji.egggame.features.steam	string	features_steam_profile_id_copied	Steam ID 已复制	U3RlYW0gSUQg5bey5aSN5Yi2	com.xiaoji.egggame.features.steam/values-zh-rCN/strings.commonMain.cvr	305
com.xiaoji.egggame.features.steam	string	features_steam_profile_id_format	Steam ID：%1$s	U3RlYW0gSUTvvJolMSRz	com.xiaoji.egggame.features.steam/values-zh-rCN/strings.commonMain.cvr	306
com.xiaoji.egggame.features.steam	string	features_steam_profile_library_count	%1$d款	JTEkZOasvg==	com.xiaoji.egggame.features.steam/values-zh-rCN/strings.commonMain.cvr	307
com.xiaoji.egggame.features.steam	string	features_steam_profile_library_title	Steam库	U3RlYW3lupM=	com.xiaoji.egggame.features.steam/values-zh-rCN/strings.commonMain.cvr	308
com.xiaoji.egggame.features.steam	string	features_steam_profile_loading	正在加载 Steam 账号	5q2j5Zyo5Yqg6L29IFN0ZWFtIOi0puWPtw==	com.xiaoji.egggame.features.steam/values-zh-rCN/strings.commonMain.cvr	309
com.xiaoji.egggame.features.steam	string	features_steam_profile_logout_description	退出 Steam 登录	6YCA5Ye6IFN0ZWFtIOeZu+W9lQ==	com.xiaoji.egggame.features.steam/values-zh-rCN/strings.commonMain.cvr	310
com.xiaoji.egggame.features.steam	string	features_steam_profile_mods_action_conflict	当前 MOD 正在处理中，请稍后再试	5b2T5YmNIE1PRCDmraPlnKjlpITnkIbkuK3vvIzor7fnqI3lkI7lho3or5U=	com.xiaoji.egggame.features.steam/values-zh-rCN/strings.commonMain.cvr	311
com.xiaoji.egggame.features.steam	string	features_steam_profile_mods_action_failed	MOD 状态更新失败	TU9EIOeKtuaAgeabtOaWsOWksei0pQ==	com.xiaoji.egggame.features.steam/values-zh-rCN/strings.commonMain.cvr	312
com.xiaoji.egggame.features.steam	string	features_steam_profile_mods_busy	处理中	5aSE55CG5Lit	com.xiaoji.egggame.features.steam/values-zh-rCN/strings.commonMain.cvr	313
com.xiaoji.egggame.features.steam	string	features_steam_profile_mods_disable_dependency_warning	停用该 MOD 可能会导致其他 MOD 无法生效，确认停用吗？	5YGc55So6K+lIE1PRCDlj6/og73kvJrlr7zoh7Tlhbbku5YgTU9EIOaXoOazleeUn+aViO+8jOehruiupOWBnOeUqOWQl++8nw==	com.xiaoji.egggame.features.steam/values-zh-rCN/strings.commonMain.cvr	314
com.xiaoji.egggame.features.steam	string	features_steam_profile_mods_disable	停用	5YGc55So	com.xiaoji.egggame.features.steam/values-zh-rCN/strings.commonMain.cvr	315
com.xiaoji.egggame.features.steam	string	features_steam_profile_mods_downloads_description	下载量 %1$s	5LiL6L296YePICUxJHM=	com.xiaoji.egggame.features.steam/values-zh-rCN/strings.commonMain.cvr	316
com.xiaoji.egggame.features.steam	string	features_steam_profile_mods_empty_description	当前 Steam 游戏库中已在本机安装的 MOD 会显示在这里。	5b2T5YmNIFN0ZWFtIOa4uOaIj+W6k+S4reW3suWcqOacrOacuuWuieijheeahCBNT0Qg5Lya5pi+56S65Zyo6L+Z6YeM44CC	com.xiaoji.egggame.features.steam/values-zh-rCN/strings.commonMain.cvr	317
com.xiaoji.egggame.features.steam	string	features_steam_profile_mods_empty_title	暂无已安装 MOD	5pqC5peg5bey5a6J6KOFIE1PRA==	com.xiaoji.egggame.features.steam/values-zh-rCN/strings.commonMain.cvr	318
com.xiaoji.egggame.features.steam	string	features_steam_profile_mods_enable	启用	5ZCv55So	com.xiaoji.egggame.features.steam/values-zh-rCN/strings.commonMain.cvr	319
com.xiaoji.egggame.features.steam	string	features_steam_profile_mods_group_title	%1$s	JTEkcw==	com.xiaoji.egggame.features.steam/values-zh-rCN/strings.commonMain.cvr	320
com.xiaoji.egggame.features.steam	string	features_steam_profile_mods_load_failed	读取本机 MOD 失败	6K+75Y+W5pys5py6IE1PRCDlpLHotKU=	com.xiaoji.egggame.features.steam/values-zh-rCN/strings.commonMain.cvr	321
com.xiaoji.egggame.features.steam	string	features_steam_profile_mods_retry	重试	6YeN6K+V	com.xiaoji.egggame.features.steam/values-zh-rCN/strings.commonMain.cvr	322
com.xiaoji.egggame.features.steam	string	features_steam_profile_mods_size_description	文件大小 %1$s	5paH5Lu25aSn5bCPICUxJHM=	com.xiaoji.egggame.features.steam/values-zh-rCN/strings.commonMain.cvr	323
com.xiaoji.egggame.features.steam	string	features_steam_profile_mods_updated_at	更新时间：%1$s	5pu05paw5pe26Ze077yaJTEkcw==	com.xiaoji.egggame.features.steam/values-zh-rCN/strings.commonMain.cvr	324
com.xiaoji.egggame.features.steam	string	features_steam_profile_mods_view_all	查看全部	5p+l55yL5YWo6YOo	com.xiaoji.egggame.features.steam/values-zh-rCN/strings.commonMain.cvr	325
com.xiaoji.egggame.features.steam	string	features_steam_profile_no_cache_action	连接网络或切换账号后可加载 Steam 数据	6L+e5o6l572R57uc5oiW5YiH5o2i6LSm5Y+35ZCO5Y+v5Yqg6L29IFN0ZWFtIOaVsOaNrg==	com.xiaoji.egggame.features.steam/values-zh-rCN/strings.commonMain.cvr	326
com.xiaoji.egggame.features.steam	string	features_steam_profile_page_title	Steam	U3RlYW0=	com.xiaoji.egggame.features.steam/values-zh-rCN/strings.commonMain.cvr	327
com.xiaoji.egggame.features.steam	string	features_steam_profile_retry	重试	6YeN6K+V	com.xiaoji.egggame.features.steam/values-zh-rCN/strings.commonMain.cvr	328
com.xiaoji.egggame.features.steam	string	features_steam_profile_search_hint	搜索 Steam 游戏库	5pCc57SiIFN0ZWFtIOa4uOaIj+W6kw==	com.xiaoji.egggame.features.steam/values-zh-rCN/strings.commonMain.cvr	329
com.xiaoji.egggame.features.steam	string	features_steam_profile_sort_alphabetical_full	按字母（A-Z）	5oyJ5a2X5q+N77yIQS1a77yJ	com.xiaoji.egggame.features.steam/values-zh-rCN/strings.commonMain.cvr	330
com.xiaoji.egggame.features.steam	string	features_steam_profile_sort_alphabetical	A-Z	QS1a	com.xiaoji.egggame.features.steam/values-zh-rCN/strings.commonMain.cvr	331
com.xiaoji.egggame.features.steam	string	features_steam_profile_sort_duration_full	按游戏时长（长→短）	5oyJ5ri45oiP5pe26ZW/77yI6ZW/4oaS55+t77yJ	com.xiaoji.egggame.features.steam/values-zh-rCN/strings.commonMain.cvr	332
com.xiaoji.egggame.features.steam	string	features_steam_profile_sort_duration	游戏时长	5ri45oiP5pe26ZW/	com.xiaoji.egggame.features.steam/values-zh-rCN/strings.commonMain.cvr	333
com.xiaoji.egggame.features.steam	string	features_steam_profile_sort_recent_full	按最近游玩	5oyJ5pyA6L+R5ri4546p	com.xiaoji.egggame.features.steam/values-zh-rCN/strings.commonMain.cvr	334
com.xiaoji.egggame.features.steam	string	features_steam_profile_sort_recent	最近游玩	5pyA6L+R5ri4546p	com.xiaoji.egggame.features.steam/values-zh-rCN/strings.commonMain.cvr	335
com.xiaoji.egggame.features.steam	string	features_steam_profile_sort_section_title	排序	5o6S5bqP	com.xiaoji.egggame.features.steam/values-zh-rCN/strings.commonMain.cvr	336
com.xiaoji.egggame.features.steam	string	features_steam_profile_sort_title	游戏排序	5ri45oiP5o6S5bqP	com.xiaoji.egggame.features.steam/values-zh-rCN/strings.commonMain.cvr	337
com.xiaoji.egggame.features.steam	string	features_steam_profile_stat_achievements	成就	5oiQ5bCx	com.xiaoji.egggame.features.steam/values-zh-rCN/strings.commonMain.cvr	338
com.xiaoji.egggame.features.steam	string	features_steam_profile_stat_games	游戏	5ri45oiP	com.xiaoji.egggame.features.steam/values-zh-rCN/strings.commonMain.cvr	339
com.xiaoji.egggame.features.steam	string	features_steam_profile_stat_recent_hours	近两周 (h)	6L+R5Lik5ZGoIChoKQ==	com.xiaoji.egggame.features.steam/values-zh-rCN/strings.commonMain.cvr	340
com.xiaoji.egggame.features.steam	string	features_steam_profile_stat_total_hours	总时长 (h)	5oC75pe26ZW/IChoKQ==	com.xiaoji.egggame.features.steam/values-zh-rCN/strings.commonMain.cvr	341
com.xiaoji.egggame.features.steam	string	features_steam_profile_switch_account_description	切换 Steam 账号	5YiH5o2iIFN0ZWFtIOi0puWPtw==	com.xiaoji.egggame.features.steam/values-zh-rCN/strings.commonMain.cvr	342
com.xiaoji.egggame.features.steam	string	features_steam_profile_tab_achievements	成就	5oiQ5bCx	com.xiaoji.egggame.features.steam/values-zh-rCN/strings.commonMain.cvr	343
com.xiaoji.egggame.features.steam	string	features_steam_profile_tab_data	数据	5pWw5o2u	com.xiaoji.egggame.features.steam/values-zh-rCN/strings.commonMain.cvr	344
com.xiaoji.egggame.features.steam	string	features_steam_profile_tab_mods	MOD	TU9E	com.xiaoji.egggame.features.steam/values-zh-rCN/strings.commonMain.cvr	345
com.xiaoji.egggame.features.steam	string	features_steam_profile_tab_workshop	创意工坊	5Yib5oSP5bel5Z2K	com.xiaoji.egggame.features.steam/values-zh-rCN/strings.commonMain.cvr	346
com.xiaoji.egggame.features.steam	string	features_steam_profile_title	Steam个人信息	U3RlYW3kuKrkurrkv6Hmga8=	com.xiaoji.egggame.features.steam/values-zh-rCN/strings.commonMain.cvr	347
com.xiaoji.egggame.features.steam	string	features_steam_profile_unbound_action	绑定 Steam 账号	57uR5a6aIFN0ZWFtIOi0puWPtw==	com.xiaoji.egggame.features.steam/values-zh-rCN/strings.commonMain.cvr	348
com.xiaoji.egggame.features.steam	string	features_steam_profile_unbound_message	Steam 数据同步功能\n绑定账号查看个人游戏库	U3RlYW0g5pWw5o2u5ZCM5q2l5Yqf6IO9Cue7keWumui0puWPt+afpeeci+S4quS6uua4uOaIj+W6kw==	com.xiaoji.egggame.features.steam/values-zh-rCN/strings.commonMain.cvr	349
com.xiaoji.egggame.features.steam	string	features_steam_profile_workshop_action_failed	创意工坊操作失败	5Yib5oSP5bel5Z2K5pON5L2c5aSx6LSl	com.xiaoji.egggame.features.steam/values-zh-rCN/strings.commonMain.cvr	350
com.xiaoji.egggame.features.steam	string	features_steam_profile_workshop_empty	还没有订阅任何创意工坊内容	6L+Y5rKh5pyJ6K6i6ZiF5Lu75L2V5Yib5oSP5bel5Z2K5YaF5a65	com.xiaoji.egggame.features.steam/values-zh-rCN/strings.commonMain.cvr	351
com.xiaoji.egggame.features.steam	string	features_steam_profile_workshop_item_meta	%1$s 订阅 · %2$s	JTEkcyDorqLpmIUgwrcgJTIkcw==	com.xiaoji.egggame.features.steam/values-zh-rCN/strings.commonMain.cvr	352
com.xiaoji.egggame.features.steam	string	features_steam_profile_workshop_load_failed	创意工坊内容加载失败	5Yib5oSP5bel5Z2K5YaF5a655Yqg6L295aSx6LSl	com.xiaoji.egggame.features.steam/values-zh-rCN/strings.commonMain.cvr	353
com.xiaoji.egggame.features.steam	string	features_steam_profile_workshop_subscribed	已订阅	5bey6K6i6ZiF	com.xiaoji.egggame.features.steam/values-zh-rCN/strings.commonMain.cvr	354
com.xiaoji.egggame.features.steam	string	features_steam_profile_workshop_subscribe	订阅	6K6i6ZiF	com.xiaoji.egggame.features.steam/values-zh-rCN/strings.commonMain.cvr	355
com.xiaoji.egggame.features.steam	string	features_steam_profile_workshop_view_detail	查看详情	5p+l55yL6K+m5oOF	com.xiaoji.egggame.features.steam/values-zh-rCN/strings.commonMain.cvr	356
com.xiaoji.egggame.features.steam	string	features_steam_qrcode_expired_refresh	刷新二维码	5Yi35paw5LqM57u056CB	com.xiaoji.egggame.features.steam/values-zh-rCN/strings.commonMain.cvr	357
com.xiaoji.egggame.features.steam	string	features_steam_qrcode_scan_success_subtitle	请通过手机确认	6K+36YCa6L+H5omL5py656Gu6K6k	com.xiaoji.egggame.features.steam/values-zh-rCN/strings.commonMain.cvr	358
com.xiaoji.egggame.features.steam	string	features_steam_qrcode_scan_success_title	扫码成功	5omr56CB5oiQ5Yqf	com.xiaoji.egggame.features.steam/values-zh-rCN/strings.commonMain.cvr	359
com.xiaoji.egggame.features.steam	string	features_steam_qrcode_tip	通过二维码使用 Steam 手机应用登录	6YCa6L+H5LqM57u056CB5L2/55SoIFN0ZWFtIOaJi+acuuW6lOeUqOeZu+W9lQ==	com.xiaoji.egggame.features.steam/values-zh-rCN/strings.commonMain.cvr	360
com.xiaoji.egggame.features.steam	string	features_steam_remember_me	记住我	6K6w5L2P5oiR	com.xiaoji.egggame.features.steam/values-zh-rCN/strings.commonMain.cvr	361
com.xiaoji.egggame.features.steam	string	features_steam_remove_account_confirm	是否移除该 Steam 账号？	5piv5ZCm56e76Zmk6K+lIFN0ZWFtIOi0puWPt++8nw==	com.xiaoji.egggame.features.steam/values-zh-rCN/strings.commonMain.cvr	362
com.xiaoji.egggame.features.steam	string	features_steam_remove_account_failed	账号移除失败！	6LSm5Y+356e76Zmk5aSx6LSl77yB	com.xiaoji.egggame.features.steam/values-zh-rCN/strings.commonMain.cvr	363
com.xiaoji.egggame.features.steam	string	features_steam_remove_account_success	账号移除成功	6LSm5Y+356e76Zmk5oiQ5Yqf	com.xiaoji.egggame.features.steam/values-zh-rCN/strings.commonMain.cvr	364
com.xiaoji.egggame.features.steam	string	features_steam_remove_account	移除账号	56e76Zmk6LSm5Y+3	com.xiaoji.egggame.features.steam/values-zh-rCN/strings.commonMain.cvr	365
com.xiaoji.egggame.features.steam	string	features_steam_select_account_hint	选择一名用户或使用新凭证登录	6YCJ5oup5LiA5ZCN55So5oi35oiW5L2/55So5paw5Yet6K+B55m75b2V	com.xiaoji.egggame.features.steam/values-zh-rCN/strings.commonMain.cvr	366
com.xiaoji.egggame.features.steam	string	features_steam_switch_account_failed	切换账号失败	5YiH5o2i6LSm5Y+35aSx6LSl	com.xiaoji.egggame.features.steam/values-zh-rCN/strings.commonMain.cvr	367
com.xiaoji.egggame.features.steam	string	features_steam_switch_account_success	切换账号成功	5YiH5o2i6LSm5Y+35oiQ5Yqf	com.xiaoji.egggame.features.steam/values-zh-rCN/strings.commonMain.cvr	368
com.xiaoji.egggame.features.steam	string	features_steam_switch_account	切换账号	5YiH5o2i6LSm5Y+3	com.xiaoji.egggame.features.steam/values-zh-rCN/strings.commonMain.cvr	369
com.xiaoji.egggame.features.steam	string	features_steam_switch_to_code_input	切换输入代码	5YiH5o2i6L6T5YWl5Luj56CB	com.xiaoji.egggame.features.steam/values-zh-rCN/strings.commonMain.cvr	370
com.xiaoji.egggame.features.steam	string	features_steam_token_label	Token	VG9rZW4=	com.xiaoji.egggame.features.steam/values-zh-rCN/strings.commonMain.cvr	371
com.xiaoji.egggame.features.steam	string	features_steam_token_login_button	Token 登录	VG9rZW4g55m75b2V	com.xiaoji.egggame.features.steam/values-zh-rCN/strings.commonMain.cvr	372
com.xiaoji.egggame.features.steam	string	features_steam_token_placeholder	请输入 refresh token	6K+36L6T5YWlIHJlZnJlc2ggdG9rZW4=	com.xiaoji.egggame.features.steam/values-zh-rCN/strings.commonMain.cvr	373
com.xiaoji.egggame.features.steam	string	features_steam_who_wants_to_play	谁要玩游戏?	6LCB6KaB546p5ri45oiPPw==	com.xiaoji.egggame.features.steam/values-zh-rCN/strings.commonMain.cvr	374
com.xiaoji.egggame.features.vjoy	string	features_vjoy_dialog_exit_edit_exit	退出	6YCA5Ye6	com.xiaoji.egggame.features.vjoy/values-zh-rCN/strings.commonMain.cvr	2
com.xiaoji.egggame.features.vjoy	string	features_vjoy_dialog_exit_edit_message	将退出当前编辑，是否保存？	5bCG6YCA5Ye65b2T5YmN57yW6L6R77yM5piv5ZCm5L+d5a2Y77yf	com.xiaoji.egggame.features.vjoy/values-zh-rCN/strings.commonMain.cvr	3
com.xiaoji.egggame.features.vjoy	string	features_vjoy_dialog_exit_edit_save	保存	5L+d5a2Y	com.xiaoji.egggame.features.vjoy/values-zh-rCN/strings.commonMain.cvr	4
com.xiaoji.egggame.features.vjoy	string	features_vjoy_dialog_exit_edit_title	要退出编辑吗？	6KaB6YCA5Ye657yW6L6R5ZCX77yf	com.xiaoji.egggame.features.vjoy/values-zh-rCN/strings.commonMain.cvr	5
com.xiaoji.egggame.features.vjoy	string	features_vjoy_edit_load_failed	加载失败	5Yqg6L295aSx6LSl	com.xiaoji.egggame.features.vjoy/values-zh-rCN/strings.commonMain.cvr	6
com.xiaoji.egggame.features.vjoy	string	features_vjoy_icon_error_operation_failed	操作失败，请重试	5pON5L2c5aSx6LSl77yM6K+36YeN6K+V	com.xiaoji.egggame.features.vjoy/values-zh-rCN/strings.commonMain.cvr	7
com.xiaoji.egggame.features.vjoy	string	features_vjoy_icon_error_unsupported_archive	不支持的压缩包：%1$s	5LiN5pSv5oyB55qE5Y6L57yp5YyF77yaJTEkcw==	com.xiaoji.egggame.features.vjoy/values-zh-rCN/strings.commonMain.cvr	8
com.xiaoji.egggame.features.vjoy	string	features_vjoy_icon_error_unsupported_file	不支持的文件：%1$s	5LiN5pSv5oyB55qE5paH5Lu277yaJTEkcw==	com.xiaoji.egggame.features.vjoy/values-zh-rCN/strings.commonMain.cvr	9
com.xiaoji.egggame.features.vjoy	string	features_vjoy_icon_folder_confirm_delete_file	是否确定删除文件 %1$s	5piv5ZCm56Gu5a6a5Yig6Zmk5paH5Lu2ICUxJHM=	com.xiaoji.egggame.features.vjoy/values-zh-rCN/strings.commonMain.cvr	10
com.xiaoji.egggame.features.vjoy	string	features_vjoy_icon_folder_confirm_delete_folder	是否确定删除文件夹 %1$s	5piv5ZCm56Gu5a6a5Yig6Zmk5paH5Lu25aS5ICUxJHM=	com.xiaoji.egggame.features.vjoy/values-zh-rCN/strings.commonMain.cvr	11
com.xiaoji.egggame.features.vjoy	string	features_vjoy_icon_folder_delete_failed	删除失败	5Yig6Zmk5aSx6LSl	com.xiaoji.egggame.features.vjoy/values-zh-rCN/strings.commonMain.cvr	12
com.xiaoji.egggame.features.vjoy	string	features_vjoy_icon_folder_delete_success	删除成功	5Yig6Zmk5oiQ5Yqf	com.xiaoji.egggame.features.vjoy/values-zh-rCN/strings.commonMain.cvr	13
com.xiaoji.egggame.features.vjoy	string	features_vjoy_icon_folder_dialog_title	提示	5o+Q56S6	com.xiaoji.egggame.features.vjoy/values-zh-rCN/strings.commonMain.cvr	14
com.xiaoji.egggame.features.vjoy	string	features_vjoy_icon_folder_file_too_large	文件过大：%1$s，最大支持 %2$s	5paH5Lu26L+H5aSn77yaJTEkc++8jOacgOWkp+aUr+aMgSAlMiRz	com.xiaoji.egggame.features.vjoy/values-zh-rCN/strings.commonMain.cvr	15
com.xiaoji.egggame.features.vjoy	string	features_vjoy_icon_folder_import_success	图标导入成功	5Zu+5qCH5a+85YWl5oiQ5Yqf	com.xiaoji.egggame.features.vjoy/values-zh-rCN/strings.commonMain.cvr	16
com.xiaoji.egggame.features.vjoy	string	features_vjoy_icon_folder_missing_collection_info	缺少集合信息	57y65bCR6ZuG5ZCI5L+h5oGv	com.xiaoji.egggame.features.vjoy/values-zh-rCN/strings.commonMain.cvr	17
com.xiaoji.egggame.features.vjoy	string	features_vjoy_icon_folder_official_collection_not_support_import	官方样式下不支持导入	5a6Y5pa55qC35byP5LiL5LiN5pSv5oyB5a+85YWl	com.xiaoji.egggame.features.vjoy/values-zh-rCN/strings.commonMain.cvr	18
com.xiaoji.egggame.features.vjoy	string	features_vjoy_icon_folder_zip_import_complete	图标包导入完成：成功 %1$d 个，失败 %2$d 个，忽略 %3$d 个	5Zu+5qCH5YyF5a+85YWl5a6M5oiQ77ya5oiQ5YqfICUxJGQg5Liq77yM5aSx6LSlICUyJGQg5Liq77yM5b+955WlICUzJGQg5Liq	com.xiaoji.egggame.features.vjoy/values-zh-rCN/strings.commonMain.cvr	19
com.xiaoji.egggame.features.vjoy	string	features_vjoy_icon_folder_zip_too_large	图标包过大（%1$s，上限 %2$s），请拆分后再导入。	5Zu+5qCH5YyF6L+H5aSn77yIJTEkc++8jOS4iumZkCAlMiRz77yJ77yM6K+35ouG5YiG5ZCO5YaN5a+85YWl44CC	com.xiaoji.egggame.features.vjoy/values-zh-rCN/strings.commonMain.cvr	20
com.xiaoji.egggame.features.vjoy	string	features_vjoy_icon_manager_delete_failed	删除失败	5Yig6Zmk5aSx6LSl	com.xiaoji.egggame.features.vjoy/values-zh-rCN/strings.commonMain.cvr	21
com.xiaoji.egggame.features.vjoy	string	features_vjoy_icon_manager_group_my	我的图标	5oiR55qE5Zu+5qCH	com.xiaoji.egggame.features.vjoy/values-zh-rCN/strings.commonMain.cvr	22
com.xiaoji.egggame.features.vjoy	string	features_vjoy_icon_manager_group_official	官方图标	5a6Y5pa55Zu+5qCH	com.xiaoji.egggame.features.vjoy/values-zh-rCN/strings.commonMain.cvr	23
com.xiaoji.egggame.features.vjoy	string	features_vjoy_icon_manager_import	导入图标	5a+85YWl5Zu+5qCH	com.xiaoji.egggame.features.vjoy/values-zh-rCN/strings.commonMain.cvr	24
com.xiaoji.egggame.features.vjoy	string	features_vjoy_main2_custom_not_logged_in	登录后查看你的方案	55m75b2V5ZCO5p+l55yL5L2g55qE5pa55qGI	com.xiaoji.egggame.features.vjoy/values-zh-rCN/strings.commonMain.cvr	25
com.xiaoji.egggame.features.vjoy	string	features_vjoy_main2_custom_tab_my_cloud_share	我的云分享	5oiR55qE5LqR5YiG5Lqr	com.xiaoji.egggame.features.vjoy/values-zh-rCN/strings.commonMain.cvr	26
com.xiaoji.egggame.features.vjoy	string	features_vjoy_main2_custom_tab_my_layouts	我的方案	5oiR55qE5pa55qGI	com.xiaoji.egggame.features.vjoy/values-zh-rCN/strings.commonMain.cvr	27
com.xiaoji.egggame.features.vjoy	string	features_vjoy_main2_custom_title	自定义	6Ieq5a6a5LmJ	com.xiaoji.egggame.features.vjoy/values-zh-rCN/strings.commonMain.cvr	28
com.xiaoji.egggame.features.vjoy	string	features_vjoy_main2_empty_description	暂无数据	5pqC5peg5pWw5o2u	com.xiaoji.egggame.features.vjoy/values-zh-rCN/strings.commonMain.cvr	29
com.xiaoji.egggame.features.vjoy	string	features_vjoy_main2_empty_subtitle	快去创建并分享你的独家布局吧	5b+r5Y675Yib5bu65bm25YiG5Lqr5L2g55qE54us5a625biD5bGA5ZCn	com.xiaoji.egggame.features.vjoy/values-zh-rCN/strings.commonMain.cvr	30
com.xiaoji.egggame.features.vjoy	string	features_vjoy_main2_empty_title	暂无布局	5pqC5peg5biD5bGA	com.xiaoji.egggame.features.vjoy/values-zh-rCN/strings.commonMain.cvr	31
com.xiaoji.egggame.features.vjoy	string	features_vjoy_main2_footer_error_retry	加载失败，点击重试	5Yqg6L295aSx6LSl77yM54K55Ye76YeN6K+V	com.xiaoji.egggame.features.vjoy/values-zh-rCN/strings.commonMain.cvr	32
com.xiaoji.egggame.features.vjoy	string	features_vjoy_main2_footer_loading	加载中…	5Yqg6L295Lit4oCm	com.xiaoji.egggame.features.vjoy/values-zh-rCN/strings.commonMain.cvr	33
com.xiaoji.egggame.features.vjoy	string	features_vjoy_main2_footer_no_more	没有更多了	5rKh5pyJ5pu05aSa5LqG	com.xiaoji.egggame.features.vjoy/values-zh-rCN/strings.commonMain.cvr	34
com.xiaoji.egggame.features.vjoy	string	features_vjoy_main2_icon_type_button	按钮	5oyJ6ZKu	com.xiaoji.egggame.features.vjoy/values-zh-rCN/strings.commonMain.cvr	35
com.xiaoji.egggame.features.vjoy	string	features_vjoy_main2_icon_type_combo	组合键	57uE5ZCI6ZSu	com.xiaoji.egggame.features.vjoy/values-zh-rCN/strings.commonMain.cvr	36
com.xiaoji.egggame.features.vjoy	string	features_vjoy_main2_icon_type_dpad	方向键	5pa55ZCR6ZSu	com.xiaoji.egggame.features.vjoy/values-zh-rCN/strings.commonMain.cvr	37
com.xiaoji.egggame.features.vjoy	string	features_vjoy_main2_icon_type_joystick	摇杆	5pGH5p2G	com.xiaoji.egggame.features.vjoy/values-zh-rCN/strings.commonMain.cvr	38
com.xiaoji.egggame.features.vjoy	string	features_vjoy_main2_icon_type_touchpad	触控板	6Kem5o6n5p2/	com.xiaoji.egggame.features.vjoy/values-zh-rCN/strings.commonMain.cvr	39
com.xiaoji.egggame.features.vjoy	string	features_vjoy_main2_icon_type_unknown	其他	5YW25LuW	com.xiaoji.egggame.features.vjoy/values-zh-rCN/strings.commonMain.cvr	40
com.xiaoji.egggame.features.vjoy	string	features_vjoy_main2_iconmanager_cd_create	新建布局	5paw5bu65biD5bGA	com.xiaoji.egggame.features.vjoy/values-zh-rCN/strings.commonMain.cvr	41
com.xiaoji.egggame.features.vjoy	string	features_vjoy_main2_iconmanager_cd_toggle_view	切换视图	5YiH5o2i6KeG5Zu+	com.xiaoji.egggame.features.vjoy/values-zh-rCN/strings.commonMain.cvr	42
com.xiaoji.egggame.features.vjoy	string	features_vjoy_main2_iconmanager_confirm_delete_folder_files	确定要删除 "%1$s" 中的所有图标吗？子文件夹不受影响。	56Gu5a6a6KaB5Yig6ZmkICIlMSRzIiDkuK3nmoTmiYDmnInlm77moIflkJfvvJ/lrZDmlofku7blpLnkuI3lj5flvbHlk43jgII=	com.xiaoji.egggame.features.vjoy/values-zh-rCN/strings.commonMain.cvr	43
com.xiaoji.egggame.features.vjoy	string	features_vjoy_main2_iconmanager_default_folder_title	默认文件夹	6buY6K6k5paH5Lu25aS5	com.xiaoji.egggame.features.vjoy/values-zh-rCN/strings.commonMain.cvr	44
com.xiaoji.egggame.features.vjoy	string	features_vjoy_main2_iconmanager_import_dialog_confirm	完成	5a6M5oiQ	com.xiaoji.egggame.features.vjoy/values-zh-rCN/strings.commonMain.cvr	45
com.xiaoji.egggame.features.vjoy	string	features_vjoy_main2_iconmanager_import_dialog_name_placeholder	请输入文件夹名	6K+36L6T5YWl5paH5Lu25aS55ZCN	com.xiaoji.egggame.features.vjoy/values-zh-rCN/strings.commonMain.cvr	46
com.xiaoji.egggame.features.vjoy	string	features_vjoy_main2_iconmanager_import_dialog_title	导入图标包	5a+85YWl5Zu+5qCH5YyF	com.xiaoji.egggame.features.vjoy/values-zh-rCN/strings.commonMain.cvr	47
com.xiaoji.egggame.features.vjoy	string	features_vjoy_main2_iconmanager_import_wrapper_default_name	未命名图标包	5pyq5ZG95ZCN5Zu+5qCH5YyF	com.xiaoji.egggame.features.vjoy/values-zh-rCN/strings.commonMain.cvr	48
com.xiaoji.egggame.features.vjoy	string	features_vjoy_main2_iconmanager_pick_cover_title	选择封面图片	6YCJ5oup5bCB6Z2i5Zu+54mH	com.xiaoji.egggame.features.vjoy/values-zh-rCN/strings.commonMain.cvr	49
com.xiaoji.egggame.features.vjoy	string	features_vjoy_main2_iconmanager_tab_my	我的	5oiR55qE	com.xiaoji.egggame.features.vjoy/values-zh-rCN/strings.commonMain.cvr	50
com.xiaoji.egggame.features.vjoy	string	features_vjoy_main2_iconmanager_tab_official	官方	5a6Y5pa5	com.xiaoji.egggame.features.vjoy/values-zh-rCN/strings.commonMain.cvr	51
com.xiaoji.egggame.features.vjoy	string	features_vjoy_main2_iconmanager_title	图标管理器	5Zu+5qCH566h55CG5Zmo	com.xiaoji.egggame.features.vjoy/values-zh-rCN/strings.commonMain.cvr	52
com.xiaoji.egggame.features.vjoy	string	features_vjoy_main2_iconmanager_view_folder	文件夹视图	5paH5Lu25aS56KeG5Zu+	com.xiaoji.egggame.features.vjoy/values-zh-rCN/strings.commonMain.cvr	53
com.xiaoji.egggame.features.vjoy	string	features_vjoy_main2_iconmanager_view_icon	图标视图	5Zu+5qCH6KeG5Zu+	com.xiaoji.egggame.features.vjoy/values-zh-rCN/strings.commonMain.cvr	54
com.xiaoji.egggame.features.vjoy	string	features_vjoy_main2_nav_custom	自定义	6Ieq5a6a5LmJ	com.xiaoji.egggame.features.vjoy/values-zh-rCN/strings.commonMain.cvr	55
com.xiaoji.egggame.features.vjoy	string	features_vjoy_main2_nav_icon_manager	图标管理器	5Zu+5qCH566h55CG5Zmo	com.xiaoji.egggame.features.vjoy/values-zh-rCN/strings.commonMain.cvr	56
com.xiaoji.egggame.features.vjoy	string	features_vjoy_main2_nav_ranking	排行	5o6S6KGM	com.xiaoji.egggame.features.vjoy/values-zh-rCN/strings.commonMain.cvr	57
com.xiaoji.egggame.features.vjoy	string	features_vjoy_main2_ranking_title	排行	5o6S6KGM	com.xiaoji.egggame.features.vjoy/values-zh-rCN/strings.commonMain.cvr	58
com.xiaoji.egggame.features.vjoy	string	features_vjoy_main2_search_empty_description	没有找到匹配的布局	5rKh5pyJ5om+5Yiw5Yy56YWN55qE5biD5bGA	com.xiaoji.egggame.features.vjoy/values-zh-rCN/strings.commonMain.cvr	59
com.xiaoji.egggame.features.vjoy	string	features_vjoy_main2_search_hint	搜索	5pCc57Si	com.xiaoji.egggame.features.vjoy/values-zh-rCN/strings.commonMain.cvr	60
com.xiaoji.egggame.features.vjoy	string	features_vjoy_main2_section_all	全部布局	5YWo6YOo5biD5bGA	com.xiaoji.egggame.features.vjoy/values-zh-rCN/strings.commonMain.cvr	61
com.xiaoji.egggame.features.vjoy	string	features_vjoy_main2_section_more	更多	5pu05aSa	com.xiaoji.egggame.features.vjoy/values-zh-rCN/strings.commonMain.cvr	62
com.xiaoji.egggame.features.vjoy	string	features_vjoy_main2_section_recommend_for_game	适合「%1$s」的推荐布局	6YCC5ZCI44CMJTEkc+OAjeeahOaOqOiNkOW4g+WxgA==	com.xiaoji.egggame.features.vjoy/values-zh-rCN/strings.commonMain.cvr	63
com.xiaoji.egggame.features.vjoy	string	features_vjoy_main2_section_recommend_generic	为你推荐的布局	5Li65L2g5o6o6I2Q55qE5biD5bGA	com.xiaoji.egggame.features.vjoy/values-zh-rCN/strings.commonMain.cvr	64
com.xiaoji.egggame.features.vjoy	string	features_vjoy_main2_title	按键与布局	5oyJ6ZSu5LiO5biD5bGA	com.xiaoji.egggame.features.vjoy/values-zh-rCN/strings.commonMain.cvr	65
com.xiaoji.egggame.features.vjoy	string	features_vjoy_main_action_create	新建布局	5paw5bu65biD5bGA	com.xiaoji.egggame.features.vjoy/values-zh-rCN/strings.commonMain.cvr	66
com.xiaoji.egggame.features.vjoy	string	features_vjoy_main_action_import	导入布局	5a+85YWl5biD5bGA	com.xiaoji.egggame.features.vjoy/values-zh-rCN/strings.commonMain.cvr	67
com.xiaoji.egggame.features.vjoy	string	features_vjoy_main_cloud_empty_button	前往我的方案	5YmN5b6A5oiR55qE5pa55qGI	com.xiaoji.egggame.features.vjoy/values-zh-rCN/strings.commonMain.cvr	68
com.xiaoji.egggame.features.vjoy	string	features_vjoy_main_cloud_empty_description	快去"我的方案"中创建并分享你的独家布局吧	5b+r5Y67IuaIkeeahOaWueahiCLkuK3liJvlu7rlubbliIbkuqvkvaDnmoTni6zlrrbluIPlsYDlkKc=	com.xiaoji.egggame.features.vjoy/values-zh-rCN/strings.commonMain.cvr	69
com.xiaoji.egggame.features.vjoy	string	features_vjoy_main_cloud_empty_title	还没有分享过配置	6L+Y5rKh5pyJ5YiG5Lqr6L+H6YWN572u	com.xiaoji.egggame.features.vjoy/values-zh-rCN/strings.commonMain.cvr	70
com.xiaoji.egggame.features.vjoy	string	features_vjoy_main_my_empty_description	暂无方案，点击上方"创建"按钮，拟定您的专属方案吧！	5pqC5peg5pa55qGI77yM54K55Ye75LiK5pa5IuWIm+W7uiLmjInpkq7vvIzmi5/lrprmgqjnmoTkuJPlsZ7mlrnmoYjlkKfvvIE=	com.xiaoji.egggame.features.vjoy/values-zh-rCN/strings.commonMain.cvr	71
com.xiaoji.egggame.features.vjoy	string	features_vjoy_main_recommend_applied	应用中	5bqU55So5Lit	com.xiaoji.egggame.features.vjoy/values-zh-rCN/strings.commonMain.cvr	72
com.xiaoji.egggame.features.vjoy	string	features_vjoy_main_recommend_download_count_unit	万	5LiH	com.xiaoji.egggame.features.vjoy/values-zh-rCN/strings.commonMain.cvr	73
com.xiaoji.egggame.features.vjoy	string	features_vjoy_main_recommend_search_cancel	取消	5Y+W5raI	com.xiaoji.egggame.features.vjoy/values-zh-rCN/strings.commonMain.cvr	74
com.xiaoji.egggame.features.vjoy	string	features_vjoy_main_recommend_search_hint	搜索	5pCc57Si	com.xiaoji.egggame.features.vjoy/values-zh-rCN/strings.commonMain.cvr	75
com.xiaoji.egggame.features.vjoy	string	features_vjoy_main_tab_cloud	云分享	5LqR5YiG5Lqr	com.xiaoji.egggame.features.vjoy/values-zh-rCN/strings.commonMain.cvr	76
com.xiaoji.egggame.features.vjoy	string	features_vjoy_main_tab_icon_manager	图标管理器	5Zu+5qCH566h55CG5Zmo	com.xiaoji.egggame.features.vjoy/values-zh-rCN/strings.commonMain.cvr	77
com.xiaoji.egggame.features.vjoy	string	features_vjoy_main_tab_my	我的方案	5oiR55qE5pa55qGI	com.xiaoji.egggame.features.vjoy/values-zh-rCN/strings.commonMain.cvr	78
com.xiaoji.egggame.features.vjoy	string	features_vjoy_main_tab_official	官方方案	5a6Y5pa55pa55qGI	com.xiaoji.egggame.features.vjoy/values-zh-rCN/strings.commonMain.cvr	79
com.xiaoji.egggame.features.vjoy	string	features_vjoy_main_tab_recommend	推荐	5o6o6I2Q	com.xiaoji.egggame.features.vjoy/values-zh-rCN/strings.commonMain.cvr	80
com.xiaoji.egggame.features.vjoy	string	features_vjoy_main_title	按键与布局	5oyJ6ZSu5LiO5biD5bGA	com.xiaoji.egggame.features.vjoy/values-zh-rCN/strings.commonMain.cvr	81
com.xiaoji.egggame.features.vjoy	string	features_vjoy_setting_default_layout_name	手柄默认布局	5omL5p+E6buY6K6k5biD5bGA	com.xiaoji.egggame.features.vjoy/values-zh-rCN/strings.commonMain.cvr	82
com.xiaoji.egggame.features.vjoy	string	features_vjoy_setting_enable_vjoy	启用触屏按键	5ZCv55So6Kem5bGP5oyJ6ZSu	com.xiaoji.egggame.features.vjoy/values-zh-rCN/strings.commonMain.cvr	83
com.xiaoji.egggame.features.vjoy	string	features_vjoy_setting_key_and_layout	按键与布局	5oyJ6ZSu5LiO5biD5bGA	com.xiaoji.egggame.features.vjoy/values-zh-rCN/strings.commonMain.cvr	84
com.xiaoji.egggame.features.vjoy	string	features_vjoy_setting_title	触屏按键	6Kem5bGP5oyJ6ZSu	com.xiaoji.egggame.features.vjoy/values-zh-rCN/strings.commonMain.cvr	85
com.xiaoji.egggame.features.vjoy	string	features_vjoy_test_apply_failed	应用失败：%1$s	5bqU55So5aSx6LSl77yaJTEkcw==	com.xiaoji.egggame.features.vjoy/values-zh-rCN/strings.commonMain.cvr	86
com.xiaoji.egggame.features.vjoy	string	features_vjoy_title	虚拟按键	6Jma5ouf5oyJ6ZSu	com.xiaoji.egggame.features.vjoy/values-zh-rCN/strings.commonMain.cvr	87
com.xiaoji.egggame.features.webview	string	features_webview_exit_game_message	未保存的游戏进度可能会丢失	5pyq5L+d5a2Y55qE5ri45oiP6L+b5bqm5Y+v6IO95Lya5Lii5aSx	com.xiaoji.egggame.features.webview/values-zh-rCN/strings.commonMain.cvr	2
com.xiaoji.egggame.features.webview	string	features_webview_exit_game_title	是否退出游戏？	5piv5ZCm6YCA5Ye65ri45oiP77yf	com.xiaoji.egggame.features.webview/values-zh-rCN/strings.commonMain.cvr	3
com.xiaoji.egggame.features.webview	string	features_webview_switched_to_portrait_mode	为了更好的浏览体验，已为你切换至探索模式	5Li65LqG5pu05aW955qE5rWP6KeI5L2T6aqM77yM5bey5Li65L2g5YiH5o2i6Iez5o6i57Si5qih5byP	com.xiaoji.egggame.features.webview/values-zh-rCN/strings.commonMain.cvr	4
com.xiaoji.egggame.features.zonecode	string	features_zonecode_hint_search	搜索国家或地区	5pCc57Si5Zu95a625oiW5Zyw5Yy6	com.xiaoji.egggame.features.zonecode/values-zh-rCN/strings.commonMain.cvr	2
com.xiaoji.egggame.features.zonecode	string	features_zonecode_section_common_title	常用	5bi455So	com.xiaoji.egggame.features.zonecode/values-zh-rCN/strings.commonMain.cvr	3
com.xiaoji.egggame.features.zonecode	string	features_zonecode_title	选择国家或地区	6YCJ5oup5Zu95a625oiW5Zyw5Yy6	com.xiaoji.egggame.features.zonecode/values-zh-rCN/strings.commonMain.cvr	4
